nep4 2 O Zr 
cutoff 6 4 97 32
n_max 8 8
basis_size 8 8
l_max 4 2 0
ANN 50 0
  1.0401146e-01
  4.8912067e+00
 -1.7387301e-01
 -2.3196151e+00
 -5.8143520e-01
 -1.3582873e+00
  1.6041030e+00
 -6.7172855e-01
 -3.1635079e+00
 -2.0694938e-01
 -1.3232036e-01
  1.7657825e-01
 -8.1413895e-01
  1.8922436e-01
 -6.0887402e-01
  1.3955186e-01
 -3.2417673e-01
 -7.5976485e-01
  1.7879324e-01
  3.2797536e-01
  6.0413498e-01
 -4.1697770e-02
  1.3659453e+00
 -4.9345160e-01
  5.4589891e-01
 -1.1075429e-01
 -7.8196043e-01
  3.8653493e-01
  3.0883792e-01
  1.5612033e-01
  5.8040267e-01
  1.0624228e+00
 -6.3890032e-02
  3.5688961e-01
  7.3651098e-02
  7.1035907e-02
 -1.3889407e-01
  8.4585480e-02
  4.3921661e-02
 -2.5822732e-01
  4.1284305e-01
  7.3838465e-02
 -2.9126415e-01
  1.0156648e-01
  1.8031955e-01
  4.5920220e-01
  3.4187734e-04
  2.0637271e-01
  2.6703715e-01
 -2.5120243e-01
  5.8505547e-01
 -4.3235764e-02
  1.3447662e-01
  5.7705492e-01
  9.6750230e-01
  1.9514174e+00
 -7.0515096e-01
 -2.9358692e-03
 -9.4099170e-01
 -2.1588490e+00
 -1.6380891e+00
  2.3827081e+00
  1.5825640e-01
 -1.1539848e+00
  5.5126613e-01
 -2.0905791e-01
 -6.8161190e-01
 -6.7083433e-02
  1.3036860e+00
  4.4265527e-01
 -8.8111407e-01
  1.3639735e-01
  3.6592233e-01
  6.3330120e-01
  8.0614674e-01
 -6.5116030e-01
 -1.6471609e-01
  1.6387503e+00
  6.9938231e-01
  1.5742639e+00
 -1.6350324e+00
 -7.8809178e-01
 -1.3379807e-02
  1.6865370e-01
  2.0620672e-01
  3.2977858e-01
  3.0342042e-01
  2.6878238e-01
  1.0478625e+00
 -2.7831507e-01
 -1.7332876e+00
  3.9903963e-01
 -1.1304662e-01
  4.9030527e-01
  5.8628714e-01
  1.2854958e-01
 -1.3772368e-01
  8.7278277e-01
 -7.0098561e-01
 -3.6702510e-02
 -5.8760956e-02
 -4.7375542e-01
  2.6344812e-01
  3.4823281e-01
 -9.8918813e-01
 -1.4964920e-03
 -1.5916070e-01
  8.1135976e-01
  1.3454319e+00
  1.4471898e+00
 -2.0004697e+00
 -1.1972510e+00
 -5.5754858e-01
 -2.9274344e+00
 -2.7425668e+00
 -1.8852021e+00
  3.6597657e+00
  3.1128895e+00
  4.0296486e-01
 -1.0430380e+00
  1.0044966e+00
  5.0970325e+00
  4.6177199e-01
 -1.1105366e+00
  1.1560904e+00
 -1.0169694e-03
  6.6028446e-01
 -6.1977631e-01
 -6.3243830e-01
 -1.4708494e-01
  2.3830585e+00
  1.1025070e+00
  1.2888834e-01
  6.2760964e-02
  1.4268756e+00
  3.0661356e-01
  4.3951776e-02
  1.8721204e-01
  4.6116948e-01
 -2.3270857e-01
  9.8237211e-01
  4.0657425e-01
 -4.2451239e-01
  1.0003083e+00
 -1.8848656e+00
 -1.8874259e+00
  6.9627208e-01
  1.3750051e+00
 -5.4841536e-01
  5.1437426e-01
 -5.0115520e-01
 -2.7900705e-01
  1.2643013e+00
 -1.2254456e-01
  3.1004894e-01
 -1.9891968e-01
  4.1105051e-02
 -3.5122976e-02
 -6.8375781e-02
 -7.4198537e-02
 -1.1696945e-01
 -2.0461246e-01
 -9.1840780e-01
 -1.8135924e+00
 -3.2353610e-01
  1.1599187e+00
 -4.5440096e-01
  8.8163167e-01
 -2.0891228e-01
 -1.5671718e+00
  4.7314212e-01
  4.0139228e-01
  5.1070671e-03
  3.0795050e-01
 -6.9647723e-01
  4.6057835e-01
  5.9104401e-01
 -7.4630553e-01
 -2.8610365e-02
 -5.0223094e-01
  1.0602685e+00
  5.5842366e-02
  1.6959249e+00
  1.6400223e+00
 -4.9397383e-02
  8.8506699e-01
 -2.6447229e+00
 -4.4344687e-01
  1.2165091e+00
  8.1073123e-01
  8.9181267e-02
 -4.6608892e-01
  4.4275347e-02
 -1.2264502e+00
  1.5970385e-01
 -4.1202131e-01
  9.3744808e-01
  2.5323603e-01
  3.1409693e-01
  2.1385989e-01
  3.8329014e-01
 -1.1333007e-01
  2.0745610e-01
 -4.2698917e-01
 -6.3746735e-02
  2.5189716e-01
  3.9502189e-02
 -1.3454321e-01
  1.4051466e-01
  2.7562931e-01
  2.0718876e-01
  9.0485060e-01
  4.5808712e-01
 -1.4001130e-01
 -2.5398400e-01
 -1.2033344e-01
 -5.9096235e-01
 -2.7046123e-01
 -1.5379463e-01
 -1.5727904e-01
 -6.1179256e-01
 -2.5635201e-01
  2.5485730e-01
 -4.6603790e-01
 -3.2130471e-01
  2.6918423e-01
 -2.4193987e-01
 -3.9280221e-01
  1.9908269e-01
 -3.2144427e-02
  3.1622257e-02
 -2.2563808e-01
  1.2031242e-01
 -1.5007477e-01
 -2.1664347e-03
 -9.1395587e-02
 -6.3937730e-03
 -8.5101657e-02
 -1.6831045e-01
  1.0953236e-01
  1.1744986e-01
 -8.7644316e-02
 -3.0127155e-02
 -3.0066414e-02
  2.2559349e-01
 -8.4466144e-02
 -8.6383425e-02
 -2.1218142e-01
  1.5544675e-03
  2.8839868e-01
 -3.6579794e-01
  1.3010314e+00
 -8.4364280e-02
 -1.7461556e-01
  1.3453844e-01
  1.6825502e-01
 -1.0790695e-01
 -2.3511250e-02
  5.1529020e-02
  2.7477297e-01
 -5.5839494e-02
  2.3295699e-01
  4.2788025e-02
  1.2143947e-01
 -7.5175464e-02
 -9.5934056e-02
 -2.5875697e-01
 -2.0680942e-01
  2.1735643e-01
 -1.7975861e-01
  7.1391773e-01
  1.6817385e-01
  5.1113963e-01
  2.4789600e+00
  7.6803528e-02
  1.0246011e-01
  7.9684079e-01
 -6.0939479e-01
  4.0891653e-01
 -1.6837128e-02
 -9.6151739e-02
 -6.1880010e-03
  1.9178462e-01
  5.4592222e-01
  8.3949703e-01
 -9.3127318e-02
  8.0228430e-01
 -3.9227971e-01
  6.3982069e-01
 -2.0711230e-01
 -4.3793548e-02
 -2.1222915e-01
  5.3386086e-01
  4.9586868e-01
 -1.7168960e-01
  1.8852104e-01
  9.7046912e-02
  1.3177592e-01
  9.6104944e-01
  2.9634696e-01
  2.2350799e-01
  6.7483723e-01
  7.9885185e-02
  7.8217521e-02
 -5.3457871e-02
 -5.6185450e-02
 -1.9938022e-01
 -3.5645358e-02
  1.1176445e-01
 -3.7192374e-02
  4.0393698e-01
 -3.0316949e-01
 -4.3876529e-01
  1.6473774e+00
  6.7739135e-01
 -2.4112880e-01
 -2.7668634e-02
 -2.8627840e-01
  3.5752591e-02
 -2.7870336e-01
 -7.7755511e-01
  1.6240971e-01
 -1.1647811e-01
  5.3468531e-01
 -3.1149474e-01
 -3.0560043e-01
  2.8172335e-01
  1.3364265e+00
 -7.1277690e-01
  1.3807739e-01
  3.1837752e-01
 -1.2425698e-01
 -7.8606820e-01
  6.2203795e-01
  1.4115147e-01
 -3.9043713e-01
  3.5803214e-02
  1.1696438e-01
  2.6458839e-01
  1.8355989e-01
 -1.4652640e-01
 -6.7986453e-01
  1.9326349e-01
  2.3603794e-01
 -3.2604840e-01
 -3.9957173e-02
  1.2184352e-01
  4.5812011e-02
 -1.5605316e-02
  6.2345387e-03
  2.2416447e-01
 -4.1428424e-02
  3.4720132e-01
 -1.1401259e-01
 -3.1398129e-01
 -7.5956088e-01
 -3.2134584e-01
 -3.6742561e-02
  3.5032874e-01
 -8.0690950e-01
 -9.8453306e-02
 -6.2633738e-02
 -1.6422170e-01
 -6.8460621e-02
  1.0313486e+00
 -5.6128007e-01
 -2.0502888e-01
  1.8693250e-01
 -2.1527046e-01
  2.4170110e-02
 -1.8475224e-01
 -7.1866758e-02
  7.8792781e-02
 -2.2431609e-01
  1.3926366e-01
  8.8288344e-02
 -1.3932815e-01
  9.1057666e-02
 -7.2878152e-02
 -2.5390160e+00
 -2.7175769e-01
 -3.1441579e+00
 -2.7415318e-02
 -5.4701120e-01
 -8.1305720e-02
  5.9387714e-02
  5.6845140e-01
  1.9661899e+00
  1.3071179e-01
  1.5007761e-01
 -3.1826708e-01
 -8.9634264e-01
  1.6955170e-01
  1.4602633e-01
 -9.0960336e-01
  8.0669690e-03
 -2.1288570e-02
  4.1311771e-02
 -4.2206209e-02
 -3.5276148e-01
 -6.6930211e-01
  7.9003876e-01
 -4.6006456e-01
 -5.8427051e-02
  1.1828994e+00
 -4.6308082e-01
 -3.8772547e-01
  1.9607593e-01
 -4.5807585e-01
 -7.8532290e-01
  1.1603554e-01
 -2.0707591e-01
 -4.5156624e-02
 -3.5514274e-01
  8.1715047e-01
  4.0794764e-02
  2.0460492e-01
  2.0779092e+00
  2.6042065e-01
 -2.1087907e-01
  7.7408422e-03
 -1.0646527e-01
  2.5291070e-01
 -2.2272160e+00
  3.1944051e-02
 -2.5415453e-01
  1.5751170e-01
 -3.7015233e-02
 -2.5092554e-01
  2.2817835e-01
  3.8506871e-01
 -2.2273174e-01
 -2.6134980e-01
 -9.4834045e-02
  1.4649452e+00
  8.5688847e-01
 -8.8174149e-02
  1.2436356e-02
  2.7231967e-01
 -6.4130342e-01
  4.7194567e-01
  1.3042100e-01
 -1.7299657e-01
 -6.9975764e-01
 -2.0922160e-01
 -3.5386541e-01
 -2.3240866e-01
 -7.0199811e-01
  7.4694848e-01
  6.1428112e-01
 -1.1342738e-01
 -5.4629385e-01
 -4.7239882e-01
 -4.6186540e-01
 -2.3794837e-01
 -7.2889656e-02
  4.8055446e-01
 -1.3051015e-01
 -4.2769107e-01
  4.1528583e-01
 -7.4206786e-03
 -2.6248243e-01
 -7.2956197e-02
 -7.1502164e-02
 -3.4135079e-01
  3.7788339e-02
  5.8923179e-01
 -6.6737109e-01
 -2.9563373e-02
 -4.1116801e-01
 -3.0241966e-01
 -3.1079966e-01
 -2.2595674e-01
 -3.4272698e-01
  2.8542405e-01
  9.5423788e-01
 -5.0744551e-01
  1.0664623e-01
 -8.0632053e-02
  3.0335143e-01
 -2.8060892e-01
  2.6983866e-01
  2.3472527e-01
 -2.9301846e-01
 -1.5933767e-02
 -1.1204865e+00
  1.5033844e-01
 -3.6890095e-01
 -6.1631846e-01
  7.7435845e-01
  1.1533181e-01
 -4.8597613e-01
  2.2577640e-01
 -6.0903406e-01
  7.6197915e-02
  5.4764497e-01
 -3.3272702e-01
 -3.4139940e-01
 -9.7805128e-02
  8.3000857e-01
 -3.8068309e-01
 -8.7298083e-01
 -1.4328539e-01
 -3.6986765e-01
  7.5241470e-01
  5.7082035e-02
 -2.1210337e+00
  4.0971309e-01
  5.5146605e-01
  1.7631862e-01
 -1.4963249e+00
 -2.1590683e+00
  5.7664138e-01
 -3.6161074e-01
  4.1897386e-01
 -1.9337664e+00
  7.3837441e-01
  6.5831798e-01
  1.6009647e+00
 -1.1153700e+00
 -3.7427860e-01
 -2.7869318e-02
  7.8476638e-01
  1.8611991e-01
 -2.7402115e+00
  5.6425756e-01
  8.3053648e-01
  1.0651611e+00
 -2.0242834e+00
 -5.5101979e-01
  6.1079192e-01
  2.8454083e-01
  6.4174473e-02
  2.9359505e-01
  1.8515362e-01
 -2.9946163e-01
 -3.7982743e-02
  1.0943668e-01
 -5.6879359e-01
 -3.6287427e-01
  1.3108872e+00
  2.0997171e+00
  6.2034637e-01
  1.2539123e+00
  2.3027375e-01
 -3.2730755e-01
 -6.8737614e-01
  1.1387511e+00
  8.7015152e-01
 -5.2689093e-01
 -2.6489255e-01
 -6.4185101e-01
 -4.2486930e-01
 -2.8628069e-01
  5.9700495e-01
 -1.3170496e+00
  4.9688861e-01
 -1.0665365e-02
  8.4400755e-01
  3.8859987e-01
 -1.8934568e+00
  2.2151004e-01
 -3.1972472e-02
  4.4917741e-01
 -8.0856931e-01
  1.4879879e-01
  2.4779280e-01
  2.3615643e-01
 -3.5017446e-01
 -1.5161715e+00
 -3.6495760e-01
 -2.5895047e-01
  5.5618936e-01
 -7.0491165e-01
  1.4830351e-01
 -4.9749154e-01
  9.2183530e-02
  4.9974238e-03
 -9.4286990e-01
 -1.9716217e-01
 -5.0577062e-01
  5.0616015e-02
  1.9173746e-01
  1.9065516e-01
 -1.3690090e-01
  1.5021488e-01
  1.9320749e-01
 -2.5450042e-01
 -9.5059253e-02
 -2.1856207e-01
  3.4545213e-01
 -2.8810430e-01
  3.3739448e-02
 -4.3738306e-01
 -1.6630509e-01
  6.5425135e-02
  1.2350200e+00
  6.7360616e-01
  1.3293280e-01
  1.1290352e+00
  5.1207781e-01
  6.6309512e-01
 -1.2529989e+00
  8.6833370e-01
 -9.8603964e-02
  3.7273610e-01
  6.7680085e-01
  5.6552964e-01
  3.5087687e-01
  5.8764690e-01
  4.8059335e-01
 -8.1530362e-02
  1.7478065e-01
 -1.4894903e-01
  8.0509461e-02
 -8.0772257e-01
  1.9555326e-01
  1.2301326e-01
  3.4147713e-01
 -5.2868817e-02
  1.3530591e-02
 -6.8968944e-02
  3.3601290e-01
  1.6242649e-01
 -4.5323557e-01
 -3.6321759e-01
  8.0841351e-01
 -2.9833701e-01
  1.7612676e-01
 -3.1864369e-01
 -1.9085687e-01
  3.6459723e-01
  5.4866529e-01
 -2.4231614e-01
 -1.7298920e-01
  7.0486784e-01
  3.6184251e-01
  2.0879416e-01
 -3.2828122e-01
  4.5404312e-01
  2.4215646e-01
  4.1515872e-01
 -4.4494286e-02
  1.4108187e+00
  2.8899720e-01
 -1.6161276e-01
  9.6227355e-02
  1.5695256e+00
  2.3191769e+00
  1.8686651e+00
 -4.8532799e-01
 -1.1815296e+00
 -7.4197507e-01
 -1.9654855e+00
 -1.4533193e+00
  3.3511782e+00
 -1.3180785e+00
 -3.5477277e-02
  9.5866650e-01
 -6.6493876e-02
 -7.3132944e-01
 -1.9415192e-01
  1.0517652e+00
  1.3281626e+00
 -5.6903946e-01
 -4.9804786e-01
  7.3079281e-02
  2.4533765e+00
 -1.2155339e+00
  2.8453118e-01
  8.7249970e-01
 -5.9164006e-01
  1.0765799e+00
 -4.0840760e-01
  2.1818576e+00
 -1.4822853e+00
  1.7355354e+00
 -3.5731566e-01
  1.4013034e+00
  7.4028033e-01
  1.9600166e-01
  8.7780677e-02
 -1.3383633e+00
 -7.6816308e-01
 -7.7087778e-01
  8.2018025e-02
  2.2388856e-01
  6.6301614e-01
 -9.0683341e-02
  5.5639315e-01
  8.8721663e-01
  4.6760836e-01
 -5.2700722e-01
 -4.8622647e-01
 -4.8475325e-01
  5.2719235e-01
 -6.4176339e-01
 -1.0513076e-01
 -6.7887908e-01
  1.4389086e-01
 -3.2928765e-01
  3.2612783e-01
  4.1484580e+00
  1.8263285e-01
 -2.2263332e-01
  5.0139332e-01
  6.5620884e-02
 -2.9195851e-01
  1.6667907e-01
 -2.5666353e-01
  4.3741649e-01
 -7.8579509e-01
  8.4755220e-02
 -4.7640318e-01
 -3.8435975e-01
 -4.3038204e-01
 -4.2647120e-01
  9.8420680e-02
 -1.6614838e-02
 -9.1993004e-01
  3.2771894e-01
  2.2506812e-01
  1.1036561e-01
 -5.6471147e-02
 -2.5775686e-01
  6.7460686e-02
  1.4801964e-01
  5.0049424e-02
  6.6064604e-02
  6.3244939e-02
 -1.3064335e-01
  1.8045269e-01
 -8.9563847e-02
  1.9781226e-01
 -6.9280185e-02
  1.9758062e-01
 -6.8840059e-03
  2.1141876e-01
  1.8266240e-01
 -1.1426465e-01
 -1.4620432e-01
  7.7511311e-01
  1.7128625e+00
  9.3804799e-02
  9.2323143e-03
  1.0544084e-01
 -4.3856362e-01
  1.7274155e-01
  3.1777850e-01
 -1.1255858e-01
 -1.4004874e-01
  1.4418910e-01
  2.8745592e-02
  5.3046744e-02
  2.9976046e-01
  3.3050206e-02
  7.2645083e-02
 -2.1682141e+00
 -1.9917520e+00
  3.1336870e+00
 -1.8337034e+00
  3.4405443e-01
  8.6315918e-01
 -2.6072321e+00
  2.0985658e+00
  6.4608175e-01
 -2.0058607e-01
 -4.5168033e-01
  1.1647294e+00
 -5.5539900e-01
 -2.9610634e+00
  1.8235323e-01
  4.7703955e-01
  1.4224267e+00
 -1.1179169e+00
  1.6592875e-02
 -6.4746505e-01
  2.9904521e-01
 -1.9869707e+00
  7.0484608e-01
  1.1975177e-01
  3.0966204e-01
 -4.1548175e-01
  1.0928552e-01
 -1.2157272e-01
 -6.8779027e-01
 -4.8305780e-01
 -4.4015679e-01
 -1.8340912e-01
  4.1532111e-01
  1.0339025e-01
 -2.5623474e-01
  3.9233446e-02
 -2.4172211e-02
 -4.3921724e-01
 -6.0398102e-01
  4.3598226e-01
 -6.1866432e-02
 -1.6707814e-01
  5.5984539e-01
 -6.6381121e-01
 -1.3203363e-01
 -5.5008166e-02
  5.7742231e-02
 -3.0630705e-01
 -5.9022146e-01
 -1.8902515e-01
  1.0822058e-01
 -3.6221412e-01
  1.0897345e-01
 -8.9980856e-02
 -2.7443984e-01
  1.2050842e-01
 -3.8703451e-01
  8.4011614e-01
 -8.6351320e-02
  1.0749400e-03
  3.1628302e-01
  1.2120918e+00
 -4.2364802e+00
 -8.1144370e-02
  2.2985642e-01
  3.2278827e-01
  4.5973054e-01
  3.8616583e-01
 -1.8934077e-01
  1.7321089e-01
  4.5610449e-01
  5.3787719e-02
 -3.6600935e-01
  2.1405460e-01
  3.1293496e-01
  5.5557996e-01
 -5.4366689e-02
  2.7258703e-01
  2.0394741e-01
  2.8977172e-02
  1.2428343e-01
  6.5982389e-01
  3.2551554e-01
  1.3373955e-01
 -7.3199823e-02
  6.8744287e-02
 -6.7393392e-02
 -3.8123712e-02
  3.8227122e-02
 -1.4986953e-01
  2.3295845e-01
  3.5850379e-01
  1.1851214e-02
 -2.8040999e-01
 -8.7627366e-02
 -9.2961669e-02
  1.4468583e-01
 -8.0265976e-02
 -1.1202008e-01
  9.7278990e-03
  2.7501899e-01
  3.6740713e-02
 -1.9996673e-02
  1.5987074e-01
  2.3219979e-01
 -2.0783997e-01
  3.6597684e-02
 -7.4011940e-01
 -1.5537432e+00
  3.4573627e-01
 -9.0829128e-01
  9.4002509e-01
  6.3392019e-01
 -1.2587811e+00
 -1.8845890e-01
 -7.3121291e-01
  2.2464880e-01
 -2.1775608e-01
 -5.0859350e-01
  2.1421012e-01
  5.4322559e-01
  2.1779260e-01
  6.3525118e-02
 -2.3264547e-01
 -9.4224356e-02
  4.8770693e-01
  1.8314014e-01
 -5.1094341e-01
  5.8238525e-02
  4.3001285e-01
  2.1841669e-01
  7.1166322e-02
 -2.4682733e-01
 -2.4170880e-01
 -5.5062413e-02
  1.7665894e-01
 -4.3346295e-01
  4.6582684e-01
 -2.7148342e-01
  2.7151744e+00
 -3.0440081e-02
 -1.9964895e-01
 -3.3900800e-01
  2.7671522e-01
 -5.6694604e-02
  1.9471850e-01
 -1.8562284e-01
  1.0155785e-01
  3.0873525e-01
  2.6103061e-01
 -1.2214946e-01
  7.1113384e-01
  5.3185478e-02
 -5.5521584e-01
  3.9585546e-02
 -1.2355594e-01
 -2.6278570e-01
 -1.2644368e-01
 -6.1852336e-03
 -2.5263926e-01
 -7.8478873e-02
  1.6417181e-01
 -3.0051558e+00
 -1.5244995e-01
  6.2373650e-01
 -5.9813654e-01
 -5.9266305e-01
  1.7311234e+00
 -1.4542699e+00
  4.9375424e-01
  3.6089468e-01
 -5.0724041e-01
 -5.3162992e-01
  7.6798871e-02
  2.5284791e-01
 -2.4267541e-01
 -1.1374185e-01
  5.7542235e-01
 -2.7163520e-01
 -3.5615176e-01
 -2.4331574e-01
 -5.4477364e-01
  3.3136360e-02
  4.3915918e-01
 -8.7453312e-01
  1.3450332e-01
  3.4804946e-01
  3.3540389e-01
  3.0466729e-01
  2.4762517e-01
  1.6334529e-01
  2.1743408e-01
  1.7102611e+00
 -5.2198279e-01
 -2.1985273e-01
  9.1341299e-01
  3.9803556e-01
  7.3303264e-01
  4.7963327e-01
 -3.6626935e-01
  2.8518522e-01
  6.4780557e-01
 -3.9039802e-02
 -3.1294203e-01
  3.0021802e-01
 -4.1294667e-01
  4.3225548e-01
  1.3310075e-01
 -1.6137160e-01
  7.0509836e-02
 -5.2826560e-01
  5.2296907e-01
  5.6981817e-02
  1.1996707e-01
 -7.4543394e-03
 -1.1468508e+00
 -2.7951345e+00
 -9.3657124e-01
 -1.2561816e+00
 -2.9158990e+00
  6.6082132e-01
 -2.2199538e+00
  8.1725669e-01
 -5.8453918e+00
  8.5237011e-02
 -7.5578973e-02
 -1.6625803e+00
  2.4500085e-01
 -3.6196845e+00
  1.0408761e-01
 -1.3898281e+00
 -1.7591952e-01
  8.5694480e-01
  5.4147301e+00
  6.2640423e-01
 -1.0068617e+00
  1.9377009e+00
 -3.2688539e+00
  4.7244003e-01
 -1.0003231e+00
 -1.1274148e+00
  5.5286396e-01
  3.3351071e+00
 -1.5111437e+00
  3.6198968e-01
  8.1624943e-01
 -1.6434971e+00
  4.6122584e-01
 -3.7234592e-01
  6.1301535e-01
 -1.9696374e+00
  3.0680137e+00
  4.0348825e-01
  5.7249540e-01
 -8.0392593e-01
 -1.2356102e+00
  9.5352006e-01
 -1.3227777e+00
  6.3473624e-01
  2.2195122e-01
 -1.5033079e+00
 -3.0066338e-01
 -1.6711047e-01
 -3.3984652e-01
 -3.0911782e-01
 -4.1344252e-01
  1.5031895e-01
 -2.8314266e-01
  3.4850293e-01
 -1.0854080e+00
 -3.3460610e+00
  1.2958494e+00
 -2.1673570e+00
 -1.1736450e+00
 -6.7886852e-02
 -5.4556936e-01
 -4.4044393e-01
 -2.0029879e+00
  1.3705678e-01
  3.6921993e-01
  1.0835165e+00
  3.6482504e-01
 -1.1384176e-01
 -9.5618033e-01
 -2.0225480e-01
 -5.4396246e-02
 -1.3135891e-01
  1.6322308e+00
  7.8660983e-01
 -1.7731875e+00
 -4.4152454e-02
  8.0673009e-01
  3.8567600e-01
 -4.5297062e-01
  5.7986371e-02
  6.7388940e-01
  9.9074787e-01
  4.2932063e-01
 -6.8887252e-01
  3.2165250e-01
  1.4468236e+00
 -2.0739435e-01
 -2.3827036e-01
  8.9118373e-01
  1.9004275e+00
  1.3915124e+00
  9.9950868e-01
  3.0354136e-01
  1.4081801e-01
  9.9166685e-01
  1.3373594e-01
 -4.9179260e-02
 -2.1124358e-01
  8.2236797e-01
 -7.7464439e-02
 -1.5692993e-01
 -1.0040575e-01
  1.2478388e-01
  1.1328760e-01
 -2.5642169e-01
  4.0692043e-01
 -1.2792381e-02
 -3.4111789e-01
  5.3805959e-01
  1.8569695e+00
 -3.8205662e-01
  1.0132288e+00
  6.8159187e-01
  2.5602326e-01
  1.1139306e-01
 -3.4913191e-01
  2.5535643e+00
 -1.0406417e+00
 -3.4177385e-02
 -5.1994037e-02
 -6.8615997e-01
 -1.7834350e+00
 -8.0713175e-02
  1.3783890e-01
  1.3652169e+00
  4.8053229e-01
 -1.5268210e+00
 -1.7177366e-02
  4.3850178e-01
  2.9665601e-01
  3.9518289e-02
  4.4434503e-02
  1.3938223e-01
  2.8833038e-01
 -4.2983237e-01
 -3.7173930e-01
 -1.0312902e-01
 -3.5677984e-01
 -3.1923825e-01
 -3.0484861e-01
 -2.9800472e-01
  4.9501203e-02
  7.1877345e-02
 -8.5664220e-02
 -1.0380359e+00
  8.7257013e-02
  3.6069773e-02
 -8.0765671e-01
 -4.4896176e-01
 -7.2453272e-01
  2.1668315e-02
  4.3264985e-01
 -7.4026436e-01
 -5.3763914e-01
  2.8816709e-01
  2.3376948e-01
 -1.6811292e-01
 -2.7246380e-02
  2.0770283e+00
 -2.1517539e-01
 -3.5899711e-01
 -2.7216613e-01
 -6.3208438e-02
 -4.4012332e-01
  8.7958157e-02
 -5.7507479e-03
  2.0133269e-01
  3.0601081e-01
  6.5602250e-02
  2.3612235e-01
 -2.2660369e-01
 -1.3098581e-01
 -3.8819772e-01
  3.5667157e-01
  1.4454654e-01
  3.7961045e-01
 -2.6555738e-01
  1.4101167e-01
  3.3013812e-01
  3.7999693e-03
  4.3363936e-02
 -4.9736153e-02
  1.7936507e-01
  2.4371146e-01
  1.2678242e-01
  3.0584767e-02
  1.1239710e-01
  2.5229797e-01
 -1.3469107e-02
  1.4378956e-01
 -2.5031275e-01
 -1.6644250e-01
 -2.3733677e-02
 -1.0570046e+00
  4.3848363e-01
 -1.7883955e-01
 -8.3611786e-02
  9.5339842e-02
 -2.5991350e-01
  2.1738227e-01
 -1.2415142e-01
  1.4714666e-01
 -3.9957598e-01
 -2.5229581e-02
  5.8860417e-02
  2.2000585e-01
  1.7265436e-01
 -1.3328371e+00
 -2.3616019e-01
 -1.3006806e-01
  3.4630116e-02
 -1.0094652e-01
  1.9220505e-02
  2.8716892e-01
  2.1906540e-01
  2.2926071e-01
 -3.7794450e-01
  5.9207362e-01
 -4.6726280e-01
 -3.7282944e+00
 -4.8007175e-01
 -1.1754890e-01
  2.9882810e-01
  1.1736362e+00
 -4.0009841e-01
 -1.0473175e-01
  2.7113073e-02
 -1.2194134e-02
 -2.4112248e-01
  6.0929023e-02
 -1.5259740e-01
  6.3854128e-02
  1.0470569e-02
 -2.4100214e-01
  1.7286559e+00
 -3.2260650e-01
  1.5593873e-01
 -2.4537109e-03
 -3.3554915e-02
 -4.8099884e-01
 -4.9346590e-01
 -5.4634821e-01
 -1.9081526e-02
 -3.6619995e-02
 -3.4795946e-01
  9.4360244e-01
  3.5697231e-01
  1.9567847e-01
 -3.4933802e-02
 -1.8325123e-01
 -8.7954374e-03
  4.8799863e-01
  1.1623193e+00
  1.9640249e-01
 -4.3880546e-01
 -8.1406429e-02
 -1.4930740e-01
 -2.3889664e-01
 -2.8084423e-02
 -1.9615334e-01
 -5.5971140e-01
 -2.0444700e-01
 -7.7712297e-02
  8.2823541e-04
 -1.5162972e-01
  1.9986197e-01
 -1.0327792e-01
 -8.5917063e-02
  1.9679543e-01
  1.3280196e-01
 -7.9163849e-01
  1.6737385e-01
 -7.7259654e-01
  5.7446641e-01
 -2.5975807e+00
  3.2276831e+00
 -3.4779117e+00
  2.6096514e-01
 -3.2807035e+00
 -3.0245513e-01
  3.7505651e-01
  2.0463066e-02
  8.5914999e-01
  3.7725139e-01
 -1.3110850e+00
 -9.9884599e-01
 -2.6268241e-01
 -5.8628213e-01
  1.2938705e-01
 -5.6556809e-01
 -6.1744404e-01
 -1.4913656e-01
 -8.7624031e-01
 -1.2689079e-01
 -6.4931089e-01
 -7.8553408e-01
  9.6234828e-01
 -1.5582713e+00
 -7.0470065e-02
  3.9045283e-01
  3.5680905e-01
 -5.3431720e-01
 -3.7932518e-01
  1.2197975e-01
  3.5585657e-01
  5.5048388e-01
 -1.7682662e+00
 -1.0728836e+00
  1.3118082e+00
  1.8843314e-01
  8.1865996e-02
 -1.3108668e-01
 -2.7971137e-01
  2.7482101e-01
 -8.1678843e-01
  1.0803243e+00
 -3.3775875e-01
  7.2181976e-01
 -5.3913546e-01
  4.2112622e-01
 -3.3593777e-01
  2.8229859e-01
  2.7601182e-01
 -4.7439802e-01
  1.1281491e-01
 -2.6599582e-02
  2.6816702e-01
 -1.7395169e+00
 -1.0990189e+00
 -3.1045601e+00
  2.3447008e+00
  3.1380332e+00
 -1.3068300e+00
 -6.0804540e-01
 -3.4007123e-01
  9.5701241e-01
  1.0512706e+00
 -2.1638601e+00
  2.8153649e-01
 -4.8219728e-01
  4.5119438e-01
  6.5145963e-01
  1.0776727e+00
  9.1766673e-01
  1.5738360e+00
 -9.3634915e-01
  6.3842922e-01
  9.8086998e-02
 -5.5935723e-01
 -3.1540246e+00
  2.5680920e-01
  1.1985111e+00
  5.7251590e-01
  3.8932920e-01
 -7.2232199e-01
  3.0367136e-01
  1.2499151e+00
  1.3029790e-01
  3.6209278e-02
 -4.6171457e-01
  2.6849037e-01
 -1.4287469e-01
  1.3449821e+00
 -6.6900766e-01
  3.3668971e-01
  1.0554481e+00
 -1.8782759e-01
  8.0248824e-04
 -5.3895330e-01
 -4.3061465e-02
 -2.7180573e-01
  1.2939975e+00
  1.0939778e-02
 -2.9522032e-01
  3.4913906e-01
  2.0300084e-01
  5.9007417e-02
 -5.8133002e-02
 -1.9204134e-01
 -4.1039512e-01
 -2.4030848e-01
 -2.9177025e-02
  2.8784564e-01
 -8.2891740e-02
  2.1753268e-01
  3.3368886e-01
 -4.7690350e-01
 -6.8127185e-02
  2.4876507e-01
  2.9935613e-01
 -3.5252392e-01
 -4.0075698e-01
  1.3436124e-01
  3.3196610e-01
 -3.6903310e-01
 -5.7466134e-02
 -4.5003507e-02
 -1.3052598e-01
  2.3604853e-01
  6.2546030e-02
  5.5873621e-01
 -3.1678805e-01
  1.2916344e-01
 -7.4358374e-02
 -4.6834290e-01
 -2.4370503e-01
 -6.3632393e-01
  4.3109769e-01
  5.4322791e-01
 -1.6395567e-01
 -4.0750410e-02
 -1.7013359e-01
 -1.5050210e-01
  4.6858868e-01
  3.9678279e-02
  3.9852703e-01
 -5.7166744e-02
  3.0762836e-01
  2.0792784e-01
 -5.6586295e-02
 -7.2765350e-01
 -2.7145237e-01
 -7.3068596e-02
 -2.1692148e-01
 -2.4402630e-01
  2.0788114e-01
 -4.4921175e-02
  5.0025117e-01
 -5.7463530e-02
 -1.4554870e-01
 -5.9538260e-02
 -3.0059921e-02
 -1.4343396e+00
 -6.3847160e-01
  1.4955211e+00
  8.7065297e-01
  1.4326452e-01
  6.1011130e-01
  4.7507063e-01
 -6.6686296e-01
 -4.1356373e-01
 -2.6067087e-01
 -7.8727371e-01
 -1.5268150e-01
  5.9032917e-01
 -1.3156989e+00
  1.1437509e+00
 -1.5854486e+00
  2.4563083e-01
  2.9269424e-01
 -2.2934400e-01
 -3.8015169e-01
 -3.0684096e-01
  8.6205554e-01
  1.1430113e+00
  1.4931825e-01
  1.5653193e-01
  4.5118472e-01
  6.4506508e-02
  2.1032403e-01
 -4.7855824e-01
 -1.9441113e+00
  2.8857129e-02
  5.5791199e-01
  2.1881030e-01
 -2.4208008e-01
  2.6771974e-02
  7.0547563e-01
 -6.7253262e-01
  2.3819961e-01
 -1.0069345e+00
  2.4973552e-01
  9.8437494e-01
  3.0748579e-01
 -1.0179866e-01
 -2.0817037e-01
  2.7589184e-01
  1.2811954e-01
  1.6536346e-01
 -5.7367235e-01
  1.6233139e-01
 -9.9487609e-01
 -1.2692661e-02
  2.6431316e-01
  4.1526919e-03
  1.6560996e-01
  2.3904085e-01
 -3.1589884e-01
 -2.6062500e-01
 -2.4545019e-02
  5.0401282e-01
  1.3602020e-01
 -5.2249283e-01
  2.2895497e-01
 -1.2296688e-02
  2.0152985e-01
  3.5743046e-01
 -1.8607713e-02
 -1.4027170e+00
 -1.0855216e-01
 -2.5819206e-01
 -8.5312232e-02
  1.8610348e-01
  2.9115480e-01
 -5.8772989e-02
  7.9390794e-02
 -3.8974475e-02
  4.7016650e-01
  3.0033562e-02
  2.6027703e-01
 -2.6064301e-01
  1.9126728e-01
 -1.8519987e-01
  1.1149197e-01
 -1.1359985e-01
  6.2373843e-02
 -1.7298776e-01
  5.0637615e-01
 -1.1058999e-01
  1.9139074e-01
  1.7802607e-01
  1.7968129e-01
  3.5477862e-01
 -1.9518100e-04
  4.2527582e-02
  1.4873794e-01
 -3.9270309e-01
  2.6392679e+00
  2.2504812e-01
 -2.2326174e-01
  3.7920755e-01
 -3.9580025e-02
 -1.3639365e-01
  6.8273380e-02
 -1.0900063e-01
 -1.7367955e-01
 -1.7372841e-01
  1.0509048e-01
  7.0649713e-02
  5.6642894e-02
 -1.3694976e-01
  3.4400743e-01
 -2.0769812e-01
 -4.9941212e-01
  3.7847421e-01
  2.3941289e-01
  8.9903659e-01
 -9.2028391e-01
  9.8927575e-01
  4.8811102e-01
 -2.9045081e-01
 -1.8062580e-01
 -5.7691449e-01
  5.9402281e-01
  1.0314394e+00
 -8.7340009e-01
  5.6771910e-01
 -1.2368481e+00
  5.0296664e-01
  3.0313620e-01
 -2.5573596e-01
  3.4205970e-01
  5.9238791e-02
  4.8629548e-02
  4.5712076e-02
 -1.7962328e-01
 -1.0296152e+00
  1.6273795e-02
  3.5704947e-01
 -1.5388609e-01
 -9.3387544e-02
  4.9211565e-01
  8.0287546e-02
  3.9504343e-01
  3.4458372e-01
 -2.0767640e-02
 -5.9934860e-01
 -2.2523709e-01
  1.5236798e-01
 -4.2292708e-01
 -2.3798110e-02
 -2.6402649e-01
  1.8006136e-01
  3.8231957e-01
  2.1702477e-01
  3.4866166e-01
  1.0828573e-01
  5.3132445e-02
  1.1143018e-01
 -2.6391438e-01
  9.9276841e-02
 -5.6742229e-02
 -2.1338147e-01
  1.4434494e-01
  2.4754620e+00
  1.6384606e+00
 -9.8023683e-02
  6.9096875e-01
 -5.0150968e-02
 -2.2130413e+00
  2.0537393e+00
  3.7047170e-02
  1.5508306e+00
  9.4680130e-02
  8.9302498e-01
  1.1819609e+00
  4.1586795e-01
  2.1107638e+00
  1.4230251e-01
 -1.1318655e-01
  1.4259177e-04
  5.2014732e-01
 -8.6291981e-01
 -8.3454706e-02
  1.5034053e+00
  5.7243663e-01
  2.2119148e+00
  1.6520537e-01
 -3.3177566e-02
 -8.2707757e-01
 -4.5694980e-01
  1.4559393e+00
  2.9860121e-01
 -1.9119249e-01
 -1.4560837e-01
  2.5903824e-01
  1.2725981e+00
  1.4075300e+00
 -1.0617728e+00
  1.3863753e+00
  6.2450683e-01
  9.7330433e-01
 -9.7186601e-01
 -1.0546098e+00
 -1.3766152e-01
 -3.6750546e-01
  1.6162382e+00
 -1.2675157e+00
  2.1263492e+00
 -3.4908426e-01
 -5.0363386e-01
  3.5842618e-01
  1.7878437e-01
  1.5839320e-01
  1.3865015e-01
 -6.2719576e-02
 -1.9759551e-01
 -2.4648131e-01
 -4.1512409e-01
 -1.7195287e-01
  5.5306262e-01
 -1.9798802e-01
  9.5238465e-01
  1.7462114e-02
 -6.9790739e-01
  2.0659306e+00
 -4.5741010e+00
 -1.9929794e+00
  2.5307980e-01
 -4.5122311e-01
 -3.7098598e-01
 -1.3686678e+00
  1.4644372e+00
  1.0152649e-01
  2.3241863e-01
  1.5767241e+00
 -7.4196689e-02
 -5.2094609e-01
  6.2258456e-02
  4.2547107e-01
  3.3800444e-01
  7.5477451e-01
  7.8463219e-02
  8.0945694e-01
  6.9443740e-02
 -5.5002823e-02
  1.2656009e-01
  6.8295079e-01
 -4.7670221e-01
  8.9592916e-01
 -2.4547270e-01
  9.7941256e-01
  1.0866934e+00
  3.1028157e-01
  4.5259950e-01
  2.0163938e-01
 -4.6865270e-01
 -2.8686982e-01
  2.2885244e+00
  3.7570983e-01
  9.2211455e-02
  2.6366189e-01
 -3.9618063e-01
  5.0264871e-01
 -2.4027678e-01
  3.1296027e-01
 -1.3262400e-01
 -6.9941920e-01
 -3.9471960e-01
  1.2150683e-01
 -5.2493358e-01
 -2.2797400e-01
 -4.8072320e-01
 -1.0870387e-01
  5.1706743e-01
  1.5428038e-01
  2.6711431e-01
  6.0004896e-01
  1.6037606e+00
  4.6781096e-01
  5.9538428e-02
  6.6916853e-01
 -4.3072975e-01
 -2.4829866e-01
 -8.9386709e-02
  9.0321347e-02
 -1.5945023e-01
 -9.8635711e-02
  1.0677952e-01
 -1.1062923e-01
  4.2828266e-02
 -2.9409971e-02
 -1.8282068e-01
 -3.2029098e-01
  4.5589484e-02
  1.5415037e-01
  1.8405882e-01
 -1.9578148e-01
  2.5293961e-01
  8.1227764e-02
 -2.8612176e-01
  2.6370072e-01
  2.3689505e-01
 -9.0600967e-02
 -2.7050725e-01
  1.2436914e-01
 -7.3629223e-02
 -3.8385384e-02
  2.4671908e-01
  1.6600756e-01
  1.4439553e-01
  2.2283739e-01
 -1.2488149e-02
 -5.9594247e-02
  1.9220628e-01
  1.0641280e-01
  2.1227643e-01
 -4.5707926e-02
  3.0420792e-01
 -4.8879139e-02
 -5.6352623e-02
  1.9823732e-02
 -2.9853869e-02
 -9.8177455e-03
  2.1835691e-01
  5.7978339e-02
 -9.5360674e-02
  1.8840836e+00
  3.4318614e-01
 -7.2138447e-01
 -2.8823605e-01
  4.7065648e-01
  2.6292390e-01
 -2.2294691e+00
  1.6809060e-01
 -1.0643023e+00
 -3.3164367e-01
  1.6978374e+00
  2.3059474e-01
  1.0731275e+00
 -1.8892254e+00
 -4.6433118e-01
 -3.8810059e-02
 -1.5524362e+00
  1.0772951e+00
 -4.2916599e-01
  4.3730250e-01
  7.7978253e-01
  4.8973298e-01
  5.4844642e-01
  1.3781694e-01
  1.3336053e-01
  9.7503537e-01
  2.1360785e-01
  1.5910806e-01
  4.2274284e-01
  5.4148342e-02
  9.4904029e-01
  7.6288447e-02
  1.6430365e-01
  9.8373175e-02
  5.2579635e-01
 -1.9035630e-01
 -5.4737948e-02
  1.4060543e-01
 -2.4615800e-01
 -2.4175134e-01
 -3.5433927e-01
  1.5381388e-01
 -2.0765255e-01
 -1.6406390e-01
  2.7153727e-01
 -1.4727316e-03
  1.9030795e-01
  5.1714554e-02
  7.1734303e-01
  5.7770189e-02
  1.1191786e-01
 -1.1693756e-01
  2.9030514e-01
  8.3432525e-01
  2.0757289e+00
 -6.8379247e-01
  4.3817252e-01
 -1.8942831e+00
 -7.8205645e-01
  1.6063162e+00
  6.0880847e-02
  1.0209883e+00
 -1.5608506e-01
 -2.5954172e-01
  7.9193562e-02
 -3.3787632e-01
 -9.4363141e-01
 -4.6062088e-01
 -2.6198781e-01
 -1.1540082e+00
 -3.7878633e-01
 -6.6941828e-01
 -1.5843284e-01
  1.0605794e+00
 -3.8145372e-01
  6.8692988e-01
 -9.7870213e-01
 -3.1816188e-01
  2.0059255e-01
  3.2792740e-02
 -9.9993408e-02
 -3.1472105e-01
  1.1003163e+00
 -1.9725855e-01
  7.8865355e-01
  1.2590523e-01
  6.4501733e-02
  1.3050637e-01
  1.5806647e-01
 -3.2067841e-01
 -1.8329483e-01
 -7.4112341e-02
 -1.6552369e-01
 -5.1039332e-01
 -2.4383192e-01
 -4.7872922e-01
  1.7924704e-01
 -1.5540251e-01
  1.5067163e-01
 -1.4048703e-02
  1.1956768e-01
  3.6291802e-01
 -9.2031628e-02
  2.9348412e-01
  1.5419774e-01
 -1.1499454e-01
  2.2385080e-01
  1.3040512e+00
  1.1156256e+00
 -2.3943334e+00
  7.2445220e-01
 -2.0428000e-02
 -1.8879980e+00
 -3.1631236e+00
 -2.4389737e+00
 -1.2237417e+00
  3.0143413e-01
 -8.8582039e-01
 -1.2122649e+00
  5.0190204e-01
  1.8236129e+00
  7.2326913e-02
 -5.1065553e-03
  1.0478642e+00
 -3.5330334e-01
  4.4591814e-01
 -1.4605530e-01
 -1.6646470e-01
  1.2838188e+00
  1.5373824e+00
  4.2562100e-01
  2.2164665e-01
  3.4377348e-01
  3.3990633e-01
 -6.3915271e-01
 -1.1607724e-01
 -8.8710535e-01
 -3.6391735e-01
  7.9005277e-01
  2.4963422e-01
  1.8403083e-01
 -8.0258749e-02
 -2.3718341e-01
 -1.2273053e+00
 -1.0060218e-01
  1.1555690e-01
  2.0070481e-01
  7.3529321e-01
  4.9810338e-01
 -3.3432034e-01
  3.1773847e-01
  6.7337716e-01
  1.6342999e-02
  3.7442118e-02
 -3.5465932e-01
  4.1988663e-02
  8.4176026e-02
  6.7302629e-02
  2.0957294e-01
  4.9125493e-02
  2.0882650e-01
 -5.8859080e-01
  9.7172976e-01
  3.8641685e-01
  3.3295587e-01
 -1.3912339e+00
  2.1233270e-01
 -1.3333993e+00
 -2.7992409e-01
  1.4766643e+00
  3.6610693e-01
  1.6600927e+00
  6.8992680e-01
  2.7654016e+00
 -7.8949898e-01
  1.2167480e+00
 -8.5462463e-01
  5.5058891e-01
 -1.7281930e+00
  9.2172539e-01
  4.8468682e-01
 -1.7105189e-01
 -6.0667694e-01
 -3.8987365e-01
  1.3539389e+00
  9.3815190e-01
 -6.1597240e-01
  1.0043786e-01
  3.9762104e-01
 -1.3514204e+00
  1.9757082e-01
 -6.1502630e-01
  3.2411346e-01
  8.2588887e-01
  9.7557783e-01
  1.3018334e+00
  3.6740318e-01
  8.9085758e-01
 -4.4930187e-01
 -6.3110358e-01
 -6.2729120e-01
  5.2807683e-01
 -1.1424124e+00
  1.5868369e+00
 -3.3850399e-01
  8.3748907e-01
 -8.6044198e-01
 -9.6832797e-02
  5.7574028e-01
 -3.1876676e-03
 -4.1293007e-01
 -3.5149464e-01
 -7.3993516e-01
 -2.9827929e-01
 -2.1512067e-02
  1.0067592e-01
  2.8037149e-02
 -2.7959111e-01
 -1.9405495e-02
  4.1291034e-01
  1.1514059e-01
 -4.3628985e-01
 -2.2329682e-01
 -2.9910001e-01
  1.2707593e-01
  9.8009042e-02
  1.5345974e-01
 -1.8797447e-01
  5.5593129e-02
  1.7678986e-01
  1.9328751e-02
 -1.0024349e-01
 -7.4484631e-02
 -2.2020282e-01
 -1.6816790e-01
  3.9948840e-03
  1.6140331e-01
  9.3932211e-02
  1.6063696e-01
  3.4937724e-02
  1.9871215e+00
  1.6696487e-01
 -9.0597197e-04
 -6.0663592e-02
 -6.9693929e-01
  3.3961001e-03
  2.3649062e-01
  2.5871000e-01
  1.6270867e-01
 -1.4606810e-01
  2.4592166e-01
 -4.2004930e-03
 -5.0296117e-02
 -3.4342933e-01
 -1.4926943e-01
 -1.8366869e-01
  3.9870862e-02
  8.1380260e-01
 -2.1331298e-01
 -1.3806467e-01
  3.6963153e-01
  1.1164855e-01
  6.4905472e-02
  9.0490356e-02
  1.7520529e-01
  2.9531941e-02
 -2.1971285e-01
 -2.1635897e-01
 -1.1784688e-01
 -8.6750761e-02
 -7.4806526e-02
 -5.2216938e-03
 -5.5174965e-01
 -1.5735424e-01
 -7.1457915e-02
  2.2970548e-02
 -1.0743691e-01
  6.3174427e-01
 -1.4046562e-01
  5.8504120e-03
 -7.0620533e-03
  2.4081109e-01
  4.6693778e-01
  4.4786409e-01
  1.6932029e-01
  2.9029965e-04
  5.7646003e-02
  1.7517497e-01
 -1.2972921e-02
  1.6299181e-02
  2.1502480e-02
  9.5438175e-02
  1.2145522e-01
  1.3667701e-01
  4.0158495e-02
  1.3320547e-01
  8.6874105e-03
  6.1573535e-02
 -1.8897745e-01
 -4.1918641e-01
  3.0781251e-01
 -7.0441239e-02
 -1.6079390e-02
  2.3527600e-02
 -3.0847895e-01
  9.0818062e-02
 -2.1114498e-01
  1.6667239e-01
 -1.5873565e-01
 -2.1056128e-01
  2.5806269e-01
 -4.7613140e-02
  1.0170665e-01
  6.8710849e-02
  1.3734451e-01
 -5.5453088e-03
  4.5018818e-02
 -1.4460628e-01
  1.3644159e-01
  3.2109313e-02
 -1.8842594e-01
 -4.6934411e-02
 -5.7800822e-02
 -1.5676471e+00
  3.0315551e-01
 -4.7457817e-01
 -2.4226494e+00
 -7.1281224e-01
 -1.1183197e+00
  1.4024347e-01
  6.0417598e-01
  1.0918837e+00
 -1.0006615e+00
  1.1695869e-01
 -6.9184428e-01
 -8.9172286e-01
 -2.7240479e+00
 -1.1883362e-01
 -5.9564859e-01
 -2.0833091e-01
  5.7532978e-01
 -9.4851434e-01
  5.6116039e-01
 -1.7190517e+00
 -8.9519989e-01
 -7.5466019e-01
 -9.8229194e-01
  4.8141497e-01
  8.5796022e-01
 -7.9546297e-01
  1.6292685e+00
  3.9664733e-01
 -1.9617102e+00
  6.6485047e-01
 -3.3077707e+00
 -1.7390500e-01
 -1.4257674e+00
  1.1367551e+00
 -7.7302390e-01
  1.2041533e-01
 -4.7919342e-01
 -1.1627464e+00
  1.7918386e+00
 -1.4939449e+00
 -9.8760980e-01
 -6.0255373e-01
  7.0036851e-02
 -1.5049564e+00
  3.7917897e-02
 -1.7406836e-02
  2.4322137e-01
 -8.4003443e-03
 -6.8995178e-01
  1.2116011e-01
 -1.1178122e-01
 -1.1451112e-01
  1.2529786e-01
 -1.1464942e+00
 -1.0591575e+00
  1.7272203e+00
  1.8197231e+00
 -1.0161084e+00
  1.0621188e+00
  4.4489896e-01
 -1.5515833e-01
 -1.9895679e+00
  1.2041392e+00
 -6.7921472e-01
  3.6324265e+00
 -4.7014266e-01
  1.9131361e+00
 -2.0530708e+00
 -1.1847525e+00
  3.7679237e-01
 -9.5579660e-01
 -3.4567502e-01
 -7.5953162e-01
 -7.3640740e-01
 -4.2680132e-01
  2.3826609e+00
 -2.7033201e-01
 -8.5948545e-01
 -4.6851346e-01
  7.2789848e-01
 -1.3623220e+00
 -1.3918381e+00
 -1.7380604e-01
 -7.3751330e-01
  3.6272418e-01
  3.4274623e-01
 -5.3027260e-01
  2.4637708e-01
 -6.1936361e-01
  2.0776553e-01
 -2.4606187e+00
  3.4712184e-02
  4.5096710e-02
 -1.5024690e-01
 -5.7832175e-01
 -3.6522543e-01
  7.0093304e-02
  1.6849808e-01
  2.4477509e-01
  4.4954297e-01
  1.3448907e-01
  3.1969637e-01
 -1.9126127e-02
 -2.1896723e-01
 -1.4694756e-02
  2.1048300e-01
  2.2591488e+00
  1.9110558e+00
  2.2282786e+00
  4.2906970e-01
  1.9493186e+00
 -2.1776123e-01
  1.0005139e-01
 -1.8808084e+00
 -4.1755535e-02
  1.6904407e+00
 -3.0127373e-01
  3.7223661e-01
 -3.3347595e-01
  3.4810480e-01
  1.2596362e+00
 -3.3275425e-01
  3.5711211e-01
  7.5192416e-01
 -5.8785272e-01
  5.9278375e-01
 -5.8761698e-01
 -8.9525992e-01
  5.4208535e-01
  1.7655544e+00
  2.6544726e-01
 -1.9654183e-01
  9.8897088e-01
  8.2510084e-02
 -6.1978930e-01
  4.4986162e-02
 -6.1311060e-01
  4.4151068e-01
 -2.9682088e-01
  1.8065532e+00
  8.8556126e-02
 -4.6713960e-01
  1.0814015e+00
 -8.9480591e-01
  4.3293849e-01
  4.2718074e-01
  6.9343150e-01
  1.2566381e-02
  5.6169635e-01
 -3.6719906e-01
 -1.8876325e-01
  5.3430569e-01
 -3.1294081e-01
 -1.8795530e-01
 -3.9113840e-01
 -6.8056680e-02
  3.6182024e-02
 -1.2445743e-01
 -2.6406321e-01
 -4.2747766e-01
  2.2017173e-01
 -1.7745330e+00
 -3.0108798e+00
 -2.6051417e-02
 -6.1774862e-01
  4.3618643e-01
 -7.1174699e-01
 -1.5960817e+00
  7.8163087e-01
  3.1915231e+00
  1.0822963e+00
  5.4866171e-01
 -1.3106130e+00
  5.7084160e+00
  3.8144104e+00
 -1.7393417e+00
  1.2565367e+00
 -3.0340520e-01
  2.5714391e-01
 -8.4518693e-02
  4.6365970e-01
 -5.5678976e-01
  2.0661616e+00
 -5.0411600e-01
  8.9803255e-01
  3.5706541e-01
 -6.6586387e-01
 -2.3019912e-02
 -3.9635879e-01
 -3.5788867e-01
 -1.3133512e-01
 -4.3969393e-01
 -1.5644852e+00
  2.6529092e-01
 -6.5775990e-01
 -1.0595560e+00
 -1.9811141e-01
 -2.9313288e+00
  4.0144376e-02
 -1.0506277e-01
 -8.1557465e-01
 -4.6377465e-01
 -1.8658998e+00
 -3.2648423e+00
 -5.6495309e-01
 -1.6121362e+00
 -2.4451058e-01
 -4.5430908e-01
 -2.2658265e-01
 -3.5787794e-01
  1.6498411e-01
 -5.0860560e-01
 -1.0683797e-02
 -2.7137458e-02
  1.8188348e-01
 -2.3282585e-01
 -2.1286552e-01
  2.6318827e+00
  5.1998210e-01
  2.3291516e-01
  6.6330218e-01
  1.2736540e+00
  3.7778046e+00
 -3.3305941e+00
 -1.8343121e+00
 -1.6458381e+00
  5.8894277e-01
 -2.3071361e+00
 -3.1761107e+00
 -6.5996689e-01
  1.5190624e+00
  5.0153124e-01
 -5.5116653e-01
  1.2166568e+00
 -2.5207250e+00
  2.9989737e-01
 -1.2109238e+00
 -3.1867416e+00
  5.4740971e-01
  1.8275605e+00
  3.1507682e-02
  5.0091136e-01
 -8.5624611e-01
 -8.7103151e-02
 -6.1380863e-01
 -1.2108516e+00
 -7.0011681e-01
 -7.2410494e-01
  1.4076450e+00
  2.4029735e-01
 -2.8823182e-01
  4.0249106e-01
  1.6588336e+00
  5.3719378e-01
 -2.9211016e+00
 -1.0682956e+00
  3.0140355e-01
  9.2127003e-02
  2.0769789e+00
  1.6702022e-01
 -1.3455804e-01
  3.6483400e-02
 -4.9879048e-02
 -7.3583342e-02
  1.5559445e-01
 -5.8435541e-01
 -6.9899507e-02
 -9.2063886e-01
 -2.3783851e-01
  7.8478921e-03
 -4.1802511e-02
  4.6482313e-02
 -1.5031204e-01
  5.1719211e-03
 -4.6687074e-02
  6.3456610e-02
  8.6296618e-02
 -1.2767090e-01
 -1.4832918e-01
  3.3565473e-02
 -1.0472700e-01
  2.2795169e-02
  2.7371201e-01
 -1.5266161e-01
  3.8948755e+00
 -1.0002621e-01
  9.7560985e-03
 -3.0046651e-01
  1.6255756e-01
 -7.5704098e-02
  1.5467924e-01
 -3.4994581e-01
 -1.1901120e-01
 -2.1534479e-01
 -2.2161741e-02
 -1.3847733e-01
 -1.0879958e-01
 -8.3725609e-02
  1.7123251e-01
  3.2270572e-01
 -2.5416094e-01
 -4.2488948e-02
  2.5419885e-01
  2.7380861e-02
 -1.2525970e-01
  1.1840978e-01
  1.0335950e-01
  5.7297152e-02
 -2.0229971e-01
 -1.2595996e-01
 -5.9756462e-02
 -2.7202275e-02
 -4.0406549e-01
 -3.0639190e-03
  3.2102770e-01
  2.3545349e-02
 -2.7192450e-01
  4.7103010e-02
 -1.0981607e-01
 -4.4676948e-02
 -3.1096598e-02
 -6.0459524e-01
  3.5839222e-02
  5.9661216e-01
 -2.6329765e+00
 -1.7375771e+00
 -5.1628447e+00
 -2.0557952e+00
 -8.3470470e-01
 -5.2961600e-01
  3.1340733e+00
 -4.6228971e+00
 -1.8721992e+00
 -7.6478690e-01
  3.2584298e-01
 -3.8323656e-01
 -7.3062930e+00
  2.5525850e-01
 -6.2990159e-01
  3.0617014e-01
  2.0694144e+00
  1.4960589e+00
  1.3238744e-01
 -5.4695916e-01
  4.1045547e-01
 -2.9182372e+00
  4.0463562e+00
 -2.4717441e-01
  4.6190435e-01
  6.7575105e-02
  7.6492894e-01
  8.0278046e-02
 -4.1734353e-01
 -4.7322708e-01
 -2.0787804e+00
  3.0615541e-01
 -1.5836580e-01
  1.2407166e+00
  4.9059960e-01
  2.2659256e+00
 -4.3818928e-02
  3.9302176e-01
 -5.4114199e-01
 -2.3857019e+00
  9.8549253e-01
 -7.8986907e-01
  1.2319993e+00
 -8.3472931e-01
  1.8150108e-02
 -2.1455178e-01
  3.3233070e-01
  8.1377298e-02
 -6.8116911e-02
 -1.2295759e-01
 -2.0296486e-01
 -4.2371225e-01
 -4.2293284e-02
  1.9233346e-01
 -1.0670973e-01
 -2.4484228e-01
 -7.0639712e-01
  2.7415371e-01
 -1.7970623e-01
  1.5550768e-01
 -1.1748438e-01
 -3.9924927e-02
  2.3982425e-01
  1.8678337e-01
 -1.1240110e-01
 -1.2495086e-01
 -2.9878983e-01
 -1.2396538e-01
 -1.0548025e+00
 -3.1387269e-01
 -8.4023602e-02
 -2.8875338e-02
 -6.1753400e-02
 -2.0188788e-02
 -3.0025208e-01
 -1.6888266e-02
  1.8127042e-01
 -3.8522128e-02
 -5.6171261e-02
 -8.5454486e-02
  5.6872096e-02
  2.2602578e-01
  1.3522054e-01
  1.4117897e-01
 -2.5086567e-01
 -3.3196691e-02
  2.4959758e-01
  1.3627243e-01
  6.5339506e-02
  1.3647237e-01
 -1.9757926e-01
  5.0661810e-02
 -1.1214614e-01
  5.4074835e-02
  1.4207412e-01
 -1.8352394e-01
 -3.0545896e-01
 -4.9996689e-02
  1.1455221e-01
  1.2790994e-01
 -1.6289391e-03
 -6.1598048e-02
  6.8336010e-02
  2.4789209e-02
  1.6848710e+00
 -1.0892452e-01
  8.5629702e-02
 -5.4421878e-01
 -6.9538802e-01
 -6.2847501e-01
 -1.7348057e-01
  3.1403264e-01
  8.3502769e-01
  1.2501030e-01
 -4.4166468e-02
  1.0648537e+00
  3.2813174e-01
 -3.5688516e-01
 -2.4365613e-01
 -3.6868596e-01
  2.9382434e-01
  6.3592248e-02
  2.0718676e-01
  1.7719160e-01
 -4.4012719e-01
 -4.4570148e-02
 -3.8722882e-01
 -2.1699761e-01
 -1.5344489e-01
 -2.0101447e-01
 -3.0458245e-01
 -2.8060040e-01
 -4.4350117e-02
 -3.9282662e-01
 -2.7865663e-01
 -4.1858557e-01
  1.9397037e-01
  2.5918254e-01
 -6.2576038e-01
 -2.3180215e-02
 -8.5556477e-01
 -1.1453680e-01
 -3.3509681e-01
  2.6558188e-01
 -3.4034616e-01
 -3.5759714e-01
 -5.9473795e-01
 -6.2770122e-01
 -1.8087582e-01
  4.3133465e-03
 -3.1395450e-01
  2.1204321e-02
 -2.6797548e-01
  1.5416411e-01
 -1.3057727e-01
 -2.0878284e-01
  4.4681939e-01
  1.0531714e+00
 -7.5296664e-01
 -1.3308416e-01
  2.1947129e-01
 -1.3845079e-01
  2.6550939e+00
 -9.9365735e-01
 -2.5254107e+00
  4.3251017e-01
 -8.5097963e-01
 -1.1154715e+00
 -1.6289564e+00
  1.7910267e+00
  1.6633021e+00
 -2.4859509e-01
 -7.6033574e-01
  1.3615958e-01
 -4.0266588e-01
 -1.2325119e+00
 -6.2201923e-01
  1.6498251e-01
 -1.4413316e+00
 -3.3394775e-01
  1.5380085e-01
 -5.9723490e-01
  1.9563355e-01
  1.6336234e+00
 -2.6802689e-01
 -3.3874735e-01
 -5.5423450e-01
  3.7559840e-01
  1.3747984e+00
  2.8671896e-01
  1.9511192e-01
  9.1741991e-01
  9.8534375e-01
 -1.2020822e-01
  5.8246386e-01
  5.3209066e-01
  1.8522251e-01
 -6.0723084e-01
 -1.5145494e-01
 -4.4333395e-02
 -4.2968601e-01
 -8.1425732e-01
  2.0010335e-02
 -1.6640547e-01
  9.9145335e-01
  1.0023783e+00
  1.0626829e-01
  1.2082755e-01
  7.4032322e-02
 -4.9060524e-02
 -2.5309312e-01
  1.5683883e-01
  3.4917858e-01
 -2.5489068e-01
 -4.2674210e-02
  1.5378105e-02
  3.4828059e-02
 -3.4726277e-02
  3.0822238e-01
 -4.2142421e-02
  1.2529364e-01
  2.5300503e-01
 -2.3965736e-01
  4.3573473e-02
  7.7477641e-02
 -2.6760438e-01
 -2.1886729e-02
  9.6816085e-02
  3.2140650e-02
  4.6790138e-02
 -2.0098937e-01
  1.0746375e-01
 -1.1596899e-01
  2.7814845e-02
  7.5777417e-01
  7.8635402e-02
  2.9239987e-03
 -2.9629853e-01
  3.4799915e-02
  9.8731682e-02
 -2.7507622e-02
 -2.2833329e-02
 -9.2613518e-02
  1.6021603e-01
 -5.8643166e-03
 -1.9798900e-01
  2.5621828e-01
 -2.6404431e-01
 -3.7914161e-03
 -5.9365656e-02
 -3.6950216e-02
 -1.0510485e-01
 -9.1708422e-02
  2.2450507e-01
  2.9138606e-02
  2.3108347e-01
  1.4339080e-01
  2.3082872e-01
 -2.5749406e-01
 -8.1342727e-02
 -2.7822348e-01
 -2.6958764e-02
 -3.0364409e-01
 -1.6045813e-01
 -5.9551483e-01
  7.0577927e-02
 -2.7698836e-01
 -1.1608361e-01
 -1.0421684e-01
 -1.2276543e+00
  2.1673317e+00
  5.3025430e-01
  2.7203718e-01
 -2.2681475e+00
  1.1977791e+00
 -4.3242192e+00
  2.2523785e+00
 -3.7218943e+00
 -6.4457530e-01
 -5.5989921e-01
 -1.2485473e+00
 -1.7505813e+00
 -7.7990395e-01
  3.2700139e-01
 -1.4365562e+00
  7.5105511e-02
 -5.6656861e-01
  2.6106277e+00
  8.0536574e-01
 -5.0826365e-01
  5.6006974e-01
  1.1045769e+00
  1.3051175e+00
 -4.2192376e-01
 -4.9860302e-01
  1.9930491e+00
  1.5008245e+00
  4.7331321e-01
 -3.4414983e-01
 -9.3122494e-01
 -1.6549574e+00
 -2.8115422e-01
 -1.1318706e+00
  8.4927320e-01
  4.3775746e-01
  1.7193871e+00
 -5.6761527e-01
 -7.5325352e-01
  5.4626977e-01
 -2.6091683e+00
 -2.3173979e-01
  2.8488442e-01
 -3.5358727e-01
  1.4232744e-01
 -7.6701099e-01
  1.6111642e-02
 -6.3374400e-01
 -3.8436402e-03
  1.7076105e+00
 -3.0292350e-01
  2.7022651e-01
 -2.1547776e-01
 -7.9592985e-01
  5.8337163e-02
  2.4512281e+00
  4.9624071e-01
  8.2205635e-01
 -2.5742388e-01
  2.1490164e+00
  4.4919189e-02
  1.5310181e+00
 -2.1315672e+00
 -3.0291011e+00
 -2.1472099e+00
 -2.0099525e+00
  3.8335723e-01
 -1.6418351e+00
 -3.3914177e+00
 -2.5417659e+00
  2.0541006e-01
  1.4320443e+00
 -1.3140726e+00
  6.4939827e-01
 -4.2894697e+00
 -1.4460647e+00
  3.4930272e+00
 -2.4297996e+00
 -4.5918047e-01
  1.2069626e+00
 -1.2700294e+00
 -1.0639786e+00
 -1.3507178e+00
  3.0584667e+00
  2.0672235e+00
 -1.3701144e+00
  2.8295037e-01
  7.8638250e-01
 -1.3148013e+00
  1.7103499e+00
 -4.2201543e-01
 -8.6055231e-01
  1.3076320e+00
 -2.7198738e-01
  1.3729336e+00
  4.2205828e-01
 -1.8482761e+00
 -2.0945555e-01
 -9.5031488e-01
  4.4899993e-02
 -3.4497278e+00
 -5.3409910e-01
  2.2434412e-01
  5.7943445e-01
 -3.6842961e+00
  3.6379845e+00
 -5.2073151e-01
 -1.1082993e+00
 -2.1722804e-01
  1.4518180e+00
 -1.4206778e-01
  9.2273623e-01
 -3.1766477e+00
 -5.7264676e+00
 -2.9784644e+00
 -3.5850468e+00
  1.0729705e+00
  1.9857353e-01
 -5.5620635e-01
 -1.4698222e-01
 -2.2856705e-01
 -1.7921525e+00
  7.4056244e-01
 -3.9677289e-01
 -3.5039401e+00
 -1.5777092e-01
 -8.7338138e-01
 -1.0136064e+00
  1.8160678e+00
  9.3071878e-01
 -1.3322407e+00
  8.4886707e-02
 -1.5356171e+00
  6.8517125e-01
 -4.0908366e-01
 -1.0669175e+00
 -4.6198398e-01
  1.9572374e-01
 -5.3663893e+00
  1.8905389e+00
  8.6761825e-02
 -2.3470148e-01
  2.4203279e+00
 -6.0820085e-01
  6.1169994e-01
  1.4069306e+00
 -6.2538242e-01
  8.6868117e-03
  6.2787896e-01
  3.4970619e-02
 -2.7706316e+00
 -1.5698670e+00
 -4.6345264e-02
 -5.4359961e-01
 -2.4182785e-01
 -7.2479659e-01
  2.5701055e-01
 -2.0904604e-01
  4.1910581e-02
  2.1166326e-01
  1.4313367e-01
 -1.4299643e-01
 -3.3389795e-01
  4.9635768e-05
 -1.2459911e-01
  8.6564660e-02
 -5.0833717e-02
 -1.0617941e-01
  1.2082545e-01
 -1.0094023e+00
  5.5242889e-02
  8.6549789e-02
  4.0068722e-01
 -2.6249945e-02
  2.3833118e-01
 -1.3462974e-01
  1.3927940e-01
 -1.2600620e-01
 -1.4789213e-01
 -2.3724303e-01
  8.3111010e-02
  2.6544949e-01
  7.0768476e-02
  3.1058004e-01
  1.8315656e+00
 -2.4868291e-02
  2.1223338e-01
  7.1115986e-02
  1.1072212e+00
  3.4036096e-02
 -3.5410234e-01
 -5.2602362e-02
 -5.7302326e-02
  1.4994064e-01
 -1.1438903e-01
  3.2051429e-01
  2.4127747e-01
 -5.0219584e-02
 -6.8236530e-02
  8.1542052e-02
  2.6742944e-01
  2.6875623e-02
 -3.4360620e-01
 -8.7083764e-02
  1.6603330e-01
  5.0048683e-02
  1.2931281e-01
 -1.6972099e-01
  2.8059819e-01
  1.0666829e-01
  1.5613354e+00
  1.3186094e-01
 -1.0929965e-01
  1.9237964e+00
  1.0094526e-01
  5.9627074e-01
  2.1068528e-02
 -2.7614233e-01
 -1.9378909e-01
  1.1240739e-01
  1.9425620e-01
  9.8685659e-02
 -1.3881367e-01
 -3.0908212e-01
 -4.5331564e-02
 -1.4247787e-02
  8.7438814e-02
 -2.6069942e-03
 -3.4874609e-01
 -8.1986088e-01
  1.5118107e-01
  1.4568357e-01
 -3.0827156e-01
 -5.8783516e-02
 -1.6233625e-01
  7.0193499e-02
  3.1098306e-01
 -7.5456434e-01
  4.6158191e-02
 -7.0217386e-02
  1.2294751e-01
 -1.1896573e-01
  6.2745281e-02
 -9.4348684e-02
 -1.4570530e-01
  3.0135193e-01
  3.9696190e-01
 -8.8731878e-02
  2.6633719e-01
 -7.1745075e-02
 -2.5203508e-01
  1.5090832e-01
 -1.5565147e-01
  1.5328294e-01
 -1.8643291e-01
 -2.1536283e-02
  2.7530704e-02
 -8.9649901e-02
 -1.9224384e-01
  2.2233339e-02
 -1.8848844e-01
 -1.3917960e-01
 -1.7211398e-01
  1.1582630e+00
 -5.6888026e-01
  2.2528212e+00
  7.1397328e-01
  1.4044051e+00
 -1.4489652e+00
  3.4787815e+00
  2.8278644e+00
 -2.3370318e+00
 -5.3544992e-01
  4.6044362e-01
 -5.6973178e-02
  3.0315347e+00
 -1.5834519e-01
 -1.3866460e+00
  1.1428106e-01
  3.0913868e+00
 -1.3836002e+00
 -8.5121578e-01
 -7.5774956e-01
  1.5455754e+00
  3.4167371e+00
 -1.7730051e-01
 -1.3802549e-01
  1.4377254e+00
  1.9449637e+00
 -1.5575211e+00
 -5.1167721e-01
  4.8877606e-01
  1.7618332e-02
  1.7339454e+00
  6.6378349e-01
 -9.9086471e-02
  1.4101752e+00
  1.8307264e+00
 -2.5156710e+00
  6.3144606e-01
  1.5115447e+00
 -3.3650234e-01
  2.9751229e-01
 -3.2608563e-01
  1.4409912e-01
  3.0163715e+00
  1.8747462e+00
 -1.1585803e-01
  8.1857020e-01
 -4.8862883e-01
  1.2869892e-01
 -1.7406070e-01
 -8.0696456e-02
 -2.3708467e-01
 -9.0381914e-01
 -8.1231636e-01
 -3.1820436e+00
  9.0236539e-01
  3.7837331e+00
 -1.8198689e+00
  3.7235457e-01
  2.2475471e+00
  8.1367373e-01
  4.8461038e-01
  7.7021979e-02
  9.3523198e-01
 -8.9420998e-01
 -7.7406853e-01
 -3.9265156e-01
  2.9944593e-01
  4.0581152e-01
 -2.1344717e+00
 -2.6475006e-01
 -2.3512464e-02
 -3.9441869e-01
  2.5521886e-01
  9.4904006e-02
 -3.5413999e-02
 -9.4189137e-01
  1.6642399e-01
  7.3040050e-01
 -5.1873571e-01
  6.1373019e-01
 -3.4129846e-01
 -3.1419843e-03
  3.8080864e-02
 -1.0309532e+00
  2.2848487e-01
  5.2482128e-01
 -1.2139431e+00
 -1.9894776e-01
 -4.2123564e-02
  4.7780660e-01
  4.6861479e-01
  2.3838311e-02
 -3.8487226e-02
  4.3070015e-02
  8.4268674e-02
  3.2000446e-01
  2.0059045e-01
 -1.2867075e+00
 -4.6817306e-02
 -2.5989011e-01
 -5.1879841e-01
  1.7435426e-01
 -1.9617075e-01
 -2.1930932e-01
 -8.8942164e-01
 -4.8950944e-02
 -1.1828477e-01
 -5.0147074e-01
 -1.6913449e+00
  3.2941419e-01
  5.0461926e-02
 -1.6160759e+00
 -1.1546223e-01
  7.8136402e-01
  2.3234603e+00
  1.7124657e-01
 -1.3634360e-01
 -5.9523499e-01
 -1.0577585e-01
 -1.1293357e-02
 -1.1107053e-01
  1.5931299e+00
 -7.1375430e-01
 -8.1717893e-02
 -2.7157694e-01
 -1.0018433e-01
  2.3554701e-01
  7.2372281e-03
  1.7848735e-01
 -4.7651023e-01
 -2.0476362e-01
 -2.3584710e-01
  3.5675271e+00
 -1.0948779e-01
  3.0797058e-01
  1.3681903e-01
  2.9585728e-01
 -2.2868806e-01
  2.1245828e-01
  4.7747310e-02
 -5.4516810e-01
 -3.0848855e-01
 -2.7798051e-01
 -1.7068448e+00
 -2.1173048e-01
  5.6148356e-01
 -2.1835713e-01
 -7.6608807e-01
  2.3630989e-01
  1.9670676e-02
 -1.8826167e-01
  2.4202853e-01
 -2.6320124e-01
  2.6020256e-01
 -9.7668320e-01
  5.8992364e-02
  6.6253990e-02
 -1.0548174e-01
 -4.5724027e-04
 -4.4614963e-02
  7.6252379e-02
 -3.5650883e+00
 -1.9685144e+00
 -1.2453170e+00
  1.2215742e+00
  2.9420698e-01
  1.4441642e+00
  6.7051512e-01
 -3.0234556e+00
  2.5403917e-01
  2.0494933e-01
  1.6777092e-01
  2.2795521e-01
 -7.9954013e-02
 -2.6648301e-01
  2.2397827e-01
  4.8089167e-01
  5.1607865e-01
  4.0846714e-01
 -8.2471335e-01
 -9.0074891e-01
 -6.5134311e-01
 -9.2264885e-01
 -8.0968583e-01
 -7.5583205e-02
  3.8216329e-01
 -2.3345323e-01
 -7.8399938e-01
 -6.3311391e-02
  1.7452689e+00
 -3.9090014e-01
  3.1040337e-02
 -7.9829895e-01
  2.6138721e-02
  1.3153766e-01
  1.4333990e-01
 -8.7254119e-01
 -1.4116338e+00
 -2.8913988e-02
 -9.3007457e-01
 -1.3098645e-01
 -7.8258687e-01
  1.0258778e-01
  1.6586752e-01
 -4.3900332e-01
  8.1143546e-01
  5.6903452e-02
 -1.7333472e-01
  8.0313079e-02
  6.8910509e-02
 -5.3838577e-02
 -4.0502660e-02
  6.7155939e-01
  1.0134447e-01
 -1.8819074e-01
  4.3477219e-01
 -2.3014465e-01
  4.8601557e-02
  1.7643757e-01
 -4.7817811e-02
 -7.1276352e-02
  2.3870981e-01
 -3.4561672e+00
 -7.5564635e-01
 -8.1910849e-02
  2.3775516e-01
  1.0836125e-01
 -1.0730895e-01
  2.0201381e-02
  5.0775472e-02
 -2.5782862e-01
 -2.0282984e-02
  2.3079754e-01
 -1.0746261e-01
  1.2864821e-01
  5.0758213e-01
 -1.8721175e-01
 -1.3594034e-01
  1.3084489e-01
 -2.9791263e-01
  5.3926349e-02
  3.8952962e-01
 -5.6916660e-01
 -6.8973273e-02
 -2.9522905e-01
 -9.9010676e-02
  2.0030431e-02
  2.0123757e-01
 -9.2045210e-02
  4.5722414e-02
 -3.5271654e-01
 -1.5309604e-01
  1.6798995e-01
 -1.2239894e-01
 -1.9346720e-01
  1.6843557e-01
  1.5050291e-01
 -7.2545804e-02
  3.5996616e-01
  1.5276845e-01
  5.0550097e-01
  7.6568365e-02
 -2.6875582e-02
  8.9740701e-02
 -9.4449602e-02
 -1.1717590e-01
  1.6532105e-01
 -8.3043508e-02
 -4.0577643e-02
 -1.6347244e+00
 -1.1084735e+00
 -8.2842505e-01
  1.0420299e+00
 -1.9080629e+00
 -1.9463537e+00
 -1.0534745e+00
  1.1716497e+00
 -3.2282993e-01
  6.0686129e-01
  1.0841810e+00
  5.0599337e-01
  6.3308716e-01
  6.0906965e-01
  1.1462523e-01
  8.1577379e-01
 -1.7661492e+00
  9.6144706e-01
 -4.0155256e-01
  4.3492362e-01
 -2.2416423e-01
  5.5749571e-01
 -3.1959707e-01
  3.3198294e-01
  1.0946897e+00
 -2.9070258e-01
 -2.7670050e-01
  8.8737261e-01
  1.1686562e-01
  2.3745766e-01
  4.4512767e-02
 -6.5943442e-02
 -2.4588589e-01
  8.7928993e-01
 -1.9874424e-02
 -5.2360646e-02
  4.1678798e-01
  5.2101916e-01
  1.7382649e+00
 -8.8402424e-03
 -1.5017171e+00
 -1.0079536e-01
  1.5992612e-01
 -8.7990129e-01
  3.3492374e-01
  1.3924710e-01
 -1.7852156e-01
  4.5295984e-02
 -5.3992993e-01
  9.5041376e-03
  9.6373573e-02
  4.6152987e-02
  9.6526489e-02
 -3.8653585e-01
 -4.2470717e-01
  4.0044285e-02
  7.6005042e-01
 -4.1605353e-01
  2.4579228e-03
  4.1929322e-01
 -2.8662443e-01
 -3.1260192e-01
 -2.0002416e-01
  5.1938649e-02
  9.2518836e-02
 -3.7017230e-02
 -1.1098739e-02
 -5.9143096e-02
  1.9335532e-01
  4.9508151e-01
 -6.8802066e-02
 -1.8021304e-02
 -1.1874089e-01
 -1.1660867e-01
 -1.7100278e-01
  1.9658534e-01
 -4.6079874e-02
 -1.7784941e-01
  1.7321908e-01
 -1.1979779e-02
  4.2609826e-02
 -3.2404369e-01
 -3.0431006e-02
  2.5777489e-01
  9.6272327e-02
 -2.0511279e-01
  2.7021024e-01
  2.9563677e-01
  1.3467444e-02
 -7.4666664e-02
 -3.3976358e-01
 -2.0147380e-01
 -4.9643984e-01
  1.5741330e-02
  1.9183524e-01
  1.4218268e-01
  2.0362794e-01
 -3.3867218e-02
 -9.0166026e-01
 -3.2167691e-01
 -2.3112204e-02
 -1.2454686e-01
  1.9078386e-01
 -7.9325788e-02
  8.0660179e-02
 -1.3675292e-01
  2.2952273e-02
 -8.1907459e-02
 -9.6267454e-02
  4.3008152e-01
  1.3489997e-01
 -1.4726384e-01
  8.2455225e-02
 -8.5757874e-02
  2.4757004e-01
 -5.3789383e-01
 -3.2507941e-01
  3.2722893e-01
  1.2112293e+00
  8.8528350e-02
  1.0315955e-02
  2.1197112e-01
 -3.4008023e-01
 -2.0384097e+00
 -2.6424067e-02
 -1.7474169e-01
 -7.6964468e-02
  2.0306307e-01
 -4.3565437e-01
  4.1669820e-02
  1.9464210e-01
 -4.9649066e-01
 -5.3256744e-01
 -1.9548206e-01
  2.2714104e-01
 -1.3157484e-01
  8.4596902e-01
  9.2512190e-01
  9.4260544e-01
  6.1748415e-01
 -7.1703650e-02
 -3.6342509e+00
 -9.9689625e-02
 -1.0724331e-01
 -2.1541758e-01
  4.7031822e+00
 -3.1458414e-01
  1.0049384e+00
 -1.6461912e-01
  3.6664844e+00
 -2.1215179e+00
 -6.1028486e-01
 -6.4016968e-01
  2.0796007e-01
 -5.7825036e-02
  3.2097420e-01
  1.6135301e-01
 -1.8801579e-02
 -1.0294712e-01
  1.8555746e+00
  2.0881269e-02
 -1.0706842e-01
  3.7816936e-01
  5.0895357e+00
 -5.1145140e-02
  5.7546729e-01
  5.1487446e-01
  6.6492230e-01
  2.5905917e+00
 -4.8322549e-01
 -1.7442186e-01
 -2.0357056e-01
  8.1966341e-01
  3.5032898e-01
  5.0583893e-01
 -4.9134105e-02
 -7.0735794e-01
 -1.8710290e-01
  2.7683105e-02
  2.4665948e-02
 -1.6432638e-01
  2.2295713e-01
  9.7748868e-02
 -2.5327840e-01
 -1.6440026e-02
  6.7611538e-02
 -2.3966405e+00
 -5.8512008e-01
 -2.0890705e-02
 -1.9223598e-01
 -9.5461559e-01
 -3.6551371e-01
 -2.0566995e+00
  3.6437964e-01
 -8.1194833e-02
 -1.7924117e-02
  2.6391110e-01
 -6.9900371e-02
 -1.2391644e-02
  5.2901644e-01
  7.2244003e-02
  3.5733795e-01
 -1.8531244e-01
 -8.5734278e-01
 -1.5925158e+00
  5.6471175e-01
 -4.9630836e-01
 -1.8803072e-01
 -6.4357340e-02
  1.8562979e-01
  3.8226560e-02
  1.0833291e-02
 -2.2789499e-01
  6.0205996e-01
  2.1579605e-01
  3.0377388e-02
 -5.2197356e+00
  3.2821977e-01
  9.3298726e-02
 -2.6469216e-01
  6.1384952e-01
 -1.1801482e-01
 -1.0736879e+00
  2.1217229e+00
 -7.8553575e-01
  3.8654828e-01
 -4.6302578e-01
 -7.3442101e-02
 -1.2282307e+00
  1.3234937e-01
  2.4513068e-02
 -7.7930295e-01
 -2.6860720e-01
 -1.7078166e-01
  8.9584702e-01
  3.0705419e-01
 -8.2451767e-01
 -6.7855173e-01
 -7.8520763e-01
 -3.4390768e-01
 -1.0958289e+00
 -5.6038356e-01
 -1.0341792e-01
 -5.2477795e-01
  1.6904420e-01
 -5.4181737e-01
 -4.0954593e-01
  2.5961590e-01
  6.8148114e-02
 -2.8276527e+00
  6.1650628e-01
  5.2651381e-01
  2.1510144e-01
 -1.1368873e+00
 -2.0334501e+00
 -1.2125932e-01
 -3.8640273e-01
  3.2683998e-01
 -1.8794112e-02
  3.4330332e-01
 -1.6573144e-01
 -1.1021344e-01
 -2.9633351e-02
  1.2721588e-01
  3.2242317e-02
 -2.0542981e-01
  8.7325372e-02
  2.9535484e-01
  4.8822708e-02
  1.0688939e-01
  5.6921870e-01
  1.1582552e+00
 -9.6913666e-01
  2.6078431e-02
  7.9851967e-01
 -9.8669994e-01
  2.6991940e-01
 -8.3340444e-02
  1.2857278e-01
 -1.9873255e-01
  1.0490719e+00
  8.4764445e-01
  2.4997626e-01
  4.0514141e-01
 -9.4246522e-02
 -1.9277217e+00
  4.3522733e-01
  3.0935860e-01
  5.9604502e-01
 -6.3731432e-01
  2.0607736e+00
  1.1924773e+00
  1.3368058e-01
 -3.6270869e-01
  1.6697302e+00
  4.3685913e-01
 -8.2506067e-01
  1.7187503e-01
 -7.4062508e-01
  6.2830317e-01
  1.6044301e+00
  4.1772687e-01
 -3.3819121e-01
  2.4900315e+00
  3.4832865e-02
 -5.4810381e-01
 -8.4492928e-01
  7.0317912e-01
  1.1825520e-01
  4.4636413e-01
 -1.9966808e-01
  1.1702965e-01
  1.4641673e-02
 -9.3948282e-03
 -1.6190210e-01
  7.7004574e-02
 -9.8183356e-02
 -6.9712275e-01
 -6.0105652e-01
  1.6878244e-01
 -2.1170746e-01
 -1.8502779e-01
 -5.3146221e-02
 -6.8291754e-02
 -9.2170060e-01
 -2.2467923e-01
 -8.4488773e-01
 -1.3640602e+00
  1.9080922e-01
 -2.7372652e-01
 -1.9040692e+00
 -1.5289998e+00
  2.6925915e-01
  1.7508629e-01
 -1.4818892e-01
 -1.4696968e-01
 -3.5578865e-01
  6.0971241e-02
  1.2617645e-01
  3.1423253e-01
 -5.8933926e-01
  1.0295674e-01
  6.0978398e-02
 -2.4017268e-01
  2.7950650e-02
 -1.7078537e-01
 -1.8254778e-01
 -1.2893963e-01
  3.0497593e-01
 -1.8859515e-01
 -2.3869874e-01
 -2.2570165e-01
 -1.6767135e-01
 -1.5184101e+00
  7.7596217e-02
 -7.4146175e-01
  1.1396389e-01
  2.6129833e-01
  3.6344853e-01
  3.8175291e-01
 -2.2260678e-01
 -2.9677475e-02
 -3.6763924e-01
 -1.2744300e-02
 -4.1509965e-01
 -4.8184253e-02
  2.6847410e-01
  1.2244908e-01
 -8.1699878e-01
 -2.6795214e-01
 -1.7983964e-01
 -5.3079315e-03
 -1.3220702e-01
  1.1577669e-01
 -1.9407618e-01
  4.0131353e-02
 -2.9448912e-02
  2.4961580e-02
 -5.3335220e-01
  3.0666214e-01
 -5.7374269e-01
 -9.8299056e-02
  4.5887511e-02
  1.3104776e+00
 -3.3312550e-01
  9.4293571e-01
 -8.1263952e-02
  3.1097462e-02
  1.6602583e-01
 -1.9879213e-01
 -8.1680216e-02
  2.3281616e-01
 -4.1266578e-01
  3.9637071e-01
 -3.6221951e-02
  5.6317292e-02
  1.6748309e-01
  3.1814569e-01
  4.3350992e-01
  1.1800008e-01
 -1.4653483e-01
 -2.5687584e-01
 -1.7089583e-02
 -1.3094553e-01
  1.4637528e-01
 -5.4431999e-01
  3.0268136e-02
  2.2886798e-02
  2.2318637e-01
 -1.0777981e+00
 -5.9797525e-02
  4.9914232e-01
 -4.0006880e-02
  1.8462907e-01
  9.1675997e-01
  2.0580329e-02
  2.7319682e-01
  3.3648068e-01
 -8.1502847e-02
  3.1082131e-02
  1.8331262e-01
 -2.0827048e-01
  3.4463960e-01
 -5.8072561e-01
 -1.7125595e-01
  5.2061196e-02
  9.1601536e-02
  2.2036710e-01
  2.1126430e+00
  2.1951488e-01
 -7.5751375e-03
 -1.5423493e-02
  5.4044759e-01
  6.2854123e-01
 -9.1669686e-02
 -3.5388914e-01
  3.9544436e-01
  8.4816194e-01
 -4.2712554e-02
 -1.2825725e+00
  1.9815823e-02
  7.5556241e-02
  9.4363347e-02
  1.4730883e-01
  1.2353820e-01
  3.7995261e-01
  3.3857203e-01
  1.9512117e+00
  2.6087344e-02
  1.3223782e-01
  5.4258466e-01
  3.6837584e-01
 -2.4371134e-01
  6.1659944e-01
  4.5765835e-01
 -8.7624751e-02
  3.0545261e+00
  1.7258410e-01
  4.9473997e-02
  2.7651537e-02
  6.2101752e-01
  2.7262977e-01
  5.8926982e-01
  2.5471643e-01
 -2.0954967e-01
 -1.9920461e-01
  2.9068935e-01
 -5.3328466e-01
  1.3666038e-03
  3.3753675e-01
 -5.6615647e-02
  2.4026647e-02
  1.9526520e-01
  1.3522620e-01
 -1.5361444e+00
  1.1458258e-01
 -5.2751666e-01
  7.9492643e-02
 -1.5201893e-01
  3.7571982e-02
  2.5028294e-01
 -1.3778734e-01
 -2.3562062e-01
 -9.8685515e-01
 -3.9520122e-02
 -1.3917680e-02
 -1.0987407e+00
  5.4668214e-02
  3.0691010e-01
 -3.0550754e-01
 -1.1009646e-01
  1.5277127e+00
  7.9682988e-01
 -9.2528450e-01
 -1.0034980e-01
 -1.1115999e+00
  1.2851512e-01
 -1.7680934e-01
  8.4325337e-01
  3.4472016e-01
 -6.4759964e-01
  9.8954283e-02
 -1.1818578e+00
  1.1367429e-01
  9.6617155e-02
  3.0899170e-01
  3.0376649e-01
 -2.8322605e-02
  1.4094819e+00
 -3.2989728e-01
 -4.8789224e-01
  1.2171590e-01
  1.6936605e+00
 -1.0919913e+00
 -8.9084601e-01
  1.9132732e-01
 -1.0799396e+00
  1.0982794e+00
  7.1002394e-02
 -2.6457143e-01
  7.0094639e-01
 -2.1738571e-01
 -2.5471148e-01
 -1.1637024e+00
 -1.6200560e-01
  9.4512947e-02
  1.8332862e+00
 -1.0462164e+00
 -6.3119364e-01
 -1.5767568e-01
 -2.1397422e-01
  4.2319372e-01
 -1.6560178e-01
 -3.9269122e-01
 -7.6958346e-01
  3.5599402e-01
  2.9444870e-02
  3.6301664e-01
 -1.8713655e-01
  5.8547997e-01
 -4.4249403e-01
  8.5193032e-01
 -1.0493068e+00
 -8.1007642e-01
  9.1978699e-01
 -6.9558012e-01
  3.9217100e+00
 -1.2797520e+00
 -1.6391931e-01
 -3.0970771e-02
 -3.3650932e-01
  8.4225960e-02
  9.8376432e-03
  4.7118148e-01
  5.4103583e-01
  3.6383691e+00
  3.0197087e-01
  2.9704887e-02
 -9.6116310e-01
  1.0941634e+00
 -5.3724951e-01
  5.7531089e-02
  5.3331119e-01
 -1.0123844e-01
 -1.2465726e+00
  3.3184057e-01
 -8.1518099e-02
  1.1042330e-01
 -1.5595913e-01
 -9.7068161e-02
  2.2736171e-01
  4.6314910e-01
 -2.9122034e-01
  2.6013956e+00
  2.4634944e-03
  2.8323207e-02
 -3.0923647e-01
 -1.7587218e-01
  8.3450437e-02
  1.5373243e-01
  6.0506821e-01
 -1.7485729e-01
 -3.6156416e-01
 -1.0092188e-01
 -1.8669061e-01
  1.6870680e-01
 -1.8502140e-01
  2.7094716e-02
 -4.2824462e-01
  7.8940369e-02
  6.9428436e-02
 -1.6069333e-01
  1.0066378e-01
  1.4513798e-01
  2.1136186e-01
 -8.6141653e-02
 -2.0664971e-01
 -3.2403129e-01
  1.0396162e-02
  3.0087936e-01
  2.3996433e-02
 -9.9710427e-02
 -4.3201759e-02
  1.0283732e-01
 -7.6434046e-02
  7.7040866e-02
 -2.1108291e-01
 -2.8510702e-01
  2.2485802e-01
  2.4561264e-01
 -1.1298030e-02
  1.6844657e-01
  6.8477593e-02
 -5.4253604e-02
  6.5554462e-02
  2.6409796e-01
 -2.2086936e-01
 -4.7592685e-02
  2.5917631e-01
  1.2591606e-01
 -3.6165011e-01
 -4.8932585e-01
 -1.1888289e-01
  9.5361345e-02
  3.1926697e-01
 -2.2877873e-01
 -3.3815213e-02
  2.6660863e-01
 -6.2296826e-02
  2.0829383e-03
  4.4911247e-02
  1.0919895e-01
 -2.8722396e-02
  2.2145342e-02
 -7.2873318e-01
  6.6925980e-02
  1.9140796e-01
 -1.2294664e-01
 -2.4418940e-01
  1.2732376e-01
 -1.0317809e-02
 -6.0322203e-02
 -8.5627720e-02
  2.1030425e-01
  2.4695654e-01
  1.5513858e-01
 -2.0854522e-01
  5.0510794e-02
 -2.2690102e-01
 -1.7626610e-02
 -6.4613068e-01
 -7.8988716e-02
 -8.1829622e-02
  1.0649899e-01
  2.2130194e-01
 -1.2322218e-01
  1.7882298e-01
  2.8020851e-02
  8.7886930e-02
  1.2674139e-01
 -1.3114893e-01
 -3.6389607e-01
 -1.9436911e-02
 -3.7351213e-02
  4.0681615e-02
  6.5204263e-02
  7.2757818e-02
  2.9112736e-02
 -1.4087398e-01
  3.7228364e-02
 -6.7320228e-02
 -1.2160444e-01
  2.8626837e-02
 -2.8903785e-01
 -2.9934065e-02
  1.7774449e-01
  1.3586609e-01
 -6.5659866e-02
  2.9818019e-01
  9.9339755e-03
  8.1818789e-02
  4.0712968e-01
 -1.4576404e-01
  2.6901460e-01
 -1.2689957e-01
 -1.2627682e-01
 -1.6753717e-01
  2.7023849e-01
 -1.1580968e-01
 -1.2604538e-01
  1.0122246e-01
  7.7983864e-02
 -1.3021509e-01
  6.2658519e-02
 -1.6055889e-03
  9.4394594e-02
  2.3301132e+00
  1.9189207e-01
  1.8408072e-01
  5.7258233e-02
 -8.0246404e-02
  1.8883901e-02
 -2.7974613e+00
 -2.1830544e-01
 -5.7626480e-01
 -2.9448173e+00
 -4.5575798e-01
 -1.4990810e+00
 -3.7010505e+00
 -1.3220943e+00
  9.5048797e-01
  1.1785192e-01
  6.2964946e-01
 -1.1643209e-01
 -4.2319176e-01
  1.5801686e+00
  3.2611689e-01
  7.9661649e-01
  7.0937526e-01
  4.6366316e-01
 -1.0656806e+00
 -2.9946071e-01
  2.1998712e-01
  1.7331681e-01
  1.0682994e+00
  3.2547471e-01
  1.0672860e+00
  1.5679580e+00
 -7.6351069e-02
 -6.9532478e-01
  6.5350008e-01
  1.9811849e-01
  5.2805114e-01
 -8.5413200e-01
  7.9424119e-01
  9.9412161e-01
  8.0603188e-01
  7.2814912e-01
  5.1580703e-01
  4.7451377e-01
  6.8463832e-01
  1.1805006e+00
  1.6416380e-01
  3.1730216e-02
  5.7989645e-01
 -2.1295796e-01
 -2.1221917e+00
  2.4041648e-01
 -1.0081436e-02
  3.1378269e-01
  7.1123414e-02
  3.9656959e-02
  2.1100206e-02
  4.3099010e-01
  5.3357559e-01
 -2.7217376e-01
  6.3211459e-01
  7.4565244e-01
  5.2588499e-01
  9.1945386e-01
 -3.5733131e-01
  1.2548462e+00
  1.1027648e-01
  5.5153972e-01
  5.9506286e-02
  2.6641735e-01
  2.1427770e-01
  2.7412099e-01
  1.2902488e-01
 -1.1315697e-01
  2.6667349e+00
  4.1875944e-01
  2.6530108e-01
  2.2411207e-04
 -4.8085016e-01
  7.6309490e-01
  1.0173180e-03
 -3.1302288e-01
 -7.8213274e-02
  9.5170438e-02
 -3.0339749e+00
  1.5661092e-02
  7.9107577e-01
 -8.1643574e-02
  1.4020259e+00
  5.4764408e-01
  4.1944638e-01
 -4.2990887e-01
  3.0613384e-01
 -1.5458711e+00
  6.4894266e-02
  1.1957947e-02
 -1.0231445e+00
 -2.1427502e-01
 -2.1735907e-01
 -3.5626999e-01
 -2.2831693e-01
 -1.7873500e-01
 -1.1175918e-01
  4.6047297e-01
  5.8344722e-02
  3.8997933e-01
  1.3246183e-01
  1.3376510e-01
  2.5571448e-01
  4.3895695e-02
  1.6178200e-01
  1.8547477e+00
 -1.8721531e-01
 -1.9758737e-01
 -6.4566845e-01
 -1.7671394e+00
  2.0603006e+00
  2.0534408e+00
  5.6190586e-01
  6.8369120e-01
 -4.7315049e+00
  1.4976616e+00
  1.3701887e+00
 -5.0729918e-01
  1.6888887e-01
 -1.2742100e+00
 -1.2035829e+00
  4.6086118e-02
 -9.0014368e-02
  9.9542999e-01
 -5.0221366e-01
 -4.7141597e-01
 -1.2267252e+00
  1.8899402e-01
  1.8989890e+00
  1.8962740e+00
  1.2168306e+00
  1.5222671e-02
 -1.5331277e+00
  2.6890451e-01
 -1.8936716e-01
 -2.5451353e+00
  2.0773454e+00
  5.5260390e-01
 -5.8455759e-01
  8.7575018e-01
 -4.2275593e-02
  1.1295116e+00
  2.3492050e-01
  2.1188617e+00
  6.7359298e-01
 -4.4744349e-01
  4.7223356e-01
  2.0518266e-03
  1.0124570e-01
  2.2807810e-01
  1.2458866e+00
 -1.0028889e+00
 -7.5980967e-01
  4.6077299e-01
 -4.3787298e-01
 -2.9506272e-01
 -7.2427851e-01
  2.4986689e-01
 -2.1328725e-01
 -1.5743081e-01
  2.2639930e-02
 -6.4748627e-01
 -1.9406153e+00
 -4.7716406e-01
 -1.0099890e+00
 -2.0851581e+00
 -1.1216524e+00
 -4.2520857e+00
 -1.4834181e+00
 -2.4469433e+00
  1.9012597e+00
 -7.6684219e-01
 -1.3508642e+00
 -1.1333110e+00
 -7.5427151e-01
  1.8278817e+00
  3.7446365e-01
 -5.5368584e-01
  6.1495602e-01
 -1.6449392e-01
  1.2159038e+00
 -1.0655675e+00
 -1.8700063e-01
 -5.9645313e-01
  1.3253826e+00
 -1.9343154e-01
 -1.3489398e-01
  1.8000207e+00
  1.5777721e+00
  2.6135543e-01
 -4.1762072e-01
  1.0395322e-01
  2.3285741e-01
 -5.7860816e-01
  1.5207015e-01
 -7.1775162e-01
  3.2328650e-02
 -1.0515200e+00
  2.2702838e-01
 -1.0882398e+00
 -2.5335699e-01
 -5.7290959e-01
  1.1636800e-01
  3.9131364e-01
 -6.8037719e-01
 -9.8364182e-02
 -2.3079029e-01
  2.5982422e-01
  3.1113711e-01
 -1.3386080e-01
  2.7903453e-01
 -8.0783570e-01
  1.2715186e-01
  9.2211962e-02
 -8.0769017e-02
 -9.4432014e-01
 -4.7448840e+00
 -1.3871416e+00
 -2.6558802e+00
  6.1666936e-01
  3.9353052e-01
  6.9553316e-02
 -2.9125957e+00
  2.3814282e+00
 -1.0231719e+00
  7.6070082e-01
  1.7615260e+00
  5.5967767e-02
  2.0682523e-01
 -2.0446827e+00
  7.9373902e-01
  1.5492401e+00
  7.8332883e-01
 -3.9204216e-01
 -1.0752911e-01
  5.0320047e-01
  2.4102730e-01
 -1.1798947e+00
 -4.4406280e-01
  2.9817888e-01
  1.7524846e+00
 -5.0988764e-01
 -9.6095800e-01
  1.6227003e+00
 -8.7614894e-02
  1.5073628e+00
  5.2458662e-01
 -1.5237839e+00
  7.4856251e-02
 -1.6191610e+00
  1.9008853e-01
 -1.7993946e+00
  4.3315104e-01
  8.7030232e-01
  1.2219032e+00
 -9.3223947e-01
 -1.5392030e+00
  8.8291985e-01
 -9.0102904e-02
 -8.4315625e-04
  1.2495360e+00
  2.0731577e-01
 -2.0642536e-02
  8.3246939e-02
 -1.6052991e-01
  4.1043329e-01
 -3.4166524e-01
 -1.1471318e+00
  8.2031578e-02
  2.4216600e-01
  8.6863792e-01
  5.0315741e-02
 -2.8202811e-01
  9.5712745e-01
 -1.9630805e-02
 -7.4667865e-01
  2.4644038e-01
  2.7893332e-01
  4.0189329e-01
  1.3837188e-01
  7.3901218e-01
  6.6872102e-01
  8.7570753e-03
 -3.2611296e-01
 -1.1530261e+00
  4.3820906e-01
 -5.4623538e-01
  3.6934435e-01
 -1.3075149e+00
  8.7416820e-02
 -1.6953084e+00
  2.3582722e-01
 -1.9070047e-01
  1.6352168e-01
  8.8170177e-01
 -4.0478930e-01
 -1.0724169e+00
 -7.5967604e-01
 -9.9922389e-01
 -5.1687026e-01
  9.9267565e-02
 -8.7743366e-01
 -4.1455489e-02
  3.1439400e-01
 -1.5532187e+00
 -1.4095255e+00
 -8.3427149e-01
  2.8684562e-01
 -8.6546558e-01
 -1.1111532e+00
 -9.0333867e-01
 -3.4619930e-01
  1.3985762e-01
  1.0889450e-01
  2.9099548e-02
  4.3116733e-01
  6.5232337e-02
  2.7434143e-01
  7.5318709e-02
 -1.8802094e-01
  2.5767297e-01
  2.2377817e-01
 -2.2059539e-01
 -5.1825404e-01
 -1.0502501e+00
 -3.2252410e-01
  2.1056945e+00
 -1.9951552e-01
 -8.1447971e-01
  5.1880989e-04
  2.5935593e-01
 -1.2886157e+00
  8.9793084e-03
  5.8354723e-01
 -1.1840748e+00
 -1.1877199e-01
 -7.3936337e-01
  3.0617741e-01
  4.6187741e-01
 -1.3394619e+00
 -7.6229239e-01
 -1.0912828e-01
  5.1826394e-01
 -2.8906327e-01
 -2.8879519e+00
 -5.0791198e-01
 -9.8932430e-02
 -1.0935507e-01
 -1.1828444e+00
  2.1237676e-01
  1.4350104e+00
 -6.2928301e-01
  8.6294778e-02
 -1.4023182e+00
 -8.8053924e-01
  6.7306802e-02
 -3.0503324e-01
  1.9879431e-01
  2.0515637e-02
  1.2018821e-01
  6.5682942e-01
 -1.0930201e+00
 -4.5076138e-01
  1.0771747e-02
 -1.0103784e+00
  2.6470738e-02
 -3.5104364e-01
  2.8172272e-01
  5.0533623e-01
 -2.6969421e-01
  2.0820667e-01
  1.9546914e-01
  9.6078205e-01
 -4.4442537e-01
  6.8588272e-02
 -9.7990894e-01
 -9.7983405e-03
  1.7320178e-01
  2.9633763e-01
 -4.5563486e-01
  5.4431194e-01
  9.4814396e-01
 -1.8683090e+00
  3.2160544e-01
  9.2022002e-01
  1.5900133e+00
 -1.3543401e+00
 -1.2689945e+00
 -4.4943577e-01
  1.4775491e-01
  5.0458980e-01
 -1.3923796e+00
 -8.5549027e-01
 -6.0898769e-01
 -1.1304590e+00
 -2.4567546e-01
 -6.7554504e-01
 -1.1900808e+00
 -1.3924266e+00
 -1.0950473e-01
  9.8204412e-02
 -2.0342934e-01
 -1.1458678e+00
 -8.5937303e-01
 -2.2765605e+00
  2.4429693e+00
 -9.3247157e-01
 -1.7375088e+00
 -6.4879102e-01
  6.1283642e-01
 -4.2083871e-01
 -8.7636966e-01
 -3.0936778e-01
  7.4236494e-01
  6.4103395e-01
  1.8204932e-01
  3.4973708e-01
 -1.3862807e+00
 -2.3293562e-01
 -8.1390071e-01
 -6.8401343e-01
 -5.9736501e-03
  1.4513153e+00
 -2.8245428e-01
  8.4242128e-02
 -3.5700652e-01
  1.2451075e-01
  2.6611471e-01
  1.0217312e-01
  3.1845602e-01
 -3.5086906e-01
 -2.1539979e-02
 -1.5692996e+00
  4.5044031e+00
 -1.8155615e+00
 -3.8294933e+00
 -9.3497857e-02
 -2.8897824e+00
 -4.4740477e-01
 -5.3050656e+00
 -2.6428895e+00
  1.7244767e+00
  1.3580128e+00
 -7.1932340e-01
  1.5000755e-01
 -2.7257507e+00
 -2.7755478e-01
 -1.7082160e+00
 -1.1495634e+00
 -9.5628721e-01
  1.6268144e+00
  7.8914392e-01
 -1.8945388e-01
  4.8059180e-01
 -3.5763037e-01
  2.2761752e-01
 -7.1621501e-01
  2.7189776e-01
 -1.0051306e+00
  1.2630424e+00
  6.0255444e-01
 -4.5546645e-01
 -5.6491089e-01
 -1.1073967e+00
  4.4180088e-02
 -3.2580033e-01
 -1.1366594e+00
 -1.6047182e+00
  1.2051157e+00
 -7.2270435e-01
  2.0467973e+00
  1.8141362e-01
  5.1214945e-01
  2.1905699e-01
 -5.4887688e-01
 -1.6521316e+00
 -3.1557212e+00
 -8.1945926e-01
 -3.2340679e-01
  5.2685779e-01
  9.5678246e-01
  4.4957757e-01
  6.2881179e-02
 -2.0590594e+00
  3.1404048e-01
  1.2654049e+00
 -1.0100036e+00
  1.7638977e+00
 -1.4653599e+00
  7.1465975e-01
 -1.3839057e-01
 -4.7343361e-01
 -1.6015705e+00
  1.8612640e-01
  1.5743574e+00
  5.4972810e-01
 -6.9697225e-03
  3.4704065e-01
  8.8810128e-01
  1.2036958e-01
  2.2583611e-01
 -2.6775926e-01
  1.3271748e-01
  1.4039344e-01
  3.3655193e-02
  2.3963673e-01
 -1.4612207e-01
 -4.8643568e-01
  9.0987019e-02
  1.0357187e-01
  1.6108586e+00
  9.8152839e-02
  6.1846297e-02
  3.6773077e-01
 -2.3091795e-01
 -9.9448062e-02
 -1.9965714e-01
  1.8957335e-01
  2.3936914e-01
 -9.0261412e-01
  7.9254191e-03
  2.6879722e-01
 -2.1659498e+00
 -2.7820954e-01
  1.2080335e-01
 -1.3659067e-01
 -5.1489764e-01
  5.7212844e-02
 -1.0091238e-02
 -2.1926492e-01
 -1.2119726e+00
  8.2110547e-02
  1.8445629e-01
 -1.0580961e-01
  7.5717427e-02
  1.7098647e-02
 -1.3185713e-01
 -1.1028355e-01
 -8.6996127e-03
  4.5378152e-02
  3.3123758e+00
 -1.9980322e-01
  9.9296296e-01
 -1.5698227e+00
  3.6889967e-01
  1.5060902e-01
 -1.2013620e+00
  4.0336784e-02
 -1.0616050e+00
  7.3251970e-02
 -2.8059834e-01
 -1.0254155e+00
 -3.0931693e-01
  3.7487678e-02
  4.3718833e-01
 -4.5046452e-01
 -5.6064171e-01
 -1.6461130e+00
  4.5381582e-01
 -1.2090917e+00
 -2.0479299e-02
 -1.3003288e-01
 -1.5564382e-01
 -2.7332774e-01
 -1.3248949e-01
  5.3690422e-01
  7.2636783e-02
  7.0569199e-01
 -2.5369564e-01
  1.1075450e-02
 -4.1683400e-01
 -7.3751086e-01
  2.3631749e-01
 -2.8744030e+00
 -2.6668760e-01
 -5.7432301e-02
  5.0402862e-01
  2.4248812e-01
  1.4932153e-01
  6.4055598e-01
 -3.2678241e-01
  4.4513348e-01
  4.6332743e-02
  5.3133982e-01
 -1.1097009e+00
 -1.9606727e-01
  6.6579454e-02
 -8.3632030e-02
  3.5279244e-01
 -1.3440815e-03
 -3.6177945e-01
 -1.3984573e-01
 -1.2973629e-01
  1.5802927e-02
  8.3787984e-01
 -1.6314342e+00
 -2.1852431e+00
  2.3052099e+00
  6.0478553e-02
 -7.6221651e-01
  1.0026430e+00
  1.2029662e+00
  1.0044622e-01
 -2.2030342e-01
 -1.4272910e+00
  6.8142936e-02
 -2.1374685e-01
  7.7275944e-01
 -2.9735425e-01
  7.2255838e-01
 -1.3800697e+00
  7.5662702e-01
 -1.7527455e+00
 -6.1106211e-01
  2.1236165e+00
 -2.4870605e+00
 -1.8724473e-02
  8.2438886e-02
 -2.2025845e+00
 -1.0393184e-01
 -1.2402043e+00
 -8.1579143e-01
 -1.5266263e+00
  1.2886356e+00
  6.3650943e-02
  4.9691913e-03
 -1.6986795e-01
  1.1014128e-01
 -1.0414232e+00
  1.6708485e+00
 -1.1443092e+00
 -1.9804718e-01
  2.3310035e-01
  4.4873896e-01
  5.1115429e-01
 -1.2537529e-01
 -8.4926069e-01
 -6.2775409e-01
  1.9100489e-01
 -1.7726249e-01
 -6.6381127e-01
  3.1426287e-01
  2.0459689e-01
  1.8444544e-01
 -9.7757205e-02
 -4.0435377e-01
  6.5433913e-01
 -1.1237002e-02
  6.0351308e-02
  7.1081257e-01
 -6.3307941e-01
 -5.1416910e-01
  1.1630983e+00
  3.7459105e-01
 -3.6116257e-02
  9.8170146e-02
  6.0348231e-01
 -1.9094127e-01
 -1.4556104e-01
 -6.3698703e-01
 -9.3551978e-02
 -2.0324928e-04
  1.0893207e-01
 -4.3798730e-01
 -3.7086082e-01
 -4.4273403e-01
  3.0699116e-01
  1.0058793e-01
 -2.5700426e-01
 -1.4262384e-01
 -1.2296750e-01
  5.8764517e-02
 -1.5939784e-01
 -1.5436089e-01
  9.4080038e-02
  8.8962334e-01
  8.4615359e-04
 -6.3605025e-02
  2.7731320e-02
  7.4687116e-02
 -2.0557340e-02
  7.9881555e-01
 -1.4933240e-01
 -9.5501745e-01
 -1.6193698e-01
  2.5275129e-01
 -3.6517558e-01
 -4.0891409e-01
 -5.8252537e-01
 -7.8074314e-02
 -4.0270306e-02
  1.2962377e+00
 -1.8784344e-01
 -1.7766982e-01
  3.6724958e-01
 -4.9477503e-02
  1.6935384e-01
 -4.2139970e-02
  7.7902615e-02
 -2.5388235e-01
 -1.7531627e-01
  8.3500817e-02
 -2.9957473e+00
 -3.4085229e-01
  6.3816316e-02
 -1.8445917e+00
  1.7225298e+00
 -2.3129411e+00
 -1.4861289e+00
 -2.5186226e+00
  1.2500116e+00
  2.2706354e+00
  4.2636647e+00
 -8.4254074e-01
 -1.1672804e+00
 -5.1365650e-01
  2.4169174e-01
  6.3867480e-01
  9.0748322e-01
 -7.6285148e-01
  2.1701853e+00
  2.3890028e+00
 -2.2435243e+00
  3.0487714e-02
 -7.2381496e-01
  5.9709758e-01
 -2.4980079e-01
  2.0313194e+00
  1.5634297e+00
 -3.6592641e-01
  1.0873898e+00
  2.3914655e-01
 -8.7783325e-01
  9.4700450e-01
  1.1708604e+00
  6.8629628e-01
 -5.1755244e-01
 -2.0223081e+00
 -5.3044993e-01
  1.7479602e+00
 -1.1126842e+00
 -7.0250374e-01
  1.7474079e-01
  2.7354550e-01
 -1.7615325e+00
 -8.4050775e-01
 -6.2204474e-01
  1.0998839e+00
  7.7952519e-02
 -5.3827327e-01
  1.4772757e+00
 -3.2602642e-02
 -9.9940538e-02
  6.8295068e-01
  2.7384546e-01
 -4.2319888e-01
 -9.0855426e-01
  8.9713728e-01
 -1.2906772e+00
  7.2728199e-01
 -1.3436565e+00
  2.6532755e+00
  8.1436807e-01
  4.3295035e+00
 -5.0260425e-01
  1.0074724e+00
 -4.7180381e-01
 -6.0410547e-01
 -1.2168801e+00
 -8.6302757e-02
  1.0214014e-01
 -1.2206771e+00
 -1.0059592e+00
  1.5427002e-01
 -2.9656705e-01
 -4.1683948e-01
 -2.2557303e-01
 -5.5734362e-02
 -1.9453172e-01
  3.4524766e-01
 -1.7958208e+00
 -2.3735012e-01
  2.1712016e-02
  6.4085734e-01
 -1.8789339e-01
 -1.4180091e-01
 -4.2472565e-01
 -1.0254885e+00
  1.4238355e-01
 -3.6641806e-01
 -5.0029311e-02
  6.6820019e-01
  2.4274203e-01
 -1.2292300e-01
  9.3213826e-02
 -1.3730153e-01
 -4.3266974e-02
 -1.2139502e-01
 -1.1164535e+00
 -5.7259554e-01
  1.2357371e-01
  3.8404118e-02
  1.6580223e-01
  3.6835057e-01
  1.8860617e-01
  1.2960491e-01
 -2.2751087e-01
 -4.5097643e-01
  7.0722133e-02
  1.3017645e-03
  2.2597419e-01
 -7.4697572e-01
  4.5287064e-01
  4.0399155e-01
 -3.0732650e-01
 -6.4159691e-02
 -8.4684521e-02
  6.5456964e-02
  1.3442686e-02
 -2.1421847e-01
  2.4119751e-01
  1.5345746e-01
  2.2697026e-01
  5.5803932e-02
 -3.4962684e-01
 -5.7715797e-01
 -2.1525760e-01
  1.1569800e-01
  6.7729093e-03
  8.6190756e-03
  7.1636230e-02
 -1.6119672e-01
  1.8836600e-01
  1.4086647e-01
 -9.8615032e-01
 -2.5048668e-02
  9.4287604e-02
 -1.5233694e-01
 -5.5691010e-01
  2.2055562e-01
  1.1734560e+00
  1.9475003e-01
  2.5004029e-02
 -3.5796368e-01
 -1.8978146e-01
  4.8297206e-01
 -4.1194308e-01
 -7.6590031e-02
  1.8432334e-01
  6.8327732e-02
 -1.4217715e-01
 -3.4999254e-01
 -8.9158797e-01
 -5.8505565e-02
  7.3327732e-01
 -1.2022448e-01
  1.5052202e-01
 -8.1677735e-04
  7.1988121e-02
  1.7701522e-01
  4.2584289e-02
  1.3497372e-01
  2.6697227e-01
  9.7700410e-02
  4.0059394e-01
 -1.3687092e-01
  5.1125193e-01
  1.8802823e-01
 -1.1843267e-01
 -2.5507671e-01
  2.1123917e-01
  1.2121157e-01
  3.4704039e-01
 -1.8717867e-01
 -1.4132921e-01
  6.2576765e-03
  4.3464661e-02
  1.0965234e-01
 -2.7311918e-01
 -2.8562385e-01
 -1.4904235e-01
 -7.1219113e-03
  3.3956385e-01
  9.2073888e-02
 -1.0404586e-02
  7.6870516e-02
  8.0562562e-02
 -2.2726162e-01
 -4.5575982e-01
  3.4811106e-01
 -1.7903562e-01
  1.5249141e-01
 -1.0250915e-01
 -2.7454052e-02
  7.9736579e-03
  1.3024215e-01
  1.7154871e-01
 -4.0580297e-01
  1.5449722e-01
 -9.4868600e-02
 -1.6837853e-01
  1.5123749e-01
  1.8321902e-01
 -1.0188605e-01
  1.8521553e-01
 -7.8189254e-02
 -1.4902101e-01
 -7.8649588e-02
  2.2294594e-01
 -9.3444712e-02
  8.4813960e-02
 -3.4291305e-02
 -1.8420233e-01
 -2.9599190e-01
  2.0699596e-02
  1.2657198e-01
  7.8159571e-02
 -7.7166192e-02
 -1.0738742e-01
 -2.0338919e-02
 -1.6115282e-01
 -3.8870513e-02
  1.0774478e-01
  8.0157295e-02
  1.4391035e-01
 -1.0086936e+00
  1.3377334e-01
  8.4738642e-02
  8.6700171e-01
 -9.9462502e-02
  1.0546096e-01
 -2.6051703e-01
 -6.4538702e-02
  4.4058651e-02
  7.2145343e-02
  1.6793965e-01
  4.0946826e-02
  1.2402046e-02
  2.0452839e-01
 -7.5870425e-02
 -2.0493498e-01
 -5.7822090e-01
 -3.1753519e-01
  6.2490571e-02
 -8.6184196e-02
  9.0980589e-02
  1.6958855e-01
  1.2368381e-01
 -1.4537242e-01
  1.2681706e-01
 -8.0626681e-03
 -1.0842895e-01
 -1.1034920e-02
 -5.0626673e-02
  3.0711856e-01
  5.7353787e-02
 -1.1684601e-01
  6.4150557e-02
 -1.3708662e-02
 -9.3658924e-02
 -1.4550200e-01
  1.5765451e-01
  1.8272964e-02
 -9.0502806e-02
  4.9878966e-02
 -2.2660501e-01
  6.5495804e-02
  1.6157463e-01
  2.5709849e-02
 -2.1869089e-01
  1.4146781e-02
  1.2012595e-01
 -1.2863218e+00
 -2.1519300e-01
 -2.3053782e+00
  4.5050278e-01
 -7.0567173e-01
 -5.7381248e-01
  3.9136928e-01
 -2.5696826e-01
  2.2589517e+00
 -1.0046335e-01
 -2.3696440e-01
 -9.1552541e-02
 -6.0694914e+00
  4.2946377e-01
 -2.8051484e-01
 -1.8641424e-01
  1.2691818e-01
  3.1651128e-02
  3.6977249e-01
  1.9496436e-01
  4.2936447e-01
  1.0092241e-01
  6.5371341e-01
 -1.0518582e-01
  2.2379475e-02
  4.1366318e-01
  3.5546535e-01
  2.8183487e-01
 -3.1805582e+00
  3.1824820e-02
  2.8233209e-01
 -1.2288036e-01
 -6.1291248e-02
 -3.1119844e-01
  1.7593394e-01
  2.3031719e-01
  1.5724315e-01
  8.5228699e-01
  1.7737371e-01
  2.1200064e-01
 -5.4135734e-01
 -1.9932944e-01
  2.0828642e-02
  1.6661771e-01
  5.2771497e-01
 -6.2940031e-02
  8.0101323e-01
 -1.9995078e-02
  1.0013676e-01
 -4.8070893e-02
  3.0040586e-01
 -2.1638703e-03
 -1.1304229e-02
 -5.9175268e-02
 -1.2939464e+00
 -5.1185715e-01
  6.4866237e-02
 -5.7683378e-01
 -3.7487635e-01
  1.1369573e-01
  1.4485350e-01
 -5.4456568e-01
 -3.5460386e-01
  3.0774438e-01
  7.9119287e-02
  1.8858159e-01
 -2.4731222e-01
  1.0962066e-01
 -1.8291935e-01
  6.4048350e-01
  3.9273772e-01
  4.0702179e-01
 -2.7556396e-01
 -6.0539377e-01
 -9.8827243e-01
  2.4031747e-02
 -3.2106924e-01
  1.9409340e-02
  4.0893760e-01
  1.7269662e-01
 -2.5373189e-02
 -6.0792804e-01
 -2.7613011e-01
  1.4476866e-01
 -8.8572197e-02
 -3.3215842e-01
  6.5767020e-02
  3.1411040e-01
  3.5962025e-03
 -1.7015558e-01
  1.0273878e-01
 -1.1391209e-01
 -4.1117182e-01
  1.2414307e-01
 -3.1078523e-01
 -1.3157973e-01
  5.8355290e-02
 -1.8577230e-01
 -8.3608133e-01
 -1.8566594e-01
 -3.0109054e-01
 -1.6985834e-01
 -1.6062455e-01
  7.0893347e-02
  5.8793187e-02
  2.8073009e-02
 -1.8444119e-01
  2.0031797e-02
 -9.1712481e-01
 -3.8998413e-01
  1.0577294e+00
 -5.8418922e-02
 -2.1639723e-01
  1.7415801e-01
 -1.8337278e-01
 -1.7777331e+00
  2.8085652e-01
 -1.5735707e-01
 -5.4167777e-01
 -3.2097772e-01
 -2.7276734e-01
  9.6830405e-02
  2.8394260e-02
  1.2062083e+00
 -1.5701537e-01
  2.1893617e-02
 -8.1245378e-02
 -6.1525273e-01
 -3.9129359e-01
  5.0237823e-02
 -1.8189615e-01
  2.7442029e-01
  1.8164411e+00
  1.3788901e-01
  8.3419140e-03
  6.3565560e-02
 -1.1111865e+00
 -8.8124979e-01
 -3.2389158e-01
 -4.8504746e-01
  5.0398016e-01
  3.2475033e+00
 -5.0209260e-01
  8.4529474e-02
 -6.6905215e-02
  2.9378861e-01
 -2.5054249e-01
 -5.5334932e-01
 -5.7882565e-01
 -1.2455425e-01
 -2.9630223e-01
 -2.1215305e-01
 -1.3396195e-01
  3.1545597e-01
  3.4147561e-02
 -6.9536194e-02
  4.4626180e-02
 -1.6970202e-02
 -2.1429752e-01
 -8.1937653e-01
  4.8619386e-02
 -2.3354213e-01
  9.8856084e-02
  6.5600240e-01
  7.5022364e-03
  7.3338157e-01
 -6.4234823e-01
 -3.7685791e-01
 -6.0931844e-01
  4.9695200e-01
 -5.9333813e-01
  1.8717669e-01
  1.4234008e-01
 -1.0780270e-02
 -1.4055461e-01
 -8.3047420e-02
  1.8846390e-01
  5.0529575e-01
  1.4665353e-01
  4.0355980e-02
  2.1555407e-01
  1.6437852e-01
  4.9336913e-01
  4.7469491e-01
 -1.6876894e-01
  1.7004009e-01
  3.5311460e-01
 -1.3324587e-01
  4.5935243e-01
 -8.8965869e-01
 -1.8696387e-01
 -5.6328815e-01
  2.0300689e-01
 -1.6346243e-01
  6.3175179e-02
  6.8560004e-02
 -1.4779302e-02
  2.6583087e-01
 -1.9751288e-01
 -5.8432382e-02
 -3.1104320e-01
 -1.3522018e-01
 -2.5799030e-01
 -5.1628042e-02
  3.1671193e-01
  1.2637395e-01
 -1.9283074e-01
  1.7218550e-01
 -2.7713442e-01
 -1.2054694e-01
 -3.8511001e-02
  1.4963910e-01
 -6.6273406e-02
 -8.7869838e-02
  3.8651798e-02
 -2.1694025e-01
 -4.7727546e-01
  2.3096296e-01
 -4.5062876e-01
 -5.6433612e-01
  6.1083353e-01
  1.3565868e+00
 -1.9277099e-01
  3.5621520e-02
  6.6646166e-02
  1.3439186e-01
  1.0617748e-01
 -3.7327042e-01
 -4.0301618e-01
  6.8008162e-02
  3.4212810e-01
  1.8089873e+00
  8.8628501e-02
 -4.1666803e-01
  2.6482147e-01
 -9.3486518e-02
  1.6268475e-01
  4.8384058e-01
 -9.4246827e-02
 -6.8940645e-01
 -8.1819981e-01
  3.3430424e-01
  1.4504617e-01
 -1.3254897e-01
  3.5199797e-01
 -1.3946995e-01
  1.5009005e-01
 -2.7367753e-01
 -2.1471287e-01
  3.0012844e+00
 -1.9392766e-01
 -2.5770381e-01
  3.9594151e-02
 -1.5908581e+00
 -3.2944945e-01
  5.7886773e-01
  8.8281669e-02
  1.9865097e-03
  5.3922129e-03
 -1.3344799e-01
 -7.0259333e-02
  1.2606695e-01
  3.0367747e-02
  2.0970847e-02
 -1.0989360e-01
  1.2327462e-01
  1.7033455e-01
  6.4958133e-02
  7.3297381e-02
  4.6595793e-02
  1.2386893e+00
  1.7947230e+00
  9.8666710e-01
  2.6291175e+00
 -8.7893242e-01
  9.7676778e-01
 -1.9691447e+00
  1.3758787e+00
  1.2434975e+00
  7.7529621e-01
 -4.1696060e-01
 -2.3438776e-01
  9.0244842e-01
  5.8555973e-01
  3.0829114e-01
 -4.7660393e-01
  1.7010829e-01
  6.9305104e-01
  1.1740313e+00
  9.6087992e-01
  8.6005384e-01
  1.5798545e-01
  1.4662654e+00
  1.9097827e-01
 -2.7216762e-01
 -2.8323781e-01
  1.2612957e+00
  7.0375562e-01
 -5.6073964e-02
  1.7554386e-01
  6.0992859e-02
  9.5459044e-01
 -1.7516303e-01
  1.3391244e-01
  2.3243141e-01
  8.5086018e-01
  1.8719842e+00
  4.8268586e-01
 -6.4856946e-01
 -5.9369606e-01
  3.0629599e-01
 -2.5685945e-01
 -2.9571224e-02
  1.1273893e+00
 -1.3011351e+00
  1.7403392e-01
 -3.4860978e-01
 -1.9046363e-01
 -9.3062572e-02
  6.8552211e-02
 -3.2060531e-01
 -1.8381639e-01
 -1.1554752e-01
  1.0400133e-01
  3.9997082e+00
 -2.3067163e-02
 -3.7791589e-01
 -2.4084558e+00
  1.9094384e-01
  1.4126507e+00
  2.4414203e-01
 -1.9169588e-01
 -3.1327057e+00
 -4.9937198e-01
  4.9820927e-01
 -7.2852707e-01
 -7.8087801e-01
  5.0444126e-01
 -2.8079921e-01
  9.2414427e-01
 -3.6979979e-01
  2.5299690e+00
 -4.0880466e-01
  5.9320372e-01
  2.0410717e+00
  1.3793529e+00
  1.5917304e+00
  3.9192739e-01
  2.9034309e+00
 -2.3271304e-01
  1.0650570e+00
  4.7911630e+00
 -6.5983307e-01
 -2.7137835e+00
  9.5469795e-02
  2.8684688e+00
 -7.1566260e-01
 -1.8233848e-01
 -1.2806378e-01
  1.2775844e+00
 -1.2937348e+00
 -3.0215120e-01
  2.2040498e+00
 -4.2504978e-01
  1.3659143e+00
 -2.7786407e-01
  1.9972003e-01
  3.4247043e+00
 -3.1052414e-01
  6.6890156e-01
  1.6897020e-01
  3.9186245e-01
 -2.6052991e-01
 -1.2747720e-01
  2.4974853e-02
 -5.3200454e-02
  3.5367894e-01
 -3.7656724e-01
  9.4808692e-01
 -3.1074913e+00
 -8.8205409e-01
  8.5468419e-02
  1.0177311e-01
  2.6297779e-03
  2.5661817e-01
 -6.4664972e-01
 -1.1767663e-02
  2.7857387e-01
  1.4788197e-01
  4.3019768e-02
  2.6608655e-01
  2.3832707e-01
 -4.2038578e-01
  9.1775811e-01
 -3.1173310e-01
  3.6104676e-01
 -6.6925240e-01
  2.6479164e-01
  5.8705902e-01
  4.4440088e-01
  4.7579780e-01
  2.1794876e-01
  4.1087204e-01
 -6.5875131e-01
  4.1732997e-01
 -1.0383682e+00
  1.3864156e+00
 -6.6468373e-02
 -1.2799051e-01
  7.7874815e-01
 -1.8644196e-01
  2.8539164e-02
 -5.7834691e-01
  1.3190916e+00
 -7.0851222e-02
 -4.5963067e-01
  2.9795319e-01
 -4.8645455e-02
  2.3453327e-01
 -3.4907389e-01
  8.3547300e-01
 -3.1431895e-01
  1.3759837e-02
  1.1484441e-01
 -2.5485781e-01
  4.2535204e-02
 -3.0061498e-01
  1.4328611e-01
  2.8023902e-01
  1.5193549e-02
 -4.4682667e-02
 -1.6245386e-01
 -2.3561771e-01
  1.4301919e+00
  2.4467587e+00
 -6.2011921e-01
  8.8490629e-01
  1.2093205e+00
 -2.2678828e+00
 -1.4530584e+00
 -4.0714589e-01
  1.0269931e-01
  8.9036576e-02
 -2.8482014e-01
 -7.7872045e-02
  2.4838667e-01
 -7.6795317e-02
  1.3987186e+00
 -4.4996619e-01
  3.0265293e-01
  9.7888649e-01
  1.5748625e+00
  1.9624887e+00
  5.2501798e-01
  3.8854439e-02
  3.9800474e-01
  2.3512702e+00
 -5.3439665e-01
 -5.0534463e-01
  1.7115818e-01
  1.3525496e+00
  7.8908426e-01
  3.5083959e-01
 -1.6385506e+00
  6.2438112e-01
  1.6933452e+00
 -2.8886458e-01
 -5.4657894e-01
  1.5434805e+00
  9.4417691e-01
 -1.0292146e+00
  1.0816724e+00
  2.2870253e-01
  3.8100541e-01
  1.3061966e+00
 -1.0550731e-01
  5.0408465e-01
  2.4477014e-01
  1.6937171e-01
  5.2890688e-01
 -2.3173930e-01
  2.7566817e-01
 -2.0461018e-01
 -4.0999129e-01
  3.8077418e-02
  2.2537228e-01
 -1.5071690e-01
 -8.5138336e-02
  1.6618037e+00
 -2.5670674e-01
  5.0006723e-03
 -2.3074637e-01
  2.8047928e-01
 -1.8531759e-01
  8.0273949e-02
 -5.1291734e-02
  5.3623009e-02
 -3.7924271e-02
 -2.6799083e-01
 -1.5269713e-01
  7.6513655e-02
  2.3733263e-01
 -2.0644974e-02
 -6.0016483e-02
  8.1086710e-02
 -5.7159562e-02
 -1.2677427e-01
 -1.5235183e-01
  5.1649097e-02
 -1.5459317e-01
  3.3537880e-01
  2.1280226e-01
 -5.5574292e-01
 -2.5982898e-01
 -4.3487605e-02
  1.7578760e-01
  4.1938275e-01
  3.2210279e-01
 -6.6015296e-02
  2.5183293e-01
 -3.1194907e-01
  2.0339222e-01
  6.6318870e-02
 -9.2268437e-02
 -9.6012875e-02
  1.2458210e-01
  1.4834413e-01
  9.9764740e-01
 -1.3257821e-01
 -8.7342285e-02
 -2.1966130e-01
 -1.8171065e-02
 -1.6423529e-01
  1.9011939e-01
 -4.2990863e-02
 -1.8006516e-01
 -1.1120953e-01
 -2.5257789e-02
 -1.4067309e-01
  3.6036719e-02
  2.2703331e+00
 -6.3353825e-01
  8.2703501e-01
  2.1072066e+00
  2.2840829e-01
  2.1758974e+00
 -3.5124665e-01
  1.5806105e+00
 -5.2790225e-01
 -1.1241785e+00
 -9.8273790e-01
 -1.2467285e+00
 -1.3282951e+00
  2.9824537e-01
  9.6439129e-01
 -1.3940866e-01
  9.8776621e-01
 -5.3369766e-01
  1.7849700e-01
 -1.3508360e+00
 -1.0090784e+00
 -8.8723075e-01
  1.5292001e-01
  1.4140320e-01
  5.8534032e-01
  1.0697341e+00
 -5.0702870e-01
  3.7185815e-01
 -3.0998027e+00
 -1.4932085e+00
  1.1437007e-02
  5.7571445e-02
  5.8188599e-01
  1.3984816e+00
  1.1626171e+00
  4.9756703e-01
  6.3118793e-02
  7.1898597e-01
 -9.6316993e-01
  8.2077253e-01
 -6.7000228e-01
  9.0822339e-01
  1.1292346e+00
  1.5310700e+00
  8.9582026e-01
 -2.8267112e-03
 -2.0604043e-01
  3.9630088e-01
  8.8559836e-02
 -1.1037587e-01
 -1.0063334e-03
 -4.7890255e-01
  2.3677899e-01
 -1.7312613e-01
  6.5714359e-01
 -8.9638430e-01
 -1.0644339e+00
  3.7258399e+00
 -8.9441723e-01
  1.8861606e+00
 -8.9856327e-01
  4.7497773e+00
  1.1071970e-01
  3.6213964e-01
 -2.5834489e+00
 -1.8427449e-01
  8.7669194e-01
  5.5702853e-01
  1.2629212e-01
 -8.0996478e-01
  2.8378797e-01
  7.6547462e-01
 -8.1806940e-01
  6.1612051e-02
  5.1760519e-01
 -1.4439559e-01
 -1.0445846e-01
  1.0405704e-02
 -2.8928730e-01
 -8.2004905e-01
  5.9045178e-01
  1.6642795e+00
  1.3696681e-01
 -5.1048487e-01
 -2.2148941e-01
  9.8225260e-01
 -6.6410321e-01
 -3.4233785e-01
  9.2428321e-01
  7.9616266e-01
  1.4421765e+00
  1.1214505e-01
 -4.2875305e-01
 -7.0926750e-01
  7.9987675e-01
 -2.5449626e-02
 -2.9393625e-01
  1.3618395e+00
  6.2726843e-01
  2.4729592e-01
 -3.2474040e-03
 -5.4679692e-01
 -1.1483187e-01
  2.9974326e-02
 -1.3724494e-01
 -9.5784977e-02
  1.4941740e-01
 -1.7079926e-01
 -1.5801759e+00
 -6.4033097e-01
  1.0807921e+00
 -3.3185039e+00
  1.6202520e-01
 -2.3020630e+00
 -9.8083758e-01
  9.5265681e-01
 -1.9511294e-01
 -5.6003408e+00
 -3.3826866e+00
 -1.2801803e+00
  2.8087986e+00
 -4.9054837e-01
  2.8702241e-01
  1.5930519e+00
  4.4614613e-01
  1.8609563e+00
  7.6694541e-02
 -3.4399012e-01
 -1.0692233e+00
 -2.0088844e+00
  1.5273187e+00
  5.4716104e-01
  7.6470149e-01
  1.1237934e+00
 -2.6737344e+00
  7.6389182e-01
 -2.0232072e+00
  1.6203759e+00
 -6.4280105e-01
 -2.5318548e-01
 -5.4754335e-01
 -9.8280478e-01
 -5.8069903e-01
 -1.5912136e+00
 -6.7403358e-01
  1.7405432e-01
  9.1816550e-01
 -1.0900186e+00
  2.9518495e+00
  1.1148113e-01
  2.1644509e+00
  2.7371826e+00
  8.0928922e-01
  1.4751862e-01
 -1.4386681e-01
 -6.3321716e-01
  1.5431187e+00
  3.8810825e+00
  7.3585576e-01
 -3.9671242e-01
 -5.3528562e+00
 -4.6832700e+00
 -1.0192982e+00
  7.0695037e-01
 -2.2929606e-01
  1.3268613e+00
  4.8393813e-01
 -7.9838214e+00
 -7.9918408e+00
 -1.1539609e+00
  4.1619315e+00
  6.4613873e-01
  5.8937269e-01
  1.8872579e+00
  5.2260785e+00
  4.7577720e+00
  4.1104144e-01
  1.8446358e-01
  1.9863393e+00
 -2.5214150e+00
  2.4579594e+00
 -3.7625368e+00
  2.2982690e+00
 -2.9768627e+00
 -3.5377693e+00
 -2.4615366e+00
 -4.6406193e+00
 -1.1097972e+00
 -1.9324113e+00
 -3.0059237e+00
 -1.3163767e+00
  3.3210843e+00
 -2.6839461e+00
 -1.8160874e+00
 -8.7583268e-01
 -1.4829005e-01
 -8.6502355e-01
  5.9895951e-01
  3.1002641e+00
  6.1159420e-01
  3.9581194e+00
 -1.8606712e+00
  3.2403421e+00
  1.4330781e+00
  1.6394964e+00
  4.1369548e-01
  2.7344007e+00
 -4.7326007e+00
 -4.0275650e+01
  3.4830722e-01
 -5.1891297e-01
  3.4821658e+00
 -2.1181836e+00
 -8.7429965e-01
  4.5199963e-01
  1.8272949e+00
 -1.8557259e+00
  1.4801445e+00
 -6.9311166e-01
 -3.6549165e+00
  3.4733434e+00
 -3.3080525e+00
  2.4329143e+00
  1.0648382e-01
  1.3416356e+00
  2.6658649e+00
  5.0975412e-01
  1.5599390e+00
 -1.7632465e+00
  2.3261247e+00
 -6.7488021e-01
  4.6470854e-01
 -3.3887577e-01
 -7.8595197e-01
 -3.6817750e-01
 -2.0202436e+00
 -1.3627930e+00
 -2.2980256e+00
  1.9824598e+00
 -4.5400250e-01
 -1.3732287e+00
 -1.0386851e+00
  1.0828594e+00
  2.0083186e-01
 -1.9634990e+00
  1.6668501e+00
 -9.5445818e-01
  1.3524683e+00
 -1.2034986e+00
 -8.3018667e-01
  2.0226161e+00
 -1.3522048e+00
  1.6552192e+00
  6.1930227e-01
  1.0342075e+00
 -9.8868722e-01
 -1.1413320e+00
  1.6228282e+00
 -1.0152962e+00
  1.1487503e+00
 -1.0196575e+00
  2.5706630e+00
  9.1293821e+00
  2.7371035e+00
  1.0129128e+00
  1.5917046e+00
  1.8846021e+00
 -1.5940396e+00
  1.9107822e+00
  1.1144682e-01
 -3.0681974e-01
 -1.2772160e+00
 -4.2220932e-01
 -6.8481046e-01
  5.6951499e-01
  9.6022499e-01
 -1.5318386e-01
 -4.6858978e-01
 -1.0739169e-01
  9.0637130e-01
  5.1578730e-02
 -8.3883715e-01
 -1.7810568e+00
  1.2286447e+00
  1.1310016e+00
 -4.6658418e-01
  7.9283452e-01
 -3.0062070e-01
 -1.0129325e+00
  4.7796717e+00
 -1.5514342e+00
  1.4801983e+00
 -1.6697184e+00
 -5.9898579e-01
  2.8238687e-01
 -2.2039196e+00
 -2.1249831e+00
  8.2387638e-01
 -3.3767314e+00
 -3.2443457e+00
 -2.0598707e+00
 -1.2265225e-01
  1.0351974e+00
  6.6389436e-01
 -5.6762736e-02
  8.2667243e-01
  2.3070876e-01
 -5.8190737e-02
 -2.4818692e+00
  1.6913468e+00
  9.9846733e-01
  1.1518805e+00
 -3.9584878e-01
 -6.2075432e-02
 -2.8013256e+00
 -2.4691972e-01
  1.0307739e+00
  6.9505173e-01
 -7.9400891e-01
  5.5034238e-01
 -4.5329432e+00
 -2.2678497e+00
 -3.9591938e-01
  4.1684341e+00
 -8.4589398e-01
  3.0279806e-01
 -5.0548363e+00
 -1.5930933e+00
 -9.5767760e-01
  1.2519042e+00
  2.2535172e+00
  2.5247791e-01
 -9.1423988e-01
 -2.4411728e+00
  3.0757792e+00
  3.4233892e+00
 -2.5105612e+00
 -5.6691200e-01
 -2.2648315e+00
  8.9793831e-01
  2.8355341e+00
 -6.1821413e-01
  1.7794532e+00
 -1.4350921e+00
  5.2968472e-01
 -4.5582876e+00
 -2.0625587e+00
 -1.1981671e+00
  1.4772974e+00
 -1.0124753e+00
  1.0281395e+00
  9.9364603e-01
 -4.9003977e-01
 -1.6176054e+00
 -1.6734740e-01
 -4.5853621e-01
  1.3223791e+00
 -1.0196681e+00
  1.2269214e+00
 -2.8933470e+00
  2.0973213e+00
  2.6368973e+00
 -3.0676785e-01
  2.9155123e-01
 -4.0677724e+00
 -5.7065499e-01
  3.3440673e-01
  9.8299879e-01
 -1.4162989e+00
  3.8896070e+00
 -4.3003139e+00
 -1.1060566e+00
  1.7548041e-01
 -2.7648103e+00
  4.7883306e+00
  2.1340940e+00
 -3.5936010e+00
  1.1075261e+00
 -9.5145220e-01
  2.4828990e+00
 -9.6268511e-01
 -7.0797318e-01
 -1.1187583e+00
  6.3578677e-01
  2.1020737e+00
 -1.1256114e+00
 -1.3455149e+00
 -1.0618148e+00
  2.3002732e+00
 -4.3334657e-01
 -5.6226844e-01
  1.0789258e+00
 -3.6213305e+00
 -1.0251735e+00
 -6.2875695e+00
  2.4731737e-01
 -2.1542366e+00
  2.7910376e+00
 -4.8563719e+00
  6.9759649e-01
 -7.3679167e-01
  2.0548527e+00
  3.1977410e+00
  1.9866247e+00
 -1.0280666e+00
  4.1459081e-01
 -5.1543479e+00
  5.6562138e-01
 -3.3977489e+00
  3.2115726e+00
 -3.9235252e-01
  5.0575709e-01
  1.1444643e+00
 -1.7122107e+00
 -1.0355059e+00
  8.4589832e-02
  5.4191428e-01
 -9.1457206e-01
 -8.7772095e-01
 -1.5137930e+00
 -1.6722943e+00
 -1.5379493e+00
 -3.7547845e-01
 -7.3694968e-01
 -3.0511811e+00
  1.5933975e+00
  7.0789270e-02
  6.5381892e-02
  1.0578173e+00
 -9.6297121e-01
  1.3223466e+00
 -2.6228213e+00
 -4.3488283e+00
  2.1585505e-01
 -1.6891681e+00
  5.8997732e-01
 -8.8917708e-01
 -1.0901303e+00
 -2.9512510e-01
 -1.0464417e+00
 -2.2818258e+00
 -2.3187890e+00
  4.4929371e+00
  1.6755249e-01
  2.0899682e+00
  1.5359957e+00
 -9.4513541e-01
  9.0002638e-01
  4.0480575e-01
  2.2132933e+00
 -1.2698951e+00
  6.1094385e-01
  1.5074227e+00
  6.6631746e-01
 -7.6096332e-01
 -4.6324578e-01
 -1.3190040e-01
  1.1796818e+00
  8.0610836e-01
 -1.1433771e+00
  8.5564893e-01
  8.8231629e-01
 -5.6134501e+00
  2.2907021e+00
 -6.8619150e-01
  2.7421567e+00
  6.3092542e-01
  3.4556327e+00
 -3.0885601e-02
 -1.9987910e+00
  8.7252975e-01
 -3.9076471e+00
  2.5449376e+00
  3.3864217e+00
 -5.3515258e+00
  2.9277891e-01
 -2.8437870e+00
  7.3374110e-01
 -1.8103756e+00
  2.3991134e+00
 -6.6936739e-02
 -4.8111090e-03
 -9.0605444e-01
 -9.2100874e-02
  8.0630600e-02
 -3.7649027e-01
 -7.6300174e-01
 -4.7567022e-01
 -6.3000429e-01
 -1.7040493e+00
 -1.4839727e+00
  8.6581290e-01
 -1.2438087e+00
 -1.3944037e+00
  1.2939537e+00
 -2.1718185e-01
  1.2440099e+00
 -5.7941127e+00
  1.1099687e+00
  3.6115699e+00
 -1.3634949e+00
 -5.0969005e+00
  2.4170613e+00
 -1.1634014e+00
  1.1930545e-01
  9.0737447e-02
 -3.9801767e+00
 -4.1786003e-01
 -6.8594050e-01
  5.7913929e-01
  1.3416563e+00
 -3.3621387e+00
 -1.3633112e+00
 -4.7610993e+00
  7.7453246e+00
 -3.9915538e-01
 -1.3018183e+00
  1.7333918e+00
  4.6705852e+00
 -3.1794393e-01
  1.4566371e+00
 -4.1526434e-01
  4.7682447e+00
  4.9638809e-03
  3.6832266e+00
  1.6555063e+00
  7.6016313e-01
  3.8553464e-01
  6.5985131e-01
 -9.3966085e-01
  4.1899988e-01
  4.2958629e-01
 -1.3675476e+00
  6.1604983e-01
  3.4826747e-01
  8.2969975e-01
  1.9885052e+00
 -3.0020278e+00
 -2.3617117e+00
  7.3514795e-01
 -8.2777387e-01
 -1.8150809e+00
 -3.1972227e+00
  6.6092223e-01
 -6.2400532e-01
  3.0246565e+00
  5.1886737e-01
  2.0584562e+00
  1.7681773e+00
  4.2674544e-01
  1.2638855e+00
 -7.1780705e-01
  8.5019451e-01
 -6.4542288e-01
  2.1380458e+00
 -8.4308594e-02
 -3.7327883e+00
  3.2866117e-01
 -1.4179103e+00
 -7.7514505e-01
 -1.5240945e+00
  1.3674337e+00
 -2.3899753e+00
 -3.0808620e-02
  4.6128687e-01
  6.8537629e-01
 -1.9090447e+00
 -4.0556002e-01
  1.5305462e+00
  2.4373735e-01
  2.1995561e+00
 -1.0056559e+00
  2.7980004e-02
 -1.0013938e+00
 -5.8961004e-01
  1.4614549e+00
 -4.5889797e+00
 -1.1494110e+00
  3.0256824e+00
  1.1652859e+00
 -2.5453227e+00
  5.9470236e-01
 -6.4334327e-01
 -7.7113247e-01
 -1.6006712e+00
 -2.9575210e-02
 -2.5976391e+00
 -3.0451982e+00
  8.2064509e-01
 -1.3982905e+00
  5.0888419e-01
 -9.2404735e-01
  4.7257301e-01
 -1.4510735e+00
 -4.0410030e-01
  4.8091957e-01
 -3.0719283e-01
  3.4678715e-01
 -6.1279643e-01
  1.0352575e+00
  6.9211960e-01
  4.1473243e-01
 -5.3093451e-01
  3.4486137e-02
  4.3360454e-01
  3.0603200e-01
 -1.0534348e+00
  2.2823093e-02
 -1.7341954e+00
  2.0225370e+00
  3.6616580e+00
  9.7606969e-01
  3.5046899e-01
 -6.1685848e-01
  6.1089396e-01
  4.1027197e-01
  1.3870858e+00
 -4.1361899e+00
 -3.7230012e+00
  8.9333159e-01
  1.5860912e+00
 -2.1293182e+00
  2.9478958e-03
  2.5710902e+00
  2.1380362e-01
  5.2268004e-01
  2.5736783e+00
 -8.4247279e-01
  7.2528377e-02
  2.1390951e+00
  5.7029063e-01
 -2.9291120e-01
  1.2963842e+00
  2.0823461e-01
 -9.4707888e-01
 -1.5854405e-01
 -4.5083225e-01
 -3.4321076e-01
 -7.3266703e-01
  5.2050740e-01
 -2.5406760e-01
 -1.7011763e+00
  1.3201258e+00
  7.5041819e-01
 -4.0199608e-01
 -2.1900113e-01
 -7.3873878e-02
  2.7222123e+00
 -4.1383713e-01
  9.9903369e-01
 -1.0327760e+00
 -3.0927279e+00
 -2.3061732e-02
  4.3356273e-01
 -1.3390704e+00
  4.7246081e-01
 -1.1944146e+00
  6.5411508e-01
  1.3690226e+00
  3.8730958e-01
  2.7974412e-01
  3.1126177e-01
  1.0156841e-01
 -3.7386304e-01
 -6.3839811e-01
  3.0841110e+00
 -1.9117466e+00
 -5.8710504e-01
 -8.2825714e-01
  1.4018468e+00
 -6.9550788e-01
  1.7586619e-01
  1.6136146e+00
  9.7005777e-02
  8.0634886e-01
  3.9920127e-01
  1.0417243e+00
 -9.0129066e-01
  1.3466412e+00
 -1.6253330e+00
 -4.8558274e-01
  2.3723569e+00
  5.2342004e-01
 -2.7570963e+00
  6.3404508e-02
 -1.8698992e+00
  1.8032328e+00
 -6.5940684e-01
  1.4710884e+00
 -1.0932428e+00
  3.2874432e+00
 -6.0740066e-01
  2.6038642e+00
  6.4249587e-01
  3.0782804e+00
 -4.2693320e-01
  3.2033410e+00
  1.6566272e+00
 -1.2268168e-01
  1.5399795e+00
 -1.4279354e+00
 -7.4869114e-01
 -1.3073957e+00
  1.0600631e+00
  1.4351581e+00
 -1.1842635e+00
 -9.0870345e-01
  6.6432250e-01
  2.3784122e+00
 -8.0301267e-01
 -1.6360274e-01
  6.2854186e-02
  1.4942143e+00
  3.7928708e+00
 -1.0445554e+00
  5.7085234e-01
  6.9230604e-01
  2.9015641e+00
 -4.7637632e-01
 -7.5372875e-01
 -5.4375134e-02
 -5.5215211e+00
 -1.2892926e+00
  9.2372757e-01
  2.6402634e-01
 -1.5794083e+00
  3.1386137e-01
  7.1739179e-01
 -5.3705275e-01
 -3.9990696e-01
  3.3753526e+00
 -1.0356177e+00
  1.0992873e+00
 -1.0939529e+00
  1.6580229e+00
 -1.2488739e+00
  3.7469189e+00
  4.5387542e-01
  1.3760093e-01
 -1.3728955e+00
 -3.0013448e-01
  1.0101328e+00
  7.9032260e-01
  6.5584069e-01
 -1.2501289e+00
  9.6680593e-01
  8.9608002e-01
 -3.9438576e-01
  4.6486759e-01
  5.5373633e-01
 -5.4556304e-01
  1.5497497e+00
  1.4690462e+00
 -3.1423156e+00
  2.4526117e+00
  3.2862070e+00
 -2.2510602e+00
 -3.2510359e+00
  5.6221944e-01
 -4.2747025e+00
 -1.2869881e+00
 -2.0953637e-01
  9.6570295e-01
 -3.2783270e+00
  3.3285841e-01
 -1.9109517e+00
  3.2849402e+00
  1.7343937e+00
 -1.3335863e+00
  2.6559122e+00
  2.5385938e+00
  4.2202749e+00
 -4.2268598e-01
  2.5633290e+00
 -7.6496261e-01
  1.1199927e+00
  7.6166832e-01
  1.3318323e+00
 -1.0730391e+00
 -8.6114460e-01
  6.6148430e-01
  1.3224083e-01
 -3.7797791e-01
 -1.1914332e+00
 -6.2439388e-01
  3.1546390e-01
 -3.6069772e-01
  1.4089489e-01
  3.8234246e-01
  3.0056758e+00
  6.2921023e-01
  4.0164423e-01
 -3.1980640e-01
 -1.9823617e+00
  1.7985810e+00
 -1.7811732e+00
  1.2538735e+00
 -1.7659466e+00
  1.8313533e+00
 -1.2672558e+00
  1.3210424e-02
  1.5299582e+00
 -1.6249417e+00
  1.2649090e+00
  1.8041875e+00
 -1.2461332e+00
 -3.5069340e-01
 -7.6019979e-01
 -7.9276454e-01
 -3.3272368e-01
  1.3910657e-01
 -2.8565174e-01
 -4.6720529e-01
  1.6284097e+00
  4.5514974e-01
  1.2720729e-01
  4.1113332e-01
  2.6335638e+00
 -1.0290696e-02
  9.4248074e-01
  1.4799782e+00
  4.3782015e+00
  6.1039990e-01
  1.0759641e-01
  2.7753921e+00
 -1.5318365e+00
  1.0461110e+00
 -3.0008800e+00
 -4.2311224e-01
 -4.3035455e+00
  9.1765249e-01
  1.1042022e+00
 -3.7903893e-01
  1.6118312e+00
  1.9466306e+00
 -1.9104348e+00
 -1.9968742e+00
 -1.2271050e+00
  7.8829479e-01
  1.9114582e-01
  1.1970136e+00
 -3.4487557e+00
 -1.1773816e+00
 -2.3322435e-01
 -1.3202741e+00
 -2.1382604e+00
 -4.7655979e-01
  2.7982679e-01
  4.4959515e-01
  1.5811695e+00
  3.1896878e-02
 -3.2072797e-01
  1.0482137e+00
  1.5828391e+00
 -8.5964566e-01
  3.3764452e-01
  2.0133708e+00
  1.2072387e-02
  1.2072387e-02
  1.2072387e-02
  1.2072387e-02
  1.2072387e-02
  1.2072387e-02
  1.2072387e-02
  1.2072387e-02
  1.2072387e-02
  4.3451410e-02
  4.3451410e-02
  4.3451410e-02
  4.3451410e-02
  4.3451410e-02
  4.3451410e-02
  4.3451410e-02
  4.3451410e-02
  4.3451410e-02
  4.0503316e-02
  4.0503316e-02
  4.0503316e-02
  4.0503316e-02
  4.0503316e-02
  4.0503316e-02
  4.0503316e-02
  4.0503316e-02
  4.0503316e-02
  2.3504268e-02
  2.3504268e-02
  2.3504268e-02
  2.3504268e-02
  2.3504268e-02
  2.3504268e-02
  2.3504268e-02
  2.3504268e-02
  2.3504268e-02
  1.4539745e-02
  1.4539745e-02
  1.4539745e-02
  1.4539745e-02
  1.4539745e-02
  1.4539745e-02
  1.4539745e-02
  1.4539745e-02
  1.4539745e-02
  1.9265965e-02
  1.9265965e-02
  1.9265965e-02
  1.9265965e-02
  1.9265965e-02
  1.9265965e-02
  1.9265965e-02
  1.9265965e-02
  1.9265965e-02
