nep4 2 O Al 
cutoff 6 4 128 36
n_max 8 8
basis_size 8 8
l_max 4 2 0
ANN 50 0
 -2.3188283e+00
  6.5251726e-01
 -5.5511045e-01
  6.3358623e-01
 -2.4418323e+00
  3.6804385e+00
  4.4712439e-01
 -5.7614689e+00
  1.6519579e+00
 -1.3125156e+00
 -1.2638859e+00
 -8.3580518e-01
 -1.6126740e-03
  4.2645197e+00
 -4.9090171e-01
 -5.0137222e-01
  7.6445144e-01
  1.3349335e+00
 -6.3326114e-01
  1.0646248e+00
 -3.0331655e+00
 -2.0291898e+00
 -7.6907563e-01
  6.5666899e-02
 -2.2699036e-01
  1.3000114e+00
  2.9068682e+00
 -5.5313295e-01
  6.7646998e-01
 -1.7260554e+00
 -2.8182912e+00
  4.3675491e-01
 -6.0458112e-01
  2.3204458e-01
  8.5509944e-01
  3.8695833e-01
 -1.1176076e-01
  8.8166320e-01
 -1.0791512e+00
 -6.4884633e-01
 -1.0000638e+00
 -2.9639274e-01
  1.1443513e-01
  6.5817809e-01
  8.5875463e-01
  5.8800471e-01
 -4.3882152e-01
 -2.5378652e-02
  2.3667453e-01
  5.0155753e-01
  2.7514392e-01
  4.0912536e-01
 -8.1436086e-01
  2.5109899e+00
 -6.1311388e-01
  3.3824351e-01
  1.5554564e-01
 -6.4091051e-01
  2.1426821e-01
 -6.3417286e-01
 -5.8478683e-01
 -7.4754888e-01
 -9.9553421e-02
 -4.6196526e-01
  3.6515212e-01
 -1.2968005e-01
  2.6071230e-01
 -1.7621559e-01
 -1.9444603e-01
 -9.3505815e-02
  1.4959927e-01
 -1.0659132e-01
  1.2260271e-01
  1.3852905e-01
 -2.8764766e-01
 -3.2035321e-01
  3.0559534e-01
 -1.8930994e-01
 -5.3811789e-02
  1.6190432e-01
 -1.6825669e-01
 -3.5816100e-01
  4.0105650e-01
 -3.4018812e-01
  2.8295932e-02
  6.2832648e-01
  7.5709343e-02
 -1.5545249e-01
 -1.1112677e+00
 -3.1224111e-01
  3.6255929e-01
  2.5442997e-01
 -2.1839836e-01
 -1.6240144e-01
 -5.6215775e-01
  3.2883018e-01
 -5.1061969e-02
 -2.7158734e-01
 -1.1614685e-01
 -1.3902553e-02
  1.0986964e-01
  7.3349454e-02
 -4.4156220e-02
  9.3663327e-02
  2.7191576e-01
 -8.1616398e-03
  8.3069921e-02
 -6.9871736e-01
 -1.5225555e-01
  3.5821912e-01
  1.4369082e-01
 -8.0426306e-02
 -3.2836401e-01
  3.3364433e-01
  1.3869040e-01
  4.8066807e-01
  1.8097109e-01
  1.6361211e-01
 -2.5743291e-01
  2.2581020e-01
 -3.7091386e-02
  9.7948320e-02
 -1.4548781e-02
 -1.6173305e-01
  2.7708510e-01
  2.7539155e+00
  1.2657477e-01
 -1.7180821e-02
  5.5144724e-02
 -3.4770329e-02
  2.6107129e-01
  1.2720193e-01
 -4.9151897e-02
  8.5516032e-03
  1.5076949e-01
 -8.9991152e-02
 -2.1678247e-01
 -4.8367947e-02
 -1.3613825e-01
 -2.3693903e-01
 -1.2424944e-01
 -2.7650595e-01
  1.6882494e-03
  3.5077501e-02
  4.0685934e-01
  9.9956907e-02
  2.7779093e-01
 -1.8363208e-01
 -1.4609607e-01
 -1.3109508e-01
 -2.0453461e-01
 -8.7755220e-03
  4.5298722e-01
  7.4243352e-02
 -7.4381977e-03
 -2.8581589e-01
 -1.3586341e-01
  3.2463521e-01
 -5.4836396e-02
 -1.4520384e-02
 -8.0461033e-02
  6.5134488e-02
  4.5029756e-01
 -1.7701299e+00
 -4.6433109e-01
 -4.5559663e-01
 -4.4056284e-01
  2.1421102e-01
  3.4654284e-01
 -9.5510699e-02
 -1.1608375e+00
  6.9944096e-01
  6.9494426e-01
  1.5932089e+00
  1.1842729e-01
  1.2025692e-01
  5.6580228e-01
  6.9004053e-01
 -4.2280298e-01
 -7.2459292e-01
  5.1675701e-01
  4.3692899e-01
  1.7630166e+00
 -8.2484680e-01
 -4.3935579e-01
 -1.1608958e+00
  4.0367717e-01
 -1.8161494e-01
  2.1099637e+00
  1.3355887e+00
  1.7008308e-01
  1.7029384e+00
  4.3747586e-01
 -1.1923044e+00
  1.0905998e+00
  2.6305747e-01
 -4.4224262e-01
  1.2672960e+00
 -2.7188349e-01
  4.1638978e-02
  1.4984512e+00
 -3.5866332e-01
  1.6575921e-01
 -8.7013066e-02
 -2.2670190e-01
  1.1028848e+00
  1.0164921e+00
  9.7181702e-01
  9.7530901e-02
 -2.1842398e-01
 -3.1849796e-01
 -5.6226552e-01
  6.4013563e-02
  3.1261140e-01
  1.5806492e-02
  5.9740460e-01
  5.2163386e-01
 -1.2654580e+00
 -2.4076281e+00
  2.6211622e+00
 -1.6237147e+00
 -2.9702337e+00
  3.1895370e+00
 -8.6993337e-01
 -3.8601763e+00
  1.7949750e+00
  5.5109173e-01
 -4.0942807e-02
 -1.2100945e+00
 -3.1533344e+00
  5.9603977e-01
  7.7976817e-01
  5.6293005e-01
  3.5282354e+00
  3.1357259e-02
 -8.0593741e-01
  8.5630667e-01
  1.4843607e-01
 -3.3213103e-01
 -7.1291268e-01
  1.1564285e-01
 -1.8281078e+00
  9.1584545e-01
  1.7069962e+00
 -5.1860329e-02
 -5.6699729e-01
  9.2310160e-01
 -7.7610362e-01
 -4.0277510e+00
  3.7945268e-01
 -9.6789587e-01
 -8.5750885e-02
  1.9150567e-01
  1.1074921e+00
 -1.1392908e+00
  3.7455255e-01
 -1.7016577e+00
  3.0609307e-01
 -6.8282562e-01
  3.4987739e-01
 -1.4625793e+00
  5.3588724e-01
  1.0566035e-01
  8.7735879e-01
  4.2728555e-01
  1.0534988e-01
  2.1637672e-01
 -1.2094052e-01
 -3.8479561e-01
  7.0375122e-02
  4.6647617e-01
 -5.6649739e-01
  1.9246112e-01
  1.0240836e+00
  5.5507737e-01
 -2.0566818e-01
 -5.7539141e-01
 -1.2592289e+00
 -2.9801702e-01
  3.6956134e-01
 -2.3016293e-01
 -2.8611030e-03
  8.2398403e-01
  2.4961877e-01
  8.9390838e-01
  2.4436548e-01
  4.0127295e-01
  1.0455202e-01
  3.5808388e-02
  2.1489134e-01
 -5.7781136e-01
 -1.6826192e-01
 -3.3247939e-01
  3.7068777e-02
 -2.9516526e-02
 -2.7446613e-01
  9.0894945e-02
 -3.3206031e-01
  2.6208171e-01
  6.7913696e-02
 -5.6120521e-01
 -5.1873612e-01
  5.0486130e-01
  2.7302527e-01
 -3.0105034e-01
  3.6085660e+00
 -7.4434258e-02
 -3.9054313e-01
 -1.6968949e-01
 -5.2601807e-02
 -5.8805865e-01
  1.8281367e-01
  7.8259036e-06
 -2.7484617e-01
  4.9680749e-01
  1.2451176e-01
  4.7574036e-02
 -1.1492307e-01
 -2.1008375e-01
  3.5867095e-05
  1.4342512e-01
  3.5129488e-02
  8.6765207e-02
  1.3430681e-02
 -5.1634240e-01
 -1.3088646e+00
  4.7610509e-01
 -9.4019361e-02
 -1.5648410e-02
 -2.2796082e-01
 -6.3415110e-02
 -3.7758742e-02
 -5.7452261e-01
  2.5803896e-02
  1.8816999e-01
  1.2474692e-01
 -1.6048992e-01
  3.2401842e-01
  1.8169019e-02
  6.6198431e-02
 -9.2874683e-02
  9.9264967e-01
  1.1471117e-01
  7.5345039e-02
  2.3014797e-04
  4.0026708e+00
  9.0952688e-01
  4.9829911e-02
 -6.0181171e-02
 -3.3029711e-01
 -4.1425991e-01
  2.6664495e-01
 -1.1928058e-01
  4.5196924e-01
  7.4177176e-01
  4.4065243e-01
 -5.6181785e-02
 -3.0337058e-02
 -9.2248924e-02
 -9.3044257e-01
 -2.2872359e-01
 -6.0683697e-01
 -1.1200543e-01
 -3.4381397e-02
 -1.7793027e-01
 -3.4953752e-01
 -8.4284782e-02
 -1.0156175e-01
 -1.7755915e-01
 -8.2531914e-02
 -2.1295598e-02
  1.7169893e-01
 -1.2837395e-02
 -2.0459360e-01
  2.2790009e-01
  4.0309551e-01
  4.3214254e-02
 -2.4702369e-01
 -1.8206255e+00
  4.0364634e-02
 -2.9906863e-01
 -1.1140540e-02
  2.4470790e-01
  1.9836213e-01
  9.8126853e-01
  1.3576287e+00
 -1.1795463e-01
  3.5401452e-01
 -2.7694568e-01
 -3.8564482e-01
 -2.1302085e+00
  4.4260681e-01
  2.3148431e-01
  2.7438489e-01
 -1.0912952e+00
  1.1887773e+00
 -1.9666719e-01
 -3.3785346e-01
 -7.4370801e-01
 -7.2499633e-02
  3.6281332e-01
 -1.7669067e-01
 -1.2864359e-01
  3.8343990e-01
  1.9762183e+00
  6.3700086e-01
  4.7500095e-01
 -3.7259497e-02
 -1.3565943e-01
  1.2414116e+00
  3.0965176e-01
 -3.4911829e-01
 -3.0383912e-01
  7.7098298e-01
  1.4433149e-01
 -1.9875921e-01
  3.7565058e-01
  1.2516791e+00
 -8.2467479e-01
  6.6561675e-01
 -3.6066175e-01
  1.1296622e-01
  5.3181762e-01
 -5.8957499e-02
  2.0925613e-01
 -8.6137645e-02
 -2.8335387e-01
 -1.2502035e-02
  1.7082234e-01
 -2.7227321e-01
  1.2988226e-01
 -1.6229045e-01
  9.9910909e-01
 -3.6093352e+00
  1.6529597e-01
  6.6046304e-01
  8.7552108e-02
 -1.0804115e-01
 -3.5498261e-01
 -5.9063452e-01
  4.4174853e-01
 -6.9626123e-02
 -2.3199217e-01
  3.4128276e-01
 -2.0750758e-01
 -5.7482291e-02
  2.5342505e-02
 -4.9212366e-02
  2.1057904e-01
  8.0915369e-02
  2.3882066e-01
  3.1876925e-01
 -1.5856527e-01
 -7.9476424e-02
 -2.1016195e-01
  5.5387892e-02
 -7.0166016e-01
  1.9635451e-01
  8.5814439e-02
 -2.3052415e-01
  2.5854176e-01
  2.0511311e-01
  4.5860770e-01
  1.5343721e-01
 -1.1352326e-01
 -1.0755624e+00
 -7.3669478e-02
 -2.6302007e-01
 -5.8504049e-02
  2.0085846e-01
  3.2437149e-01
  1.7839694e-01
 -2.5006226e-01
 -1.4537656e-01
 -2.7492514e-01
  4.5809101e-02
  1.3067800e-01
 -7.4013054e-02
  2.2653773e-01
 -8.0989367e-01
 -8.3379209e-02
  4.3126069e-02
 -1.6075864e-01
  2.0071611e-01
 -7.5566161e-01
  8.2942527e-03
 -7.1047878e-01
  1.7864941e+00
 -2.1044984e+00
 -7.4896830e-01
  5.3958729e-02
 -4.4861069e-01
 -6.4507580e-01
  1.3872705e+00
 -1.9642848e-01
  1.8249147e-01
 -1.0133867e+00
 -1.0337062e+00
 -4.0329888e-01
 -5.3666025e-02
  4.9167803e-01
 -4.1412157e-01
  9.5730647e-02
 -1.0433687e+00
 -3.5877723e-01
 -3.0858883e-01
 -4.3192324e-01
 -3.7712082e-01
  2.9126745e-01
  2.2744229e-01
 -8.5352844e-01
 -4.4014892e-01
 -9.4671166e-01
 -5.4281193e-01
 -3.9062597e-02
  8.1789881e-02
 -2.3938389e-01
  7.5900519e-01
  3.1468730e-02
 -5.4765906e-02
 -3.8878629e-01
 -5.2171391e-01
  5.0830875e-02
 -3.2150549e-01
 -3.4715813e-01
 -1.2470587e-01
 -5.5258706e-02
  1.9667430e+00
 -2.9196542e-02
 -7.9825932e-01
 -2.3278742e-01
 -2.8581617e-02
 -2.5345775e-01
 -6.3746601e-02
  1.3837987e-01
  4.6841331e-02
  1.2841919e-01
  1.1939949e-01
 -1.5968521e+00
  2.4543405e-02
 -5.6728333e-01
  6.9901401e-01
 -1.1478661e+00
 -6.3014552e-02
 -1.4246625e+00
  2.2524974e+00
 -7.9584557e-01
 -1.1133171e+00
  1.1820683e+00
 -2.6439464e-01
  1.4211975e-01
  7.6307201e-01
 -1.2996504e+00
 -6.0114717e-01
 -2.3668788e-01
  3.2139668e-01
 -2.0557842e-01
 -1.3730787e+00
  8.2806790e-01
  4.5768443e-01
  5.7841749e-03
  3.2526770e-01
  5.5891764e-01
  3.1582269e-01
  5.7103842e-01
  6.1157107e-01
  1.6929127e-01
  1.3228704e+00
  5.2911168e-01
  1.5568941e+00
  1.5629029e+00
 -2.5021322e+00
  2.0161064e-01
  1.1988087e-01
 -1.6310538e-01
  2.1708219e+00
  1.0257641e+00
 -5.0657786e-02
  2.5681072e-01
 -4.9782362e-02
 -5.4162043e-01
  9.6973556e-01
 -7.5319988e-01
  1.1769519e+00
  1.5415376e+00
 -1.3966921e-02
 -2.1324562e-01
  5.7322640e-02
  1.6220583e-01
  6.9407739e-02
 -1.8049730e-01
 -3.2024270e-01
  3.6353089e-02
 -1.0214680e+00
  1.4242698e-01
  9.3064949e-02
 -1.3128313e-01
  1.5526243e-01
 -4.4207580e-02
  2.5655732e-02
  2.7394238e-01
 -2.0908238e-01
  3.5949185e-01
 -3.3393260e-02
  1.5441455e-01
 -1.8494263e-02
 -2.6118895e-01
 -8.0637615e-03
 -3.1083176e-01
  1.3655216e-01
 -1.1384685e-01
 -2.5871500e-01
  5.7940647e-02
 -1.8052226e-01
  3.4858346e-02
 -1.1416498e-02
 -6.1777383e-02
  2.0860328e-01
  2.0509543e-01
 -3.9251473e-02
  4.3104101e-02
  1.0259236e-01
 -1.5778416e-01
 -2.6755112e-01
 -4.2378254e-02
  1.2959145e-01
  2.5593448e-01
 -4.2881250e-01
 -8.0866024e-02
 -1.7555399e-01
 -6.2806022e-01
  9.1543831e-02
 -4.3380961e-01
  1.4436698e+00
  2.4879406e-01
 -2.1989776e-01
 -1.1067787e-01
 -1.2059649e-01
 -7.5801635e-01
  5.2289411e-02
 -1.9125614e-01
 -2.9765313e-02
  9.4437115e-02
  2.9478511e-01
 -9.2371538e-02
 -2.5071925e-01
 -5.1278383e-01
  6.2876157e-03
  3.1496650e-03
  2.3829363e-01
  2.4684815e-02
  2.6622668e-01
 -5.5326104e-02
 -1.5730040e-01
  3.7338069e-01
  3.3312906e-02
  2.4489185e-01
 -1.2239961e-01
 -7.8391351e-02
 -1.2076408e-01
 -3.1846691e-02
 -2.4093330e-01
  9.5184922e-02
  3.8723847e-01
  1.6122451e-01
 -2.9828161e-01
 -2.6054922e-02
  2.4031760e-01
 -1.1693598e-01
  3.9656602e-02
 -2.6329717e-01
 -1.6208677e-01
  4.4714227e-02
 -3.3925854e-02
  1.3653359e-01
  1.4256759e-01
  1.3151504e-01
  6.1600566e-02
  2.3593046e-01
  2.9477218e-01
  1.3357636e-01
  1.8661364e+00
  3.5671294e-02
  2.8640932e-01
  6.1965410e-02
 -1.0209668e-01
  1.6424131e-01
  2.3704493e-01
 -1.5372358e-01
  1.6211901e-02
  1.2966914e-01
  5.7693999e-02
  1.3830069e+00
  3.1134474e-01
  5.1980957e-02
  2.9177329e-01
  2.3096251e-01
 -2.2716370e-01
  1.5140615e-01
  1.4410777e-01
 -1.7444113e-01
 -3.5088444e-01
 -2.0589173e+00
 -2.4648924e+00
  2.6317837e+00
 -6.0809332e-01
  1.8364136e+00
  7.6314789e-01
 -3.8485181e+00
  3.4205983e+00
 -1.1873716e+00
 -2.9583138e-01
  4.3429413e-01
 -1.8756920e-01
 -5.0066894e-01
 -2.0042436e+00
  2.9180405e-01
 -2.2838560e-01
 -4.0217146e-01
 -2.1787505e+00
 -2.2212845e-01
  4.7091773e-01
 -5.4783022e-01
 -4.2523453e-01
  1.1634198e-01
  4.9703661e-01
  3.6592430e-01
 -3.7632883e-01
 -3.0417666e+00
  6.5415806e-01
 -2.4766664e-01
 -1.2186989e+00
  1.4255600e-01
  2.1486802e+00
 -2.2841099e-01
  3.1321359e-01
  6.5383554e-01
 -2.1925299e+00
 -6.5057054e-02
 -1.2945396e-01
 -8.0661261e-01
 -6.4764345e-01
  1.0912122e+00
 -3.9650282e-01
  1.5190889e-01
 -1.9987094e+00
 -7.6296937e-01
 -1.6786140e-01
  2.2426721e-01
  5.4605746e-01
  6.4529985e-02
 -6.2251574e-01
  2.1476966e-01
 -7.6386221e-03
  4.4747476e-02
  2.1293570e-01
  1.4111204e+00
  3.0851281e+00
  1.4301510e-01
 -1.4845468e+00
 -2.9303467e-02
  1.2707746e+00
 -2.1569373e-01
  2.0669846e-01
 -2.9088043e-02
 -3.7025633e-01
  2.7711752e-01
 -2.0787008e-01
  8.7153816e-01
 -3.2780907e-01
  5.2957803e-01
  9.3444817e-02
 -6.0925003e-02
 -5.5576348e-01
 -4.9385738e-01
  2.4401791e-01
 -8.3010983e-01
 -4.6955642e-01
 -5.8906728e-01
 -3.2854536e-01
 -1.6747253e-01
 -1.5504174e+00
  1.0466612e-01
  3.1004569e-01
 -7.4675068e-02
 -4.0403435e-01
 -5.8120308e-03
  4.9508116e-01
 -1.0511635e-01
  4.0040842e-01
 -8.9764839e-01
 -8.0112851e-01
  2.8222349e-01
  2.6721531e-01
  1.4009805e-01
  4.0065172e-01
  8.0369398e-02
  1.1241627e-01
 -8.5065521e-02
  5.8135015e-01
 -7.1043573e-02
 -7.4538589e-02
  1.1987630e-01
  2.9574436e-01
 -2.4352479e-01
 -1.5204297e-02
 -3.4931391e-01
  3.8508311e-02
  6.0982937e-03
  8.8723433e-01
  2.4941206e+00
 -2.1846523e+00
  2.3592761e+00
 -1.6414123e+00
  2.7288511e+00
 -2.6719282e+00
  1.4037492e+00
  1.2635818e+00
  9.0237474e-01
 -1.3379626e+00
  4.9269941e-01
 -2.6730683e+00
  1.5903292e+00
  1.8441747e+00
 -1.2706261e+00
 -3.3332366e-01
  3.1486237e-01
 -2.2990592e+00
  4.4472277e-01
  9.4491035e-01
 -2.2765453e+00
 -1.5817103e-01
  4.2101276e-01
 -1.8598111e-01
  1.0553918e-01
  4.1948831e-01
  1.4156721e+00
 -6.1233979e-01
  7.5031477e-01
 -5.1330459e-01
 -2.3680399e-01
 -1.0055020e+00
  1.0465117e+00
  9.9125586e-02
  4.2910731e-01
  1.3408542e+00
 -1.3463588e+00
 -8.1853133e-01
 -6.3157475e-01
 -1.3769461e+00
  2.8659195e-01
  2.3197629e+00
 -5.7467437e-01
  7.5601228e-02
  1.4097251e+00
  1.6044469e-01
 -1.5736692e-01
 -2.7159017e-01
  5.8491176e-01
  2.6375458e-01
  2.1772419e-01
  1.1914338e-01
 -4.2398903e-01
  1.0210332e+00
  2.4674116e-01
 -6.3463110e-01
  1.1120669e-01
 -5.8724463e-01
 -7.2098643e-02
  8.7580457e-02
  2.0595765e-01
 -6.9020158e-01
 -2.2228479e-02
 -2.4045557e-02
  2.9279433e-02
 -3.2028946e-01
  6.7438644e-01
  1.6155908e-02
  2.4006657e-01
 -3.2658753e-01
  4.1348115e-01
  7.2887355e-01
  1.9043628e-02
 -7.3835757e-03
 -4.3702155e-01
 -2.0139748e-01
  4.8638830e-01
  1.4327302e+00
  2.1998702e-01
  6.2851280e-01
 -3.2316998e-01
  8.4740790e-03
 -3.4754805e-02
 -5.2075988e-01
  1.1076397e-01
  1.8980750e-01
  1.9081780e-01
 -3.1084818e-01
  3.1517506e-01
 -5.1931792e-01
 -3.8607302e-01
 -2.1453081e-01
  3.3203699e-02
 -2.5817707e-01
  1.6630228e-01
 -2.0938452e-01
 -2.7395913e-01
  5.3041118e-01
 -1.4162733e-01
  1.2639381e+00
  1.7631772e-01
 -7.4126050e-02
 -1.3826417e-02
 -4.9031414e-02
  8.2816176e-02
 -6.3067734e-02
  8.7524287e-02
  9.4786294e-02
 -3.2680872e-01
  5.0968909e-01
  2.2919282e-01
 -2.9568851e-01
  1.8786478e-01
  3.1750515e-01
  2.3896345e-01
  1.8115033e-01
  8.8336319e-01
  4.6282318e-01
  1.6771924e-01
  1.8124935e-01
 -4.1136423e-01
  5.6985706e-01
  4.0037677e-01
  4.4017881e-01
  3.6674076e-01
  2.2413798e-01
  2.1392748e-01
  6.0614578e-02
 -2.3307066e-01
  1.0914450e-01
 -1.4492449e-01
  4.5693517e-01
 -2.7439266e-02
  5.2240729e-01
 -5.0844975e+00
  2.8113544e-01
  2.1790583e-01
 -4.7863886e-02
  2.6002887e-01
  1.7283367e-02
  7.0335925e-01
 -4.1907433e-02
  1.8034707e-01
  9.9146634e-01
  1.7954719e-01
  2.8456280e-01
  2.2993471e-01
  2.9951677e-01
 -2.7903110e-02
  2.3111650e-01
 -3.1308752e-01
  3.0618986e-01
  1.1664108e+00
  1.4992931e-01
  1.3566415e-01
  1.3328859e-01
 -1.0397036e-01
 -7.0213042e-02
 -1.3536192e-01
 -6.7828715e-02
 -1.7182311e-01
  4.2296112e-01
  8.7521866e-02
 -9.3691796e-02
 -1.2244255e-01
 -1.0188611e+00
 -9.6071595e-01
 -5.3959763e-01
  3.5244703e-01
  1.6805742e+00
  2.3858944e-01
 -6.4453137e-01
 -5.6411314e-01
  4.8943494e-02
  2.0512424e-01
  2.3034835e+00
 -2.3135725e-01
  2.4760087e-01
 -3.7891352e-01
  1.5177424e+00
  3.7022239e-01
  2.7517617e-01
  6.1264968e-01
  8.2414353e-01
  8.9980656e-01
  4.2423096e-02
 -3.2384910e-02
  2.3377772e-02
  3.7175751e-01
  7.7651805e-01
  7.0196354e-01
  1.1363324e+00
  5.2690870e-01
  7.4417359e-01
  4.0972000e-01
  3.1325191e-02
  7.8202590e-02
 -2.4272586e-01
  6.5480155e-01
  9.7176868e-01
  8.6437821e-01
  5.4766148e-01
  3.9613754e-01
 -1.5226862e-01
  1.8029004e-01
  1.0506573e+00
  8.0810755e-01
 -1.3780031e-01
 -2.4567743e-01
 -6.4497912e-01
  2.8013203e-02
  1.0361835e-01
 -5.3828154e-02
  2.4235599e-01
  2.0462534e-01
  2.6258579e-01
  4.0465980e+00
 -1.0130543e+00
  2.1988992e-01
  2.2702413e+00
  7.6314443e-01
  1.9108084e-01
 -5.0320959e-01
  2.1116269e+00
  1.4054055e+00
 -9.6843801e-02
 -5.4802781e-01
 -1.8942046e-01
 -1.7736498e-01
  1.2996480e-01
 -8.3500463e-01
 -5.1038135e-02
  3.5186207e-01
 -9.0161949e-02
 -6.2523551e-02
  4.1016686e-01
  4.8601988e-01
 -1.0533114e-01
 -4.9371758e-01
 -5.4341350e-02
  4.4452363e-01
  1.4018902e-01
 -1.4126466e-01
 -1.9393016e-01
  5.3681489e-02
  2.4265859e+00
 -1.8106937e-02
 -4.9287789e-02
  1.2939889e-02
 -1.9274339e-01
 -3.4440452e-01
  2.2572678e-01
 -4.7920093e-02
 -2.9883322e-01
  3.9475065e-01
 -2.8508443e-01
 -2.3647843e-01
  2.9275587e-01
 -1.8000819e-01
  2.7525043e-01
 -5.6459618e-01
 -2.4517699e-01
  1.6999738e-01
  1.9590884e-02
  2.7188811e-01
  3.1423980e-01
 -2.1772575e-01
  7.2206199e-02
 -1.8202028e-01
 -2.3928949e-01
 -1.1892889e-01
  5.4934996e-01
  3.8459066e-01
 -4.7053185e-01
 -7.6175433e-01
 -2.6459888e-01
 -1.3397229e+00
 -2.3763728e-01
  4.7597101e-01
  4.5377192e-01
  4.9436933e-01
  3.9651364e-01
 -2.1482060e+00
 -4.2291728e-01
  6.5598947e-01
  1.0992992e+00
  3.9048097e-01
 -3.6765106e-02
 -2.6189947e-01
  2.0285439e-01
  1.4461454e+00
  1.1488521e+00
  1.2571831e-01
  1.8036935e-01
  4.6062249e-01
 -2.9354867e-01
 -9.8732941e-02
  3.0505863e-01
 -3.8801202e-01
  9.3571895e-01
  6.4989406e-01
  1.6814513e+00
  3.7227072e-02
 -9.5684648e-01
  1.8291451e-02
  5.7453305e-01
  2.0782520e-01
  4.8409683e-01
 -1.6550456e-01
 -1.9724488e-02
  4.6403527e-01
  2.7224085e-01
 -8.9701466e-02
  9.9454239e-02
  1.7027545e-01
  1.4983639e-01
 -7.1650088e-02
  3.1936544e-01
 -2.0614064e-01
 -1.7372558e-01
 -2.0827211e-01
  5.8517374e-02
 -6.0244523e-02
 -9.0184830e-02
  1.8859410e+00
  4.2185702e+00
  5.9097970e-01
  2.8164876e-01
  8.9846486e-01
 -2.9846556e-02
  1.5371583e+00
  7.1126264e-01
  8.7152416e-01
  7.0323950e-01
 -4.1162190e-01
  1.1393404e+00
 -6.4113222e-02
  1.0581272e+00
  4.6693912e-01
  9.6839137e-02
  3.6873725e-01
  7.4910462e-02
  4.4774744e-01
 -3.6397102e-01
  1.4794385e-01
  6.4509594e-01
  2.3223430e-01
  8.0433488e-02
 -2.1186611e-02
  4.9984999e-02
  5.0317246e-01
 -1.6890664e-01
  3.6877587e-01
 -1.0114194e+00
 -3.6897168e-01
 -1.0078652e+00
 -2.7226195e-01
 -3.5253966e-01
  9.3805701e-02
  6.6667944e-03
  2.7663376e-02
 -2.8472063e-01
 -2.1926256e-01
  1.7599589e-01
  5.8197063e-01
 -2.1415478e-01
  2.3741807e-01
  1.2289517e-01
  3.6896354e-01
  2.8997317e-03
 -3.3742473e-01
  1.8524861e-01
 -2.5915703e-01
  4.4109087e-02
  2.2700796e+00
 -1.0306780e-01
  3.7229222e-01
 -9.8115081e-01
  1.8142172e+00
 -3.2061183e-01
  1.2683877e+00
 -3.2404397e+00
 -8.4895557e-01
 -3.2333261e-01
  1.4163915e+00
  8.5135832e-02
  1.3323177e+00
 -1.6160592e+00
 -1.3326045e+00
  5.9978074e-01
  1.7855728e-01
 -1.0325956e+00
 -5.3480422e-01
 -8.9622259e-01
 -1.6726395e+00
  2.0148728e+00
 -1.0611421e+00
 -5.0696278e-01
 -1.0578790e+00
 -3.0202586e-02
 -4.7838640e-01
  6.2916613e-01
 -4.4570276e-01
 -1.7367789e+00
 -4.7410023e-01
  6.2808496e-01
  5.1549461e-02
  3.3820409e-01
  3.5150361e-01
  8.3646297e-01
  1.5015678e+00
  2.2325009e-01
  5.6850874e-01
  1.0398763e+00
  2.8940678e-01
 -6.4889891e-03
  3.3575580e-02
 -3.8524374e-01
  1.1533207e+00
  1.2532195e+00
  3.4976789e-01
  2.7212724e-01
  3.1195023e+00
 -5.5175394e-01
  3.1182075e-01
  2.8810130e-02
  1.0976116e-01
 -2.3878440e-02
  4.8328948e-01
  1.1413258e+00
  6.2821245e-01
 -1.1211138e+00
  5.9048998e-01
  4.1408390e-01
 -2.2627385e-01
  2.9649052e-01
 -2.5289539e-01
  2.9172683e-03
  1.2320318e-01
  4.2269596e-01
  1.7846011e-01
  1.4299560e-01
  1.1176790e-01
  3.4326613e-01
 -4.8741522e-01
 -2.8678554e-01
  4.4125121e-02
  4.6597615e-01
 -2.6305205e-01
 -3.7986651e-02
 -5.2447282e-02
  8.0106325e-02
  2.0321935e-01
  7.7593513e-02
 -4.0065375e-01
 -3.6790058e-01
 -2.2365983e-01
  6.3091636e-02
  4.8366362e-01
  3.5666424e-01
  1.5158847e-01
  1.9417951e-01
 -2.5508618e-01
 -9.2458189e-01
 -2.0718394e-01
 -4.6680938e-02
 -4.0972676e-02
  2.2048204e-01
  3.1138730e-01
  7.0508659e-01
  2.5646427e-01
 -8.1697986e-02
  1.1508801e-01
  4.2671204e-01
  2.4602024e-01
  1.9748850e-01
  2.1882951e-01
 -1.4868125e-01
 -9.1797553e-02
 -9.5738685e-03
  8.9860074e-02
  3.7259299e-02
 -2.1389054e-02
  1.7519981e-02
 -2.4027640e-01
 -1.2778379e-01
 -1.0513442e+00
 -1.8799251e-01
 -5.5713630e-01
 -2.1580188e-01
 -3.4529340e-01
 -2.5395563e-01
  2.5638899e-01
 -3.4182101e-01
  1.4376107e+00
 -1.2295999e-01
 -1.2996456e-01
 -6.7466870e-03
  1.6725755e-01
  3.5529550e-02
 -2.8699335e-01
 -1.3399546e-01
  1.3483462e-01
 -1.3608481e-01
  1.4072549e-01
 -3.5973501e-01
 -2.9514661e-01
 -4.0236503e-02
  2.5270943e-02
 -4.0950198e-02
  5.5892074e-01
 -1.7385294e-01
 -4.8609659e-01
  3.1976644e-02
  4.8748966e-02
 -9.6358970e-02
 -1.1606733e-01
  1.6437477e-01
  2.7707487e-01
  4.6951018e-02
  2.4300332e-01
  2.9470739e-01
 -3.1300059e-01
 -2.7366334e-01
 -5.0671522e-02
 -3.9551646e-01
  1.2487522e-01
 -1.9167343e-01
  1.8588889e-01
 -1.8838644e-01
 -1.9282803e-02
 -2.0200484e-01
 -4.6244837e-02
  6.4247318e-02
  1.3894555e-01
  1.8675176e+00
 -5.5723708e-02
  3.2937294e-01
 -2.0039140e-01
 -1.1751521e-01
 -2.6140016e-01
  9.7014830e-03
  1.4734319e-01
 -4.2403135e-01
  1.1933772e-01
  1.6549948e-01
 -3.0708811e-01
 -2.0045385e-02
  5.1341474e-02
 -1.1387492e-01
  2.6205819e-02
 -2.3584509e-01
  8.5843928e-02
 -2.2587836e-01
  4.0305802e-01
  1.7514858e-02
  2.9999852e-01
 -2.2207528e-01
  1.8413539e-01
 -1.8054444e-01
  1.2081395e-01
 -1.9259298e-01
  1.0332349e-01
  7.2383031e-02
 -5.6217037e-02
  2.1308641e-01
 -2.6312840e-01
  1.6417515e-01
  5.9436988e-03
  1.4879236e-01
  1.1250795e-01
  6.3648045e-02
  1.8990137e-01
  3.0327043e-01
  3.5966453e-01
 -5.0714493e-01
 -1.8761048e-01
  5.7046946e-02
  2.4505232e-01
  8.4750041e-02
 -1.4034896e-01
 -1.9720753e-01
 -1.5884114e-02
  5.9186213e-02
 -1.2184317e-01
 -1.0671633e-01
 -1.3163681e-01
  4.9768707e-01
  3.8123686e-02
  1.4697735e-01
  7.3026657e-02
 -1.0306329e-01
 -1.4131099e-01
  1.1251879e-01
  2.7394819e-01
  2.0421174e+00
 -7.8925735e-01
 -5.3207278e-01
  7.0552319e-02
  1.5201566e-01
  2.3422840e-01
  1.3907503e-01
 -6.6278493e-01
 -2.1651741e-02
  2.2608633e-01
  1.9171163e-01
  6.2546749e-03
 -5.9740901e-01
 -1.5865268e-01
  9.9114649e-02
 -3.2986927e-01
  3.2149661e-02
  2.5191233e-01
  1.1069025e-01
  1.3614950e-01
  3.0514989e-02
 -4.1905835e-01
  2.4633488e-02
  2.1442932e-01
 -5.7702638e-02
 -1.8893825e-01
 -4.2384937e-01
  3.5647124e-01
 -3.3537436e-01
 -3.7380674e-01
  1.1562815e-01
 -6.8845654e-01
 -1.1297339e-01
  1.9328545e-01
 -1.8175544e-01
  2.7235565e-01
 -3.5289603e-01
 -2.0979652e-01
  3.9788476e-01
  6.8935573e-01
 -5.6274109e-02
  8.6164057e-02
  2.3563138e-01
 -1.3499658e+00
 -1.3760383e-01
  4.7295991e-01
 -3.1279117e-02
 -2.6415038e-01
 -1.3343304e-01
  3.3166368e-02
  1.3821290e-01
 -1.1150756e-01
 -1.1792282e-01
  3.2110035e+00
 -1.0183194e+00
  3.6034720e+00
 -3.2174080e-03
  2.4401586e+00
 -3.8307171e+00
 -6.7381239e-01
  4.3291643e-01
  4.0752025e+00
  6.5019590e-01
  2.0833443e-01
 -1.6590480e+00
  4.7242994e+00
  4.8245554e+00
  8.9875597e-01
 -6.3802546e-01
  7.9165953e-01
  4.3885593e+00
  2.0383234e+00
  3.9516377e-01
  6.5555322e-01
 -5.4207617e-01
  2.5285535e+00
  1.8804044e-01
  1.1585213e+00
  1.1305023e+00
  2.3399937e+00
 -1.4170284e+00
  1.1454585e+00
  1.9081769e+00
  1.8359452e+00
  2.6079316e+00
  9.1644877e-01
  4.9036214e-01
  2.0198426e+00
 -2.0116839e+00
 -1.0914140e+00
  1.4511611e+00
  2.1500213e+00
  1.4455727e+00
  8.0850697e-01
  7.4724841e-01
 -2.5196254e-01
  3.1273723e+00
 -3.6088119e+00
  6.0518450e-01
 -2.6506689e-01
  9.9994153e-02
  7.4420339e-01
  1.2649672e+00
  2.0468074e-01
 -4.5769684e-02
 -6.2237221e-01
  8.2066065e-01
  3.2020805e+00
 -6.0250783e-01
  3.2173176e+00
  1.7722162e+00
  3.4618328e+00
 -1.8521534e+00
 -4.7313401e-01
 -8.3449835e-01
  5.5055410e-01
  1.1886039e+00
  4.3946002e-02
  5.2557707e-01
  1.5306079e+00
  1.4925621e-01
  3.6167428e-01
 -6.6799664e-01
 -1.0781447e+00
  2.4604743e+00
 -4.5338330e-01
 -5.6279463e-01
  4.9240056e-02
 -6.0679358e-01
 -1.2340213e+00
  1.0348471e-01
 -2.8062415e-01
 -3.6772305e-01
 -1.0369216e+00
 -3.0750096e+00
 -2.1499011e-01
 -1.2530632e+00
  2.3603170e+00
  9.7500598e-01
 -9.6661448e-01
 -3.7936136e-01
  1.7781512e-01
 -2.4590302e+00
 -1.1863532e+00
 -3.1845236e-01
 -7.8999609e-01
 -1.9208364e+00
 -1.7503074e-01
 -3.6806434e-01
 -7.2682214e-01
 -2.1040764e+00
  1.2329395e+00
 -1.7541672e-01
  1.2604537e-02
 -5.9368171e-02
  7.8534561e-01
 -4.4937413e-02
  1.7982641e-01
  5.3543258e-02
  2.6530263e-01
 -4.0396810e-01
 -2.0449488e+00
  4.9309963e-01
 -8.9909330e-02
  1.6745954e+00
  1.0199161e+00
 -1.4345558e+00
 -1.1251956e-01
  7.4207187e-02
  8.5111928e-01
 -1.2821914e+00
 -2.3826250e-01
  1.3057408e-01
 -1.3751668e+00
 -8.0851418e-01
 -7.7001011e-01
 -6.3166910e-01
 -4.4721377e-01
 -1.2501529e+00
  4.3448263e-01
 -7.5417036e-01
  3.5994577e-01
  2.2370349e-01
 -3.2273391e-01
  5.1165301e-02
  5.2438641e-01
  4.3166995e-01
  5.9315753e-01
  7.4058898e-02
 -1.4351963e-01
  1.2360355e+00
  6.1636978e-01
 -7.9766011e-01
 -5.3187853e-01
 -2.2797644e+00
 -2.5249460e-01
  1.3509387e-01
  1.7974293e-02
  1.9442979e-01
  4.5603690e-01
 -4.5293677e-01
 -3.7810346e-01
 -1.1377978e-01
 -1.0002200e-01
  4.7184160e-01
 -3.7742779e-01
  2.2638172e-01
  1.2542146e-01
  1.2194227e-01
 -2.2113621e-02
  3.2433066e-01
 -3.1900644e-02
 -3.3211595e-01
 -1.9563641e-01
  4.2212176e-01
 -2.9927486e-01
 -1.3219661e+00
  4.5554811e-01
 -2.4321966e-01
  4.0217072e-01
 -3.2987452e-01
  5.8147069e-02
  1.1148961e+00
  4.0651429e-03
 -1.3371439e-01
  2.8929859e-01
 -4.1908622e-01
  2.7713200e-01
 -6.9552845e-01
 -5.4778379e-01
 -1.9598272e-01
 -2.5354967e-01
 -2.7585006e-01
  3.9178792e-01
  4.2561825e-02
 -7.9029813e-02
  8.8171810e-02
  1.6329449e-01
  3.3694096e-02
  1.8536006e-01
  4.0692702e-01
  1.8536685e-01
 -3.8058290e-01
  1.2666991e+00
  2.7884540e-01
  7.1156807e-02
  8.8285494e-01
 -4.6080932e-01
  6.2852375e-02
 -1.5582411e-01
 -8.4195727e-01
 -1.6234089e-02
 -1.4657058e-01
  4.2912658e-02
  3.0665392e-01
 -6.1720926e-01
 -5.4223186e-01
  1.4433417e-01
 -5.1850386e-02
 -1.4515789e-01
  1.8987516e-01
  7.5043306e-02
 -2.2155228e-01
  2.8777349e-01
  1.7144424e-01
 -8.4507823e-02
 -1.1097432e-01
 -2.3651479e-01
 -4.1488010e-01
  6.4917259e-02
  3.4162223e-01
  2.1713557e-02
  1.2395455e+00
  8.4183967e-01
  2.8974319e-01
  3.9975521e-01
 -5.1292133e-01
  1.8464397e-01
  5.7768959e-01
 -5.7247865e-01
  5.5236596e-01
 -1.1671529e+00
  4.0952361e-01
  4.1762960e-01
  2.7681848e-01
 -8.7782748e-02
  3.9081967e-01
 -5.8548665e-01
  3.8300136e-01
  6.8175870e-01
  1.1222806e-01
 -9.7672737e-01
 -1.3298993e-01
 -9.8914260e-01
 -4.9867409e-01
 -2.1589775e-01
  2.8567737e-01
  2.3789299e-01
  7.5363272e-01
 -1.1579610e-01
 -2.8971103e-01
  4.1829687e-01
  1.8612568e-01
 -5.6773430e-01
 -4.0580514e-01
 -4.2599452e-01
  4.5184970e-01
  5.0733042e-01
 -1.1957096e-01
 -5.3246319e-01
  6.7695254e-03
  4.7157326e-01
 -4.2261186e-01
 -4.6318996e-01
 -1.9135766e+00
 -5.9491694e-03
 -9.9761739e-02
 -3.0028051e-01
 -1.4053132e-01
 -2.7657291e-01
 -1.0651887e-01
 -8.8027380e-02
 -3.3901908e-02
 -5.2232022e+00
  2.5725415e+00
 -2.0655327e+00
  1.1238734e+00
 -3.2464592e+00
  2.7081628e+00
 -2.1039207e+00
 -4.3551731e-01
  1.4786114e+00
 -6.4478058e-01
  1.8772180e+00
  2.1714276e-01
 -4.5102596e+00
 -3.3014100e+00
  1.4702609e+00
  4.6463746e-01
  4.5450255e-01
 -1.1557350e+00
  1.6987985e+00
 -4.6809658e-01
 -1.9015903e+00
 -3.6013515e+00
 -1.3866036e+00
  3.8066846e-01
  6.4170283e-01
  3.6162927e+00
  2.4301121e+00
 -1.3568591e+00
 -8.8320392e-01
 -2.5902059e+00
 -1.9282666e+00
 -4.5975059e-01
  1.9733820e+00
  5.3065008e-01
 -8.6667591e-01
  2.1971672e+00
 -1.2591472e+00
 -6.5057349e-01
 -1.3154178e+00
 -3.5101421e+00
  3.3741066e-01
  1.1985493e+00
  5.9515107e-01
 -2.4994733e+00
  3.8494246e+00
  3.3089086e-01
  1.3168699e-01
  9.3254149e-02
 -8.9589083e-01
 -2.7935183e-01
  1.0736325e-01
 -2.3605834e-01
  5.0922555e-01
  2.0664676e-01
 -6.6369748e-01
 -2.9122278e-01
 -5.8964979e-02
  1.9484482e+00
  8.2689904e-02
 -6.8558425e-02
 -1.1992488e-01
  1.8050776e-01
  5.8855516e-01
 -1.2106653e-01
 -3.4180453e-01
  2.0042351e-01
 -1.0873368e-01
  2.0336331e-01
  3.1983674e-01
  3.8065776e-01
  1.3555483e+00
 -2.8167760e-01
  3.5075605e-02
  2.3040521e-01
 -3.5306922e-01
  8.7533057e-02
 -2.8005099e-01
  5.6309603e-02
 -1.3020171e-01
 -5.7543015e-01
  1.3128467e-01
 -1.3380267e-01
  1.3141260e-01
  1.0864253e-01
  2.4134281e-01
 -7.4654832e-02
 -3.7772987e-02
 -1.3078296e+00
 -1.9571728e-01
 -2.4344003e-01
  5.2400414e-02
  4.5053431e-01
 -7.1513847e-02
 -1.3112733e-01
 -1.8767009e-02
 -3.1232005e-03
  2.3974726e-01
 -2.7374730e-02
 -2.3299819e-01
 -8.5820749e-02
 -2.1299644e-01
 -1.3549158e-01
  7.4353352e-02
 -9.9539302e-02
  1.3215521e-01
 -5.7817612e-02
 -5.6282701e-03
 -1.4727604e-01
  1.0300542e-01
  7.8979367e-01
 -3.0891854e-01
  3.2167170e-02
 -2.3258525e-01
 -1.1587428e-01
 -9.0721101e-03
 -3.0711813e-02
  1.2027500e-01
 -6.4227521e-02
  4.3873273e-02
 -1.8204330e-02
 -6.9176227e-01
  3.6322266e-02
  1.5541613e-01
  3.7705921e-02
 -1.6736077e-02
 -2.1368546e-02
  1.1278664e-01
 -3.0480143e-02
  1.3677059e-03
 -3.6154788e-02
 -7.1882173e-02
  1.0355119e-01
 -2.7989710e-02
 -9.7895801e-02
  3.1640080e-01
  2.6472494e-01
 -2.7636540e-01
  2.8583577e-01
  3.7469905e-02
  1.5582057e+00
  2.6555148e-01
 -9.1183245e-02
 -1.3033065e-01
  8.5288621e-02
 -1.2660961e-01
 -4.3472473e-02
 -2.7958813e-01
 -3.8174161e-01
  2.9379472e-01
 -7.0540443e-02
 -8.0532497e-03
 -2.9986539e-01
  1.1421013e-01
 -5.6506217e-02
 -3.0083525e-01
 -3.8692314e-02
  1.6184542e-01
 -3.4320652e-01
 -5.3527389e-02
 -2.4458615e-01
 -1.3888896e-01
  1.3496834e-01
 -8.8572538e-01
  9.3546247e-01
  1.2805685e-01
 -1.9048691e+00
  1.6568531e+00
  2.2152696e+00
 -3.0307508e+00
  2.4185634e+00
  3.2969692e-01
  4.2828414e-01
  2.6668618e+00
  1.3397913e+00
  1.3447781e+00
  1.5741844e-01
  5.5172080e-01
  3.5860577e-01
 -1.1792992e+00
 -3.8587468e+00
  7.0935339e-01
 -4.3437666e-01
  4.5478734e-01
 -1.8221152e-01
  3.0825267e+00
  9.7605199e-01
  5.7979274e-01
  1.4672436e+00
  6.0156770e+00
 -9.0385544e-01
  4.7003835e-01
 -1.3149601e+00
 -1.7700145e+00
  2.7814274e+00
  1.7821791e+00
 -1.8655933e-01
  5.5003965e-01
  6.0684395e-01
 -3.0392852e-01
  2.4612299e-01
 -9.2347518e-02
 -2.8712146e+00
  1.6365495e+00
  5.5654281e-01
  2.2301467e-01
  8.4295057e-02
  1.3963612e+00
 -7.1800463e-02
 -1.2287764e-01
  5.1810610e-01
  4.2104416e-02
 -1.2033302e-01
  1.5073009e-02
  2.4068089e-01
 -1.2204105e-01
 -5.9704520e-02
  3.7435046e-01
 -1.0796912e+00
  5.9376538e-01
 -7.9557484e-01
 -9.6665311e-01
  2.2104432e-01
  5.4880744e-01
  8.9825630e-01
  1.1565416e-01
  3.6535043e-01
  9.7932825e-03
  9.2650158e-04
  6.9994915e-01
  8.9428431e-01
 -1.4974369e-01
 -4.1964050e-02
 -8.6578935e-02
 -1.5700866e-01
 -2.2360094e-01
  4.0002152e-01
  5.8755153e-01
  8.4796679e-01
  6.0120726e-01
 -5.7394153e-01
  3.5168809e-01
  6.4412212e-01
 -1.6468932e-01
 -1.0217279e+00
 -1.3846849e-01
  1.4516312e+00
  8.9938694e-01
  1.7209746e+00
 -7.8517938e-01
 -3.8646588e-01
  1.5850940e-01
  1.3586122e-02
  6.9844723e-01
  3.4404868e-01
 -9.7429198e-01
 -3.5740012e-01
  6.0010260e-01
 -4.1438320e-01
 -1.8259437e-01
 -6.9976562e-01
 -7.5156790e-01
  8.3998215e-01
  2.1126893e-01
  7.8952454e-02
  2.7086162e-03
 -4.0734015e-02
  4.8677765e-02
 -2.7295148e-01
 -4.1675195e-02
  1.8461697e-02
 -4.3544400e-01
 -3.9384899e-01
  1.7407185e-01
 -4.0833360e-01
 -8.4444202e-02
 -9.4424404e-02
  3.1800324e-01
  2.6032448e-01
 -2.0112193e-01
  2.7469277e-01
 -1.8978392e-01
 -2.4898051e-01
  1.1482174e-01
  1.3674709e-01
  4.4972843e-01
 -2.5142998e-01
  3.3734775e-01
 -3.3311567e-01
 -2.4122162e-01
 -3.8056900e-03
 -2.4170062e-01
  9.2460580e-02
  5.5924471e-02
 -2.9211733e-01
 -3.9758705e-02
  3.1810611e-01
 -5.6739920e-01
 -9.2484944e-02
 -1.3545677e-01
  7.5814933e-02
  1.3172291e-01
 -1.7445890e+00
  2.0351313e-01
 -2.8765264e-01
 -8.8539258e-02
 -2.3418775e-01
 -2.1536379e+00
 -1.4537908e-01
 -5.1571660e-02
 -1.4623347e-01
  2.1466054e-01
 -4.2014826e-02
 -3.0575794e-01
 -7.0960992e-03
 -1.6539304e-01
  2.7069148e-02
 -1.8486266e-01
  7.2179206e-02
  2.1494837e-01
 -1.0084479e-01
  2.4003626e-01
 -1.4369155e-01
 -7.0224948e-02
 -4.9219400e-01
 -1.8900336e+00
 -1.8701830e+00
 -1.6602261e-01
  5.7361996e-01
 -4.4572335e-02
  3.6791119e-01
 -1.0784822e+00
  3.5172823e-01
  5.1267133e+00
 -6.1767120e-02
  3.3224317e-01
 -1.0079510e+00
  5.1289495e-02
 -5.2279615e-01
 -2.1374482e-01
 -2.4826279e-01
 -8.7448627e-01
  2.3639271e-02
 -3.6641866e-01
  2.1154566e-01
 -5.4909801e-01
 -4.6267349e-01
 -3.6078504e-01
 -6.9116080e-01
 -1.7116103e-02
 -3.6222401e-01
  1.8619722e-01
  4.0263882e-01
 -2.1461326e-01
 -1.3353170e-01
 -2.0231642e-01
 -1.7676751e-01
 -4.6984941e-01
 -2.8575563e-01
 -3.2247502e-01
 -3.5800317e-01
 -2.9243112e-01
  3.0374676e-01
  7.7045605e-02
 -2.5609964e-01
 -4.2123535e-01
 -4.8392934e-01
 -2.5201815e-01
  2.8772062e-01
  3.6590707e-01
  1.1010262e-01
 -2.1150880e-01
  4.7550210e-01
  1.5399340e-01
 -2.1973555e-01
  9.7529583e-02
 -1.4147497e+00
  2.7954829e-01
  1.5743008e-01
  3.3643441e+00
  3.3134489e+00
  2.5764985e-02
  1.1335233e+00
  3.9667460e-01
 -1.2874618e-01
  2.5488572e+00
 -1.3335449e+00
 -2.1326830e+00
 -3.0054531e+00
  3.8424170e-01
  9.8151423e-02
  1.2220055e-01
 -6.1514878e-01
 -2.0905386e-01
  5.4922986e-01
 -2.4040768e+00
  1.5703253e+00
  8.5334772e-01
  1.5426898e-01
  1.5861014e-01
  4.3117041e-03
 -7.2374249e-01
  7.4464893e-01
  2.2025621e-01
 -3.9502499e-01
 -4.5500576e-01
  4.6522298e-01
 -2.4696475e-01
  2.1114042e-01
 -1.5522727e-01
  4.3332753e-01
  1.2463224e+00
  2.0720176e-01
  6.4864814e-01
  4.2194688e-01
 -1.2030201e-01
 -5.4427958e-01
  1.0981110e-01
  2.2533206e-02
  3.6694393e-01
  1.1064920e+00
  5.2338637e-02
 -9.8013908e-01
 -4.3982318e-01
  8.2118593e-02
  1.5119976e-01
  1.9120599e-01
 -2.3015033e-02
  5.4346606e-02
 -5.4886583e-02
 -1.9226849e-01
  4.0390688e-01
 -1.1478382e+00
 -3.5215881e-01
 -5.4261465e-02
  6.5633371e-02
  5.3256385e-02
 -3.0794151e-02
  1.6430983e-01
 -7.5828320e-01
  1.3957894e-01
 -1.4683886e-01
 -7.5338133e-02
 -1.7835271e-01
  1.9757718e-01
  2.5756741e-01
 -1.8002172e-01
 -2.9941964e+00
 -1.5124649e-01
 -1.6779471e-02
  1.2297611e-01
 -2.8978345e-01
 -4.3438804e-01
  4.0499642e-03
  1.6697142e-02
 -2.5835842e-01
 -9.1828227e-02
  1.0707407e-01
 -2.5072885e-01
 -3.4997866e-02
 -1.1939424e-01
  1.1151227e-01
 -1.5480439e-01
  1.1320094e-01
  4.6149410e-02
 -4.3958285e-01
 -4.3184432e-01
  2.7886777e+00
 -3.7333801e-01
  5.7851169e-02
 -3.1381138e-02
 -1.0609921e-02
  2.6436782e-01
  1.8742046e-01
 -7.5620189e-03
  1.9268632e-01
 -3.5612971e-01
  2.4227166e-01
  3.9965552e-01
  6.8861410e-02
 -8.3486475e-02
 -2.2480334e-01
 -6.0661718e-02
  1.1241020e-01
 -1.7097817e-01
 -6.8788249e-03
  4.5896377e-02
 -7.0655042e-01
 -9.7393364e-02
 -1.6637655e-01
 -3.0336648e-02
 -2.7639350e-01
 -1.2076592e-01
  3.7535265e-02
  2.2662421e-01
 -1.0648163e-02
  1.3127454e-02
  1.2346628e-01
  1.0582182e-01
 -3.2716095e-01
  9.1634601e-02
 -1.0929734e-02
 -1.4055409e-01
 -2.8185764e-01
  1.8251263e-01
 -1.9492868e-01
  6.4637589e-01
 -1.8665703e-01
  2.8293839e-01
 -1.1131423e-01
  3.9038202e-01
  7.6249063e-02
  3.7528045e-02
 -2.2369858e-02
  2.6397124e-02
  1.1580274e-01
 -2.2047351e-01
 -2.4349226e-01
 -2.7075276e-01
 -3.3461872e-02
 -6.7279443e-02
  2.5264761e-01
 -1.3485250e-01
 -5.3216433e-03
 -3.1501345e-02
  1.3103996e-01
  1.5826912e-01
 -1.6704166e-01
 -1.0140515e-01
  1.6143204e-01
  1.9789934e-02
 -6.8415329e-02
  8.0868810e-02
 -5.9397019e-02
  1.0088206e-01
 -8.3675317e-02
 -2.0312693e-02
 -3.9661041e-01
 -3.2464355e-01
 -2.5649902e-01
  8.1109293e-02
  3.2137322e-01
  1.0914769e+00
 -2.7265863e-02
  4.2659482e-01
  8.1129856e-02
 -3.5919435e-02
  3.6334491e-01
 -4.8888344e-01
  1.9854289e-01
 -1.0064223e-01
  1.9221082e-01
  3.3054641e-01
 -1.0896982e+00
 -1.1097250e-01
  4.1035138e-02
 -7.9510033e-02
  1.4075302e-01
  8.7389715e-02
 -2.4554694e-01
  2.7359286e-01
  4.2292333e-01
  6.8436280e-02
  1.1422883e+00
 -7.2363883e-02
 -2.0207661e-01
 -2.4844705e-01
  1.8125729e-01
 -6.7951433e-02
 -7.0356481e-02
 -4.9740532e-01
  2.2185476e-01
 -8.5351862e-02
  8.8910535e-02
 -1.9522366e-01
  6.1532384e-01
  1.7772298e-01
 -1.9158309e-02
 -1.6440567e-01
  8.9422047e-02
 -1.1114408e-01
  6.8208748e-01
  3.3697107e-01
 -2.8111607e-01
  8.0263220e-02
  2.9580453e-01
  2.0194346e-01
  2.4290794e-01
 -7.6857984e-02
  1.1045077e-01
 -1.1272616e-01
  9.8737255e-02
 -2.7021682e-01
  2.5671503e-01
 -7.9807952e-02
  1.1256505e+00
 -3.1735237e+00
 -1.9981960e+00
  1.2839167e-01
  3.9996156e-01
  2.4628279e-01
 -2.4801624e+00
 -3.1665168e+00
  2.1282101e+00
  2.7167690e+00
  6.7926395e-01
 -1.9257677e-01
 -1.9854063e+00
  8.5133070e-01
  1.2604383e-01
 -3.2536975e-01
 -1.9203222e-01
 -1.2732086e+00
  1.9598064e-01
  7.9641914e-01
  5.7737088e-01
 -5.9327269e-01
  4.1365460e-01
  1.9607790e-02
  1.8974072e-01
  3.7912008e-01
  8.5823542e-01
  1.9083391e-01
 -1.7250836e-01
  6.5835834e-01
  4.7717860e-01
 -1.5519572e+00
  1.4585298e-01
  2.1474864e-03
 -3.1513023e-01
  4.9432826e-01
 -4.4969651e-01
  1.1323291e-01
  2.1787313e-01
  6.5110534e-01
  1.8687040e-01
  1.9230437e-01
 -1.1579155e-01
 -2.4566230e-01
  5.4705703e-01
  3.7840575e-02
 -2.8542392e-02
  4.6663944e-02
 -4.1132804e-02
  1.5375729e-01
 -4.4072397e-02
  3.1963950e-01
 -2.7830139e-01
  1.2176845e+00
 -4.7864172e-01
  1.6954191e+00
 -4.6696644e-02
  3.2967141e+00
 -1.4433575e+00
 -2.1314909e-01
 -2.5777781e+00
  6.7876771e-02
  2.0196474e+00
  9.1547006e-01
  1.7438920e-01
 -2.4664667e+00
 -9.0727723e-01
  2.1865940e+00
 -9.5923167e-01
  2.2121747e-01
 -1.6156533e+00
  3.3662450e-01
  1.7627146e+00
  6.8370754e-01
 -2.1232305e+00
 -3.4705129e+00
  2.1516101e+00
 -3.3649468e-01
  4.5289713e-01
 -7.5018638e-01
  8.9122260e-01
  5.6041420e-01
  2.0436963e-02
 -2.5900576e-01
 -3.4436574e+00
  1.9333199e+00
  5.2996820e-01
 -5.4784840e-01
 -9.5477307e-01
  4.9576545e-01
 -4.1454759e-01
  2.0510699e-01
 -2.0269243e-01
 -1.0767946e+00
  8.4671998e-01
  1.0514731e-01
  1.1283372e-01
  7.6845157e-01
 -5.6448233e-01
 -5.8425777e-03
 -2.0044966e-01
  1.9890311e-01
  2.2124682e-01
 -2.8480113e-01
  2.3247683e-01
 -6.4835340e-02
 -9.6878864e-02
  1.4805319e+00
  4.0762269e-01
 -3.6161501e-02
  4.5083448e-01
 -2.8289723e-01
  2.4397916e-01
  1.0707708e-01
 -7.5056210e-02
 -2.5687160e+00
 -1.1739679e-01
 -1.9909762e-01
  1.9036636e-01
 -2.7869627e-01
  2.6829492e-02
  1.0057218e-01
  9.1955243e-03
  2.0251791e-01
 -3.2072842e-01
  1.5174668e-01
 -3.5761133e-01
 -1.0655373e-01
 -2.7463695e-02
  1.4286475e-02
  4.9151173e-01
  8.6612463e-01
 -4.5752708e-02
  3.2970151e-01
  3.2394287e-01
 -1.5826082e-01
  1.8001078e-01
 -4.8665175e-01
  3.7334803e-01
  3.5400826e-01
 -3.0956572e-02
 -6.7668080e-02
 -3.5697252e-02
  9.2627361e-02
  1.6051020e-01
  2.4975386e-02
 -2.4262440e-01
 -1.0994923e-01
  4.4030261e-01
  1.5987292e-01
 -1.5046872e-01
 -9.3900457e-02
 -5.7289743e-01
  3.0318025e-01
  7.8641623e-02
  3.5222448e-02
  2.7815089e-01
  4.0069312e-01
  3.2826740e-02
 -6.2502906e-02
 -1.6022630e-01
 -1.9098310e-01
 -1.2075959e+00
 -7.9703164e-01
 -1.7913777e-01
  4.8367820e+00
 -7.7732080e-01
 -1.3609455e+00
  1.0339406e+00
 -3.1396422e-01
 -1.4518939e-01
 -7.4587023e-01
 -4.0169942e-01
 -4.8202500e-02
 -1.0315248e+00
  4.0131491e-02
  3.0949664e-01
  1.1665382e-01
  1.4001620e+00
  8.7901789e-01
  2.4764520e-01
  5.3076190e-01
  2.1421397e-01
 -2.0537725e-02
 -2.5954936e-02
  5.2375370e-01
  1.1965088e-03
 -1.1007378e-01
 -8.7043899e-01
 -2.8221327e-01
 -1.4865102e-01
  5.7132292e-01
 -1.9477896e-01
 -1.6317204e-01
  1.3009742e-01
 -4.7393493e-02
  6.3656127e-01
  1.2491813e+00
 -1.1509234e-01
  4.2858917e-02
 -1.4973721e-01
  5.2343190e-01
 -3.4843299e-01
 -3.2025576e-01
  1.1953045e-01
  2.4362113e+00
  1.4780487e+00
 -6.7406826e-02
  6.9124438e-02
 -2.2400492e-01
  1.3156924e-01
  7.4915513e-02
  1.2085441e-01
  5.2813873e-02
 -4.5528939e-01
  5.6575704e-01
 -6.6245383e-01
 -1.0230795e+00
 -8.5312134e-01
 -5.8129472e-01
  8.9818701e-02
 -6.9043684e-01
 -1.6454306e+00
  1.7890474e+00
 -7.7703393e-01
  3.1816542e-01
 -2.8939953e-01
 -5.7300508e-01
  7.8654313e-01
  6.7817324e-01
  6.5466958e-01
 -6.4333633e-02
  4.2437446e-01
  3.7451923e-01
 -3.0324998e-01
  4.1910995e-02
 -9.1471881e-02
 -4.1815624e-02
  1.0697052e+00
 -9.2766024e-03
  1.0164034e-02
 -2.8675184e-01
 -5.5169302e-01
 -4.6605393e-01
 -1.7473117e-01
 -2.4943894e-01
  4.0673876e-01
 -1.6656433e-01
  1.5889426e-01
 -8.6945787e-02
 -1.9993338e-01
 -3.0455858e-01
 -4.8132256e-01
  1.2327112e-01
 -1.5422645e-01
  3.8803211e-01
 -7.6081556e-01
 -3.3772808e-01
  9.9599548e-03
  3.0376940e+00
 -8.7215118e-02
 -1.1850971e-01
 -3.9369431e-01
  3.0016798e-01
  4.4833142e-02
 -4.8986727e-01
 -2.9366059e+00
  3.8944524e-02
 -1.6973624e-01
 -1.2570277e-01
  1.1775733e-01
 -3.3869997e-01
 -5.7716798e-02
 -1.1912359e-01
  1.7800610e-01
 -2.3551965e-01
 -1.2812562e-01
  1.8001233e-01
 -1.1532463e-01
  4.7104156e-01
 -1.3773676e-02
  2.8048357e-01
 -9.1705814e-02
 -5.8300048e-04
 -4.9546249e-03
 -1.0771336e-01
 -1.6396120e-03
  1.7739071e-01
 -7.4691720e-02
 -1.0748172e-01
  2.4307499e-02
 -4.9341971e-01
  2.1380430e-02
 -1.2341234e-01
  1.4542186e-01
  4.0265694e-02
  2.2269860e-01
  1.7786108e-01
  2.4296727e-02
 -1.1405833e-01
  2.4597400e-01
  2.8308276e-02
 -1.2017424e-01
  4.5048806e-01
 -5.1872324e-02
  7.4097231e-02
 -1.0654875e-01
  3.5724047e-01
  1.4289553e-01
  4.4316925e-02
 -3.0163634e-01
  1.0417567e-01
 -1.8575311e-01
  7.0785254e-02
 -8.5312366e-02
  3.1191386e-02
 -3.5463923e-01
 -3.2371685e-01
  1.0126694e-01
  1.3006008e-01
  5.6117916e-01
  5.8154896e-02
  1.3642468e-02
 -3.6384445e-02
 -1.2801797e+00
  5.5805176e-01
 -1.2148638e+00
 -1.7007780e+00
 -8.9523727e-01
  2.9544082e+00
 -3.9340622e+00
  9.2745876e-01
  5.4767668e-01
 -1.8320954e+00
  1.3636485e-01
 -8.5429597e-01
 -7.7193201e-01
 -4.9714670e+00
  2.4327860e+00
  1.9407556e+00
 -2.0376097e-01
  1.5403680e+00
 -8.4628946e-01
 -6.0353070e-01
 -2.1896191e+00
 -8.8778175e-02
 -2.5060289e+00
  2.8356289e-02
 -7.3308110e-01
  2.4634387e+00
 -2.2324123e+00
  1.6711496e+00
 -2.7809601e+00
 -2.3092067e+00
  1.2181532e+00
 -1.2750685e+00
  5.9766883e-01
  9.6908766e-01
  1.6879414e-03
 -2.1535561e+00
  1.2477211e+00
 -3.9179596e-01
 -1.2614889e-01
 -1.3000923e+00
  9.8282360e-02
 -8.9987034e-01
 -8.2208544e-01
  4.3197623e-01
  2.9620463e-01
  1.3793921e-01
  2.1077204e-01
 -1.6616097e-01
 -7.6350749e-01
  1.4821389e-01
  8.0428666e-01
  1.4842764e-01
 -3.7681729e-01
  1.8555747e-01
 -5.0837421e-01
 -1.2470144e-02
  5.2876983e+00
  6.3192499e-01
  1.2094426e+00
 -2.7508750e+00
 -6.1073995e-01
  9.6610940e-01
 -2.3822799e+00
 -1.1257710e+00
 -6.5744019e-01
 -2.5910943e+00
 -2.0909867e-01
 -3.1764686e+00
 -3.4086809e-01
 -6.0567643e-02
  1.3848704e-01
 -1.8001748e+00
  3.2875955e+00
  1.6164099e+00
 -9.9886656e-01
  7.8895956e-01
 -9.4617623e-01
  2.9720584e-01
  1.6552281e+00
  8.2933769e-02
  3.2628846e+00
  6.3422364e-01
  5.0027609e-01
 -2.6596465e+00
  1.8986164e-01
 -1.2596415e+00
 -1.6651162e+00
 -2.5073571e+00
 -2.2149045e+00
  9.3327940e-01
  1.7986234e+00
 -6.3998514e-01
  4.0697089e-01
 -1.9818090e-01
 -3.1543646e-02
 -1.9268157e-01
  1.4544198e-01
  3.2891378e-01
 -1.1791410e+00
  3.2357085e-01
  1.6712854e+00
 -1.3759313e+00
  8.7819815e-02
 -1.6723310e+00
 -7.8078562e-01
 -1.3201815e-01
  2.4774523e+00
  7.9153371e-01
  8.6267704e-01
  1.8359164e+00
 -9.3945250e-02
  4.3528697e-01
  6.1494291e-02
 -9.9496293e-01
  4.1441491e-01
 -1.8905002e+00
  1.5041508e-02
 -3.4342027e-01
  2.6701837e+00
 -1.7016988e+00
 -1.5094435e-01
  1.3975977e+00
  5.2988763e+00
  2.6888001e-01
  1.5819335e+00
 -7.0272785e-01
 -2.1557596e+00
  1.6335699e-01
 -1.3060874e+00
 -2.7396200e-02
 -9.3316805e-01
 -1.6089966e+00
 -5.4629505e-01
  1.5139878e+00
 -2.9420236e-01
  1.2528275e+00
  2.1665912e+00
  1.3206008e-01
  8.6828500e-01
 -6.7947364e-01
 -1.7968941e+00
 -8.9792341e-02
  7.7635437e-01
 -1.2075584e+00
  2.5597988e-03
 -1.0552743e-02
  1.5388696e-01
  3.0553060e+00
  1.5444745e+00
 -1.4719079e-01
 -3.3840113e+00
 -3.4374854e-01
  7.6455427e-03
 -1.6024163e+00
  6.3772231e-01
  7.2353259e-02
 -1.2944602e-02
 -4.6466699e-01
  1.0329266e+00
  2.2391839e-01
  5.0576586e-01
 -1.8532883e-01
  1.0392454e+00
  4.8757845e-01
 -4.7279182e-01
  4.1722423e-01
  5.8405155e-01
  1.1856915e+00
  1.0154002e+00
 -1.5137249e-01
 -4.7121975e-01
  2.2739762e-02
  3.6113966e-01
 -2.9445955e-01
  1.3662601e-01
 -9.7491937e-03
  6.5074283e-01
  1.1515455e+00
 -8.5700035e-02
  5.4196852e-01
 -2.0649798e-01
 -4.6988031e-01
 -4.9241027e-01
  5.9567696e-01
  3.6079162e-01
  7.1199673e-01
  5.4782897e-01
  2.4808970e-01
 -2.6550993e-01
 -1.5048797e-01
  1.1326842e-01
 -1.5745215e-01
  7.9553854e-01
 -1.2346542e-01
  2.1922286e-01
  5.4823714e-01
  4.0394050e-01
  2.9092816e-01
  7.7462561e-02
 -1.5623970e-01
 -4.4808928e-02
 -8.5628413e-02
 -4.0848296e-02
  2.2353674e-01
  5.6243844e-02
 -6.3249655e-02
  1.5891647e-01
  3.9740050e-01
  3.2965472e-01
  5.1359439e-01
  6.1260700e-01
 -4.5800784e-01
  3.2021540e-01
  5.8556110e-01
  5.0652719e-01
 -1.4544661e-01
 -1.7668802e-01
 -6.9227524e-02
 -1.1529402e-01
  1.3146566e-03
 -2.0255072e-01
 -1.4948574e-01
 -1.1459401e-02
 -1.9259308e-02
 -2.0529163e-01
 -1.0593077e+00
  1.2328392e-01
  5.4385062e-02
  6.8119794e-02
 -1.3253453e-01
  2.0035528e-01
  2.2467071e-01
 -2.1163754e-01
 -2.4728265e-01
  1.5629703e-01
  3.0029437e-01
  7.0025638e-02
  1.7173573e-01
  1.3543649e-01
  3.6720324e-01
  6.5306142e-02
  1.4152463e-02
 -9.8815925e-02
  3.4029874e-01
  1.3483851e-01
 -2.0883866e-01
 -4.4385329e-02
 -8.5642941e-02
  1.7327403e-01
 -4.9025320e-02
 -5.7069886e-01
 -1.1609938e-01
  2.3156711e-01
  4.1739956e-01
 -1.7004049e-01
  1.0436494e-01
 -3.7646770e-02
 -1.6261993e-01
  7.3820084e-02
  8.3698146e-02
  2.2178559e-01
  6.4666502e-02
  1.0458255e-01
  4.3649998e-01
 -4.1809294e-01
  6.0184859e-02
  3.3133888e-01
 -2.1688586e-01
 -5.5625346e-02
  9.7029352e-01
 -3.3880109e-01
  4.4266337e-01
  3.0817243e-01
 -4.1490254e-01
 -1.2090450e-01
 -6.6093273e-02
 -8.8892406e-01
  2.1486442e-01
  5.5443287e-02
 -2.6708883e-01
  2.3316416e-01
  7.0048340e-02
 -4.3002382e-01
 -4.3322578e-01
 -1.8345757e-01
 -9.8817611e-01
  2.4275284e-02
 -1.6645397e-01
 -1.9066767e-01
 -1.0094960e-01
 -7.2981440e-02
 -4.3542829e-01
  6.3916169e-02
  2.2446479e-01
 -6.8080044e-01
 -4.1052275e-03
 -3.6148107e-01
  5.6096376e-03
  2.0934204e-03
 -6.5138996e-02
 -6.4609647e-01
  3.7736931e-01
  4.7602585e-01
 -2.7263588e-01
 -5.1853377e-01
 -3.8389751e-01
 -3.2374898e-01
  1.4406705e-02
  2.6862758e-01
  2.4256088e-01
  6.4678669e-02
  2.9505199e-01
 -3.6100218e-01
  2.9611397e-01
  1.3319916e-01
 -1.3230324e-01
  2.4206593e+00
 -1.4070492e+00
 -7.6780015e-01
 -9.4073367e-01
  7.8423792e-01
  1.6069131e+00
  7.2654688e-01
  1.9023989e-01
  3.4897604e+00
  2.6420107e-01
 -1.2684420e-01
  5.3262955e-01
  3.2907303e-02
  1.6597925e-01
  5.5183363e-01
 -2.3060367e-01
  2.7014664e-01
  1.8626894e-01
 -1.2977529e-01
  7.9543121e-02
  6.6037798e-01
  4.7929621e-01
  2.3516588e-01
  6.6031587e-01
 -1.5442055e-01
 -8.1338279e-02
 -7.3192626e-02
  2.2062427e-01
 -1.5461589e+00
  6.1234809e-02
  3.0749780e-01
  3.2773376e-01
  1.0306013e+00
  2.2192927e-01
  2.4666058e-01
  2.7903134e-01
 -3.1040240e-02
 -9.3226373e-01
  5.3686404e-01
  1.3126640e-01
 -1.3096476e+00
  5.5700243e-01
 -1.6805328e-01
  5.7211810e-01
  6.2849694e-01
  3.9322633e-02
  1.2275839e-01
 -9.0026401e-02
  1.8093446e-01
  4.6183997e-01
 -1.7946355e-02
  2.5371748e-01
 -2.5696445e-01
  2.5014880e-01
 -2.0030174e-01
 -9.2562616e-01
 -5.6305885e-01
  6.5937750e-02
 -9.2604332e-02
  3.2836166e-01
  4.1613656e-01
  9.7121291e-02
 -3.7855330e-01
  1.9382723e-02
 -2.3679909e-01
 -9.7923018e-02
 -8.0132261e-02
 -2.5757286e-01
 -3.3281121e-02
 -1.5994206e-01
 -2.4919045e-01
 -1.2958971e-01
 -4.0918398e-01
 -1.1115260e-01
 -3.0439281e-01
  2.0092286e-01
  3.1038833e-01
  2.4584221e-02
  1.9312602e-01
 -4.3160111e-02
 -2.9908764e-01
 -8.6197920e-02
  2.0864652e-01
 -2.2856167e-01
 -1.4767782e-01
 -1.1475316e-01
  3.1586298e-01
  1.1111503e-01
  3.1518719e-01
 -1.6828300e-01
 -2.0087880e-01
  3.2712149e-03
  3.1017014e-01
  2.5885993e-01
  1.7338997e-02
  1.4685349e-01
  7.6566324e-02
  8.2263671e-02
 -3.6570677e-01
  2.1046215e-01
 -2.9444493e-02
  9.2859775e-02
 -1.2716682e-01
 -1.9284241e-01
 -8.7842152e-02
  5.9940532e-02
  1.8192284e-02
  1.1094915e-01
  2.1645737e+00
  2.4261375e-01
 -5.7206517e-01
 -5.1724398e-01
  2.4896912e-01
 -1.5604140e+00
 -1.5315148e-01
  2.1954944e+00
 -2.4356112e+00
  2.6507065e-01
 -1.8187225e-01
 -5.6696248e-01
  9.4640464e-02
 -2.9940724e+00
 -2.0047495e-01
  2.8594960e-02
 -5.6035566e-01
  1.5609398e+00
  4.0309942e-01
 -1.5470207e-01
 -7.0244920e-01
 -5.5149591e-01
 -1.6849829e+00
 -7.4718165e-01
  3.4581240e-02
 -7.7981663e-01
  4.8216861e-01
 -2.0029464e+00
  4.0826764e+00
 -9.9397188e-01
 -1.4344088e+00
 -3.9405367e-01
  1.0758471e+00
  3.5232961e+00
 -7.6208431e-01
 -4.3272343e-01
 -4.0712908e-01
  2.0094790e+00
 -1.1199798e-01
 -3.3426121e-02
  7.2187948e-01
 -4.6673295e-01
  2.2391722e+00
 -6.0488921e-01
 -9.8420018e-01
  8.0018699e-02
 -6.0854554e-03
  5.4329596e-03
 -2.5907017e-02
  4.0150854e-01
 -1.9132590e-01
 -1.7594522e-01
 -2.0862171e-01
  2.7216536e-01
  2.0617495e-01
 -8.2766473e-01
 -3.2020451e-03
  1.4952722e-01
 -2.9493371e-01
 -1.4305122e+00
 -7.9369384e-01
  1.0115999e+00
 -6.2742718e-02
 -6.2436584e-02
 -2.2282596e-01
  2.0642370e-01
  6.2033143e-02
 -1.2383860e-01
  5.9771127e-01
 -1.6126680e-01
 -2.0959264e-01
 -2.1336015e-01
 -1.1642344e-01
 -2.7366761e-02
  4.8253828e-01
 -6.8816748e-03
  1.1919905e-01
  2.1212077e-01
  9.0328097e-02
 -1.0917486e-01
  1.2036280e-01
 -2.5835621e-01
  2.2928700e-02
  5.1513880e-01
 -2.5645113e-01
  2.3978181e+00
  4.6555543e-01
 -4.3581524e-01
  9.3071043e-02
 -4.9397194e-01
 -3.1848356e-01
 -2.5568396e-01
  3.5936224e-01
 -3.2318306e-01
 -1.3446513e-01
 -1.3705106e-01
 -8.8383332e-02
  2.6892719e-01
  6.6028792e-01
 -2.1627785e-01
 -1.9571419e-01
  8.4268637e-03
  1.6773419e-01
 -9.2508279e-02
  2.4056239e-02
  1.7591372e-01
 -3.4532413e-02
 -3.3623338e-02
 -2.6316650e+00
  1.7961532e+00
 -1.5445108e+00
  3.0749927e+00
 -6.5209270e-01
 -1.2342352e+00
  2.2624757e+00
  3.9941636e-01
  2.3634198e+00
 -9.5690137e-01
 -4.8132926e-01
 -2.1689193e+00
  8.3149813e-02
 -1.2034398e-01
 -1.9676971e-01
 -6.5879053e-01
 -4.1156721e-01
 -7.6635160e-02
 -1.3331556e-01
 -2.3589051e-01
 -5.4068035e-01
 -3.8668054e-01
 -2.2878082e-02
 -4.8176718e-01
 -4.1345435e-01
  1.7870779e-01
 -7.0306134e-01
 -5.9069407e-01
 -7.6778346e-01
 -4.7578686e-01
 -1.3291026e-02
  1.3466594e-01
 -2.2548157e-01
 -4.8508677e-01
 -2.4503501e-01
  8.2405400e-01
 -1.1289936e+00
  3.9302132e-01
 -3.6457723e-01
 -3.3259726e-01
 -9.5663840e-01
 -5.5426382e-02
  1.4086491e-01
 -3.5832950e-01
  1.2213324e+00
  3.3887543e-02
 -2.0441243e-01
 -2.1321889e-02
 -2.2701825e-01
 -7.3720083e-02
  5.6162320e-02
  1.0626759e-01
  3.6140716e-01
  5.9726752e-02
 -2.7022302e-01
  8.9738470e-01
 -2.2898303e-01
 -7.2887108e-02
  2.2866312e-01
 -1.1108794e+00
 -1.7467083e-01
  2.1789609e-01
 -1.9154391e-01
 -2.8163139e-02
  2.0862491e-01
 -3.9396599e-02
  2.0352219e-01
 -1.5930258e-01
 -6.5527409e-02
 -1.8844062e-01
 -7.4801460e-02
 -9.4182648e-02
  5.1915031e-02
 -1.2692383e-01
 -1.9262739e-01
  2.0273708e-01
 -7.9014897e-02
  1.2955828e-01
  1.8699342e-01
 -2.4333835e-01
 -2.6582234e-02
 -2.6803154e-01
  2.4265602e-01
 -3.3052441e-01
  1.6838658e-01
 -2.6571002e-02
  2.5632316e-01
  3.4615803e-01
 -6.4592231e-03
  8.6825353e-01
 -2.1941176e-01
 -2.7810616e-02
  7.6412641e-02
 -3.0277154e-01
  9.6167825e-02
  4.7897883e-02
 -4.1639850e-01
  9.8549888e-02
 -3.3483487e-01
 -2.0502485e-01
 -2.1171831e-02
  6.7647606e-02
 -1.5961840e+00
 -6.3287139e-02
 -2.6221180e-01
  4.0352516e-02
  9.2208639e-02
  2.8451823e-02
 -1.4093161e-01
  2.2489679e+00
  2.6039627e-01
 -6.2797219e-02
  9.7639978e-02
 -2.1168667e-01
 -3.9854147e-02
 -2.7684340e-01
  1.9060421e-01
  1.7565396e-01
 -1.8670990e-01
  1.4971817e-01
 -8.1506953e-02
  1.7150334e-01
 -9.9064723e-02
 -6.8539105e-02
  1.3491882e-01
 -8.2504198e-02
 -7.0562765e-02
 -1.6471133e-01
 -4.1320093e-02
 -1.5508045e-02
 -3.0983704e-01
  1.0015880e-01
  1.7026481e-01
 -1.7225731e-02
  3.2170025e-01
  3.4705475e-01
 -2.7054411e-01
 -1.0313056e-01
  1.9772248e-02
 -2.4815980e-01
 -1.1055294e-01
  6.0196485e-02
  1.1131126e-01
 -3.1426363e-02
 -1.0505074e-01
  3.3981338e-02
 -6.1336413e-02
  7.6631323e-02
  5.2751623e-02
 -1.9696908e-02
 -7.1337059e-02
  6.2627546e-02
 -6.3886136e-02
  3.9422996e-03
  6.8356067e-02
 -2.3769662e-01
  2.9432487e-01
  1.3067971e-01
 -3.9102416e-02
 -4.9758974e-02
 -2.7701456e-02
 -1.8070798e-01
 -5.4814968e-02
 -7.6332247e-01
  5.6658279e-02
  1.7366929e-02
 -6.1124331e-01
 -2.8273174e-01
 -6.8779910e-01
  2.9608268e-01
  4.3354183e-01
 -1.7894977e-01
 -2.1973969e-03
 -1.9247109e-01
  5.5015692e-03
 -7.8122333e-02
  3.7790217e-02
  3.6270529e-02
 -2.3183928e-01
  2.7354866e-01
  1.1609561e-02
 -3.4898847e-01
  9.9590331e-02
 -4.5851535e-01
  1.0128351e-01
 -2.6508114e-01
  3.9628543e-02
  1.6280049e-01
  2.0695300e-01
 -5.8065343e-01
 -3.4696293e-01
 -4.5607120e-02
 -2.5251374e-01
  5.3903431e-01
 -1.2492014e-01
 -1.8351498e-01
 -2.9422969e-01
  9.9459849e-02
  4.6201609e-02
  9.9696137e-02
 -3.2007124e-02
 -1.1948491e-01
  2.8823659e-01
  2.5267100e-01
  4.1715384e-01
  1.7880695e-01
 -1.8675379e-01
  6.0190094e-01
  1.5958206e-01
  5.4289773e-02
 -6.8795281e-03
 -1.5763073e-01
  2.5146704e-03
 -1.5115857e-01
  5.7726443e-02
  2.9106510e-01
  1.3025050e+00
  6.2246150e-01
 -3.4259405e+00
 -2.0610187e+00
  3.5560778e-03
 -1.1435891e+00
  1.1593177e-01
  1.0506706e+00
  4.8657289e-01
  3.8668573e-01
 -1.0759497e-01
  3.7326422e-02
 -1.8158334e-01
  9.6382171e-02
 -2.3593102e-01
  2.3708801e-01
  3.2377249e-01
 -2.6442364e-01
  1.2212469e-01
  1.2059002e-01
 -1.0043678e+00
  3.0771631e-01
 -4.0385059e-01
 -1.7146091e+00
 -1.8498224e-01
  8.9103684e-02
 -9.6848994e-01
  2.9997736e-02
 -2.5156710e-01
 -2.0143781e+00
  3.6430311e-01
 -4.6030450e-01
 -2.2391844e-01
  1.6057041e+00
 -1.7580232e-01
 -3.5015231e-01
 -2.8403750e-01
  3.2370798e-02
 -7.1456254e-01
  5.2662510e-01
  8.5235500e-01
 -6.0265318e-02
 -4.2161310e-01
 -4.6210495e-01
 -1.1163579e+00
 -5.0130403e-01
  1.9210267e-01
  2.5259578e-01
  1.7619991e-01
 -1.9193491e-01
 -3.7359434e-01
 -3.4764268e-02
  1.8027352e-01
  2.0661823e-01
  2.9629443e+00
  1.6284884e+00
 -4.6421818e-02
 -2.2920423e+00
 -1.9560195e+00
  2.4844756e+00
  3.1579056e+00
  5.6122279e-01
  6.1171788e-01
 -9.4744146e-01
 -3.1366028e-02
 -9.0608867e-03
  1.7392302e-01
 -1.4824905e-01
  3.9220122e-01
 -2.7887520e-01
  2.2973287e-01
  1.9879186e+00
 -5.4605901e-01
 -4.7874546e-01
  3.5829306e-01
  4.4470049e-02
 -9.6527100e-01
  5.5310473e-02
 -4.5366505e-01
  7.1385622e-01
  2.5530372e+00
 -9.9062151e-01
  3.1786603e-01
  1.1740997e+00
 -1.5411059e+00
 -5.3480282e-02
 -3.2809499e-01
  9.0871364e-01
  5.4111314e-01
  1.3429754e+00
  3.6627764e-01
 -3.4227499e-01
  4.1348499e-01
 -6.8439317e-01
 -1.0654844e+00
  4.4818044e-01
  1.6897293e+00
  3.5112885e-01
  5.8038205e-01
 -2.3585480e-01
 -1.5665579e-01
  2.6913965e-03
 -2.6182357e-02
  9.7166228e-01
  4.4573700e-01
 -3.4289920e-01
  3.3471751e-01
 -1.5421394e-02
  1.3112521e-01
 -7.9459214e-01
 -8.9024037e-01
  1.4506987e-01
  1.4440215e-01
  1.7744899e-01
  2.6381105e-01
  3.6013253e-02
  1.8510365e-01
 -1.2686656e-01
 -8.0599025e-02
 -1.2777178e-01
  4.3176401e-02
 -5.1430117e-02
 -1.0230376e-01
 -1.7450620e-01
  4.3799404e-02
  3.3380583e-01
 -3.5615134e-01
 -2.5168365e-01
  3.1730285e-01
 -2.0258400e-01
  1.4524230e-01
  2.0004116e-01
 -2.3524496e-01
 -2.0307748e-01
  6.1799623e-02
 -1.5655613e+00
 -2.3679286e-01
  3.9436027e-02
 -8.1898943e-02
  4.1893053e-01
  1.6418555e-01
 -2.0922934e-01
  2.8133467e-03
 -2.9411480e-01
  5.6860492e-02
  2.2929406e-01
 -1.6995819e-01
 -8.7911069e-02
  1.6035271e-01
 -2.1760218e-01
 -1.6240242e-01
 -4.4141829e-02
 -7.2240114e-02
  1.0525035e-01
  4.5523904e-02
  6.9913350e-02
  1.7364524e-01
 -4.5517688e-03
 -1.8848248e-01
  4.3526795e-02
  1.1410896e-01
 -1.0961892e-01
  6.6139966e-02
 -1.0102079e+00
  1.3627774e+00
 -1.2651570e+00
 -2.8069630e-01
 -2.7986267e-01
  1.0956309e+00
 -1.2300007e-01
  2.4724571e-01
  1.4544740e-01
 -1.6501242e-01
  6.1310459e-02
 -2.4841945e-01
 -2.1096125e-01
  6.9854341e-02
  2.0051426e-01
 -4.1050422e-01
  8.5300960e-02
  2.1329333e-01
  1.2662007e-01
 -1.8319908e-01
 -3.2694209e-03
 -8.8498965e-02
 -1.7105721e-01
  3.4205598e-01
 -2.1089591e-01
 -1.8582845e-01
 -9.1329701e-02
  6.9486961e-02
 -2.4315846e-01
 -2.0367689e-01
  9.8379034e-01
 -6.7505382e-02
  7.3278800e-02
 -7.3539805e-01
  6.7238468e-01
  5.7441801e-01
 -8.3647788e-02
  2.0425618e-01
  1.6679870e-01
 -9.8088890e-02
 -3.5421017e-01
  1.7115900e-01
 -2.4247445e-02
 -8.5975885e-01
 -6.7054220e-02
  1.6274312e-01
 -5.4251917e-02
  3.5629701e-02
 -3.6214404e-02
 -1.5242989e-01
 -6.0327224e-02
  1.0322451e-01
  8.0801204e-02
  4.8545617e-01
 -4.9434948e-01
  2.0808108e+00
 -6.9563508e-01
 -3.3438188e-01
 -6.1861552e-02
  7.6988280e-01
  2.3280766e-02
  6.0831702e-01
  7.2162539e-02
  1.9938616e-01
  5.8047903e-01
  2.4715765e-01
  6.3797414e-01
  7.2372288e-01
 -5.0282413e-01
  2.6976410e-01
 -1.0932510e+00
  8.7065995e-02
 -3.0080110e-02
  6.8819296e-04
 -1.4377379e-01
  2.8030786e-01
  4.8266232e-01
  4.9526867e-02
  4.5891604e-01
 -3.3671585e-01
  6.0431045e-01
  1.8463747e-01
  4.4119665e-01
  2.8688285e-02
  6.1634909e-02
  1.4835623e-01
 -1.5371498e-01
  6.0264838e-01
 -7.4613363e-01
 -2.7615696e-02
  1.1546899e-01
  3.2808307e-01
 -4.0094537e-01
 -2.2632045e-01
  3.7643057e-01
 -4.9515837e-01
 -1.9125161e-01
 -6.2823206e-01
  2.3844650e-01
 -2.3648466e-01
 -3.3753901e-03
 -4.0672027e-02
  2.4582453e-02
 -1.8981607e-01
  1.9103703e-01
  9.9703006e-02
 -1.2293897e-01
 -9.4831665e-04
  4.3215165e-01
 -2.8780651e-01
 -3.2146862e-01
 -1.0146426e-01
  3.1965214e-01
 -4.2081901e-01
  1.5336256e-01
  1.1306266e-01
  2.8475335e-01
 -2.1728407e-01
  2.9549152e-01
  3.0515692e-01
 -7.1263060e-02
  2.3254740e-01
  1.8091565e-01
  1.3388346e-01
 -1.5729414e-01
  2.4133351e-02
 -1.8683377e-01
 -4.2514804e-01
  2.6232657e-01
 -3.9214265e-01
  6.1398763e-02
 -2.6634440e-01
  1.0752442e-02
 -4.0125310e-01
  8.4585108e-02
 -5.7320755e-02
  1.9276847e-01
 -1.6998410e-01
 -1.5913779e-01
  2.1227346e-01
 -2.0203747e-01
  5.4696673e-01
 -7.7789433e-02
 -1.0651980e-01
 -4.6297497e-01
  2.4542744e-01
 -1.8949914e-03
 -7.2643322e-01
  1.1238207e-01
  1.7449961e+00
 -1.6283125e-02
 -2.3313349e-01
  5.1865365e-02
  3.0380545e-02
  2.3100699e-01
  1.1715327e-01
  1.4524420e-01
 -1.3142680e-01
 -4.5761306e-02
 -2.7797890e-01
 -2.4732307e-02
  2.4254759e-01
  4.3593284e-01
  2.7892279e-02
 -3.2389125e-01
 -8.6432010e-02
  8.6717546e-02
 -1.7543119e-01
 -2.7007285e-01
  5.6440711e-01
 -9.3346797e-02
 -1.7436411e-02
  4.5966622e-01
  3.4428605e-01
 -1.8288977e-01
  2.5777289e-01
 -1.9826365e-01
 -2.5379272e-02
 -3.6043607e-02
  1.2788050e-01
 -1.1212092e-01
  1.0478782e-01
  8.5043926e-03
  3.4404140e-02
  1.2976722e-01
  2.9876584e-01
  5.4355501e-03
  4.1689816e-01
  1.6422909e-01
  2.9807836e-01
  3.1095344e-01
  1.3880636e-01
 -1.7433377e-01
  2.7753663e-01
  6.1020190e-01
  3.9787546e-01
  5.5118120e-01
  3.3017662e-01
 -1.9338775e-01
  2.9311070e-01
 -1.1510683e-01
 -8.9607024e-01
  2.5746283e-01
  7.4127354e-02
 -2.1329920e-01
 -3.9098825e-02
  6.1606926e-01
 -2.1237865e-01
  7.2064281e-02
  1.1228688e-01
 -2.2653729e-01
  3.1980523e-03
  1.2046013e-01
  2.3186354e-01
  8.9556657e-02
  9.1073340e-01
  7.6571852e-01
  4.1948238e-01
 -1.8479629e+00
  4.6872690e-01
 -1.8469085e-01
  9.6366704e-02
  1.0714872e-01
 -2.5547652e+00
  1.1981485e+00
  5.1440048e-01
 -4.0043876e-01
  3.0912963e-01
  6.1824590e-01
  9.6686327e-01
  5.3900158e-01
  5.4894459e-01
  3.4939954e-01
  1.2795093e+00
  4.2225394e-01
  5.3060073e-01
  1.9380188e-01
  3.5816967e-02
  2.2299939e-01
  1.1216596e+00
  4.2831525e-01
 -5.7575995e-01
  1.1049664e+00
  1.1244515e+00
 -2.0033716e-01
  8.9283019e-01
  2.3478200e-01
  9.1185033e-01
  7.4766302e-01
  4.4697800e-01
 -1.6452658e-01
  1.3713734e+00
  6.4591986e-01
  9.8493803e-01
  7.3266983e-01
  1.8630165e+00
  6.5298152e-01
 -8.6428434e-01
  3.9742306e-01
 -4.3858671e-01
 -6.0988642e-02
 -1.1905326e-01
 -2.3257731e-01
  3.1796888e-01
 -1.9868223e-01
  8.5813642e-02
  1.4218803e-01
  1.5157180e-01
 -1.4129233e-01
 -1.7473447e+00
  2.4456944e+00
 -5.3394407e-02
  1.8348007e+00
 -9.2706084e-01
 -8.7427217e-01
  2.7759671e+00
 -6.9008422e-01
  9.3060482e-01
  3.6579347e-01
  2.4247245e-01
 -8.2919669e-01
 -4.3919295e-02
 -7.5556046e-01
 -2.9536423e-01
  9.1488725e-01
 -6.3125581e-01
  4.3284965e-01
 -1.7786923e-01
 -2.3441045e-01
  2.2063726e-01
  5.5320535e-02
 -3.8472927e-01
 -3.2272196e-01
  3.5315019e-01
 -7.3386031e-01
 -4.0476307e-01
 -5.5196017e-01
 -2.4117403e-01
  2.4651799e-01
 -3.4232169e-01
  4.7800931e-01
 -4.2994220e-02
  1.0655299e-01
 -8.7186378e-01
  3.7259549e-01
  1.3127604e-01
  6.1298031e-01
 -9.6373193e-02
 -4.1028744e-01
 -4.8117840e-01
 -7.0515442e-01
  6.0515118e-01
  1.6527279e-01
  9.5180732e-01
 -2.3528963e-01
 -1.8145651e-01
 -1.3939010e-01
  8.4332108e-02
 -1.4443241e-01
 -3.1354439e-01
 -9.5129579e-02
 -1.7302707e-03
 -1.6950379e-01
 -1.0164282e-01
 -7.8021312e-01
  3.8430157e-01
 -5.6337416e-01
  5.2807219e-02
  4.2812824e-01
  1.7385867e-01
 -6.1344635e-02
  6.9151622e-01
  9.2887059e-02
  1.2738285e-02
  5.5912787e-01
  2.8817613e-02
  1.7341664e-01
 -7.0800088e-02
  2.5320806e-02
  1.0597770e+00
 -1.7226362e-01
  1.2270349e-01
  1.7678827e-01
  5.8756995e-01
  3.8701788e-02
  8.7157291e-01
  3.3418766e-01
  5.0464809e-01
  5.2229482e-01
  4.5546865e-01
  2.1284685e-01
  5.9902990e-01
 -1.2853341e+00
 -1.2685692e-01
  3.4834245e-01
  6.1245777e-02
  5.8800083e-02
  6.9062047e-02
  4.9935630e-01
 -3.5054114e-02
 -3.8571453e-01
  2.5042975e-01
 -2.1227904e-01
 -2.8953752e-01
  4.5599017e-01
 -6.4979172e-01
  2.6831044e-02
  6.1753504e-02
 -3.2038751e-01
  4.9716160e-03
 -3.7654752e-01
  1.1538178e-01
  8.4949613e-02
  3.3231385e-02
  4.9272023e-02
 -1.1959053e-01
 -4.1681500e-03
 -2.5185311e-01
  1.4465488e+00
 -2.6829213e-01
  6.3783640e-01
 -6.5755866e-02
 -7.8519933e-02
 -2.7658451e-01
  4.2690374e-02
 -9.9726811e-02
  8.6915350e-01
 -2.8834286e-01
  3.6976248e-01
 -7.4338175e-02
 -1.2143404e-01
 -8.7967053e-02
 -1.5738848e-01
  2.3341700e-01
 -8.5247651e-02
  5.4196857e-02
 -3.0957438e-02
 -2.9867191e-02
 -3.8646904e-01
  4.5089814e-01
  2.1700409e-01
 -5.5385146e-02
  3.5419649e-01
 -4.8293054e-02
  1.0543558e-02
 -8.6947083e-02
 -1.5106587e-01
  1.9386043e-01
 -7.1266949e-02
  1.0690410e-01
  3.3302408e-01
  1.1983949e-01
 -7.3812701e-02
  2.2342324e-01
 -4.2853269e-01
 -6.5271802e-02
 -2.7812862e-01
 -1.6316885e-01
  3.3900282e-01
  7.9494298e-02
  3.4668416e-01
 -1.0581572e-01
 -1.1100338e-01
  1.6708533e-01
  4.9706742e-02
 -2.1773578e-01
 -1.2990510e-01
  1.9825892e-01
  1.8011639e-01
 -1.6698141e-02
 -1.3973722e-01
  2.6848347e+00
  3.1714132e-01
  1.3493750e+00
 -1.7907643e+00
  1.7669320e+00
  1.9334229e+00
  1.5357888e+00
  5.0158507e-01
  4.0491924e-01
  2.1365923e-01
  1.4589342e+00
 -1.4268832e+00
  2.1409677e-01
 -9.3428385e-01
  8.7462622e-01
  1.0618225e+00
  1.4012315e+00
  7.4858785e-01
  1.0588173e+00
 -9.8910403e-01
  2.2027208e-02
 -3.6745360e-01
 -1.5404650e+00
  1.5242773e+00
 -5.7900405e-01
  5.8165133e-01
  2.6685530e-01
 -3.1571966e-01
 -1.1756809e+00
  1.8791212e-01
 -2.8922120e-01
 -1.6714094e+00
  3.3772910e+00
 -2.6376370e-01
  3.4440987e-02
  1.2525681e+00
  7.3604190e-01
 -1.0539882e+00
 -6.2408809e-02
  1.5671595e+00
  1.9120215e-01
  4.1396728e-01
 -1.3084805e+00
 -2.9309621e-02
  7.7833676e-01
 -2.1733205e-01
 -2.8255129e-01
  7.7538095e-02
 -1.5313345e-01
 -1.2244938e-02
 -4.4656932e-02
 -1.7141837e-01
 -1.3085589e-01
 -3.3505172e-01
 -3.3401874e-01
 -1.4628792e-01
 -8.8504389e-02
  2.7191132e-01
  1.0264449e+00
  1.3944324e+00
  2.8827044e-01
  8.9330447e-01
  9.7355999e-02
 -3.5358682e-01
  1.1158790e-01
 -5.0543165e-01
  2.2371170e-01
 -4.3850422e-01
  3.0370778e-01
 -3.6734933e-01
 -4.1017911e-01
  6.7344391e-01
  2.9641378e-01
 -7.3721397e-01
  1.9970571e-01
  3.8647634e-01
 -1.0082071e+00
  4.4474781e-01
 -9.5902753e-01
  4.2416069e-01
  1.6545877e-01
 -8.2083732e-02
 -6.1720484e-01
 -3.4124103e-01
 -2.6862270e-01
 -7.4492717e-01
 -4.9451203e-03
 -6.9623762e-01
 -1.6994078e-01
 -1.6336870e-01
 -1.3560376e-01
 -2.4439862e-01
 -1.4862454e-01
 -4.2760956e-01
 -9.6541367e-02
 -1.5051137e-01
 -6.4168624e-03
  2.4191976e-01
 -2.2316135e-01
  2.3938391e-01
 -3.1226355e-01
 -9.5221274e-02
 -4.3801572e-02
  3.0008876e-01
  5.0000712e-02
 -1.0022046e-01
 -2.2589925e-01
 -1.8753682e-01
 -2.6028640e+00
  1.0730113e+00
 -6.6718858e-01
  1.2071631e+00
 -9.8585874e-01
 -1.4785901e+00
 -1.2270403e-01
  1.0343085e-02
  6.8972343e-01
  3.9777645e-01
 -3.7105289e-01
  7.7683502e-01
 -2.1312760e-01
  3.3197317e-01
 -2.1462551e-01
  2.6039338e-01
  5.6136870e-01
 -5.0682944e-01
 -1.2663040e-01
  1.1645301e-01
 -8.9730047e-02
 -1.8796591e-01
  1.1806878e+00
 -5.8747839e-02
  3.3652365e-01
 -5.3968334e-01
  7.3128027e-01
 -6.8762407e-02
  5.5084825e-02
 -6.1026412e-01
  2.1126734e-01
  6.2148416e-01
 -1.6533539e-01
 -1.2319870e-01
  1.0646543e-02
  3.6796212e-01
  6.6468194e-02
 -1.6123129e-01
 -2.3983483e-01
  6.1504561e-01
  2.2551291e-01
 -1.1371985e-01
  3.8501933e-01
 -1.4607723e-01
 -6.3992918e-02
 -4.4373136e-02
 -3.6922765e-01
  1.8135333e-01
  2.4823844e-01
 -1.3962947e-01
 -2.3603924e-01
  4.6299573e-02
  1.8054394e-01
 -2.4917066e-02
 -1.6974586e-01
  8.9483774e-01
  7.3388207e-01
 -2.8773236e-01
  3.3377397e-03
  4.5034885e-02
 -3.4832600e-01
 -8.9048892e-02
  2.5570601e-01
 -1.8397866e-01
  8.7389313e-02
 -3.8276251e-02
 -1.6556223e-01
 -8.6807245e-03
  2.1570140e-01
 -1.4942588e-01
 -1.0346636e-02
 -2.9716477e-02
  1.3447395e-01
  2.2835773e-01
  1.3579148e-01
 -5.1258081e-01
 -4.0824667e-01
 -1.8595773e-01
  3.2393008e-01
 -1.2252533e-01
  1.5483478e-01
 -1.5532891e-01
 -1.4087509e-01
 -3.1445161e-01
 -9.1157831e-02
  2.6699823e-01
 -1.6559309e-01
 -3.7356470e-02
  9.6464604e-02
 -1.7696367e-01
  4.1245452e-01
  2.5213975e-01
 -2.2595973e-01
 -1.2572595e-01
  4.1608304e-01
  1.4311983e-01
 -7.9546466e-02
 -6.2585451e-02
 -6.6181816e-02
 -1.1823343e-01
  6.3010529e-02
 -4.6537116e-02
  8.0801934e-02
  3.7905946e-02
  3.8085677e-02
 -1.5261769e-02
  1.6151050e-01
 -3.2875299e-01
 -3.0765355e-01
  7.1384770e-01
 -7.1269237e-02
  2.5250161e-01
  4.3907732e-02
  1.5564205e-01
 -6.2966806e-01
  2.4526523e-01
 -4.1398472e-01
  8.8852689e-02
 -1.5837055e-01
  7.2204664e-02
 -8.3669060e-01
 -4.2008661e-02
  1.6208935e-01
 -1.1615143e-01
 -3.9862659e-02
  1.6102895e-01
  3.2577077e-01
  1.9774397e-01
  1.6574696e-02
  1.2830672e-01
 -1.7832001e-01
 -2.3771997e-01
 -1.0157079e-01
  2.8784487e-01
 -8.0149516e-02
  5.9213255e-02
 -2.4869103e-02
  1.9641377e-01
 -2.0455664e-01
  3.0802330e-01
  3.3833456e-01
  1.7058951e-01
 -1.8746087e-01
  2.6086286e-01
 -3.1196311e-01
  8.0451317e-02
  7.8104340e-02
  5.8718689e-02
 -2.4903061e+00
  2.5952289e-01
  2.9994237e-01
  1.3990598e+00
  3.4213236e-01
 -2.3591481e-01
 -3.2744996e-02
 -1.4761101e-01
 -3.3725180e-02
 -2.2242033e-01
  3.1726375e-02
  1.1069380e-01
  1.1500205e-01
 -5.3645983e-02
 -1.6063135e-02
 -2.1891569e-01
  1.3217771e+00
 -4.3158284e-03
 -1.5312727e-01
  1.6693957e-04
 -1.8491937e-01
  2.5187609e-01
 -1.2095112e-01
 -8.7328874e-02
  2.7204314e-01
  1.7690609e-01
  6.9164909e-02
 -2.6566474e-02
  2.5018448e-01
 -6.8306945e-02
  4.4304427e-02
  1.1965602e-01
 -1.0075147e+00
 -2.2357327e-01
 -3.9975576e-02
  6.1795469e-02
  8.7278798e-02
 -1.8797590e+00
  6.2629086e-01
 -1.5333655e-01
  6.9727354e-02
 -3.2944345e-01
 -1.0251230e-01
  1.8431798e-01
 -5.1523381e-01
  3.6702958e-01
 -1.3080998e-01
  1.1746074e-01
 -4.5049143e-01
 -3.8247883e-01
  3.6238685e-01
 -8.3031647e-02
  1.3920087e-01
 -2.3412870e-02
  9.2820749e-02
  7.7029698e-02
 -1.6318661e-01
 -5.0971735e-02
  1.8267097e-01
 -5.9181660e-02
  1.1537200e-01
 -3.5877612e-01
  1.9596113e-01
 -8.0087595e-02
  9.6321598e-02
 -6.1793756e-02
  1.2488831e-01
 -3.4589490e-01
 -5.1449585e-01
 -6.0636401e-01
  3.1743661e-01
  1.8561946e-01
 -3.9032459e-01
 -1.0911841e+00
 -5.8160800e-01
  2.9896307e-01
 -1.3621590e-01
 -3.9525963e-02
 -4.2563453e-02
  1.1914124e-02
  1.6095810e-01
  2.7562535e-01
 -3.0135241e-01
  1.1366663e-01
 -8.6414099e-02
  1.9983508e-01
 -2.4706913e-02
 -1.6422062e-01
  3.0205797e-02
 -2.1045241e-01
 -1.1207080e-01
 -1.0957826e-02
 -1.5230003e-01
  8.2926333e-02
  1.0505240e-01
 -2.4163039e-01
 -2.9181454e-01
  1.1201972e-02
  6.8708934e-02
 -1.0898525e+00
 -3.0962840e-01
 -1.4138910e-02
 -1.1248688e-01
 -4.3103209e-01
  4.6899360e-01
  1.6489877e-01
 -1.0954770e-01
  4.2012930e-01
  6.0594183e-01
  2.6064730e-01
  3.8174033e-01
  3.0376628e-01
 -2.3610584e-01
  5.7031434e-02
 -1.7363942e-01
  2.4373356e-01
  4.8732337e-02
  1.1139601e-01
  5.8744298e-03
 -3.4452322e-01
 -1.9738660e+00
 -8.8406831e-02
  1.4116740e-02
  7.8355485e-01
  9.7101666e-02
  4.6675973e-02
  3.9341718e-02
  4.5343941e-01
 -5.4238999e-01
  4.3249974e-01
  2.3580905e-02
 -2.0468593e-01
 -8.7226726e-02
  3.0752510e-02
  2.5199705e-01
 -1.7495053e-01
 -5.0990809e-02
 -1.9314076e-01
  6.8459719e-02
 -7.3354803e-02
  4.7376439e-01
 -9.9607177e-02
 -2.4412285e-01
  1.1849861e-01
  6.0464221e-01
  7.6860674e-02
 -5.8395904e-01
 -5.9034120e-02
 -5.6774940e-02
  6.9826998e-02
 -3.1525224e-01
 -2.6263720e-01
 -2.6331514e-01
 -6.6339982e-01
 -4.6698809e-02
  1.7354038e-01
  2.9895633e-01
 -5.0645965e-01
 -6.4432286e-03
 -4.3629441e-01
 -5.2367695e-02
  2.8400126e-01
 -3.3130014e-01
  6.8248683e-03
  3.2349944e-01
  2.6208487e-01
  2.8868136e-01
 -1.1356251e-01
 -1.0767757e-01
 -8.9903682e-02
  3.1783160e-02
 -4.2265452e-02
 -1.3515380e-01
 -2.3360671e-02
 -1.0408154e-01
 -5.9735090e-01
 -3.9265758e-01
  7.1761870e-01
  8.4435172e-02
  6.7409620e-02
  1.6532171e-01
 -1.5679866e-02
  3.3640820e-01
 -2.0869596e-01
  6.1760388e-02
  1.9535042e-01
 -2.9991293e-01
 -1.4025916e-01
 -1.9748390e-02
  4.4064879e-02
 -8.5465565e-02
  3.7388581e-01
  3.7362036e-01
  2.3245867e-01
 -6.8701349e-02
 -5.0357813e-01
  1.0689394e-01
 -2.0830747e-01
 -5.9658968e-01
 -6.3338691e-01
  3.4392917e-01
  3.1825867e-01
  1.6008739e-01
  3.9158621e-01
  4.0112248e-01
 -1.2393068e-01
  4.3803081e-01
  7.0120543e-03
 -1.4734477e-01
  5.9487585e-02
  1.5852945e-01
  2.2380908e+00
  5.2993011e-01
  3.0235529e-01
 -4.4403717e-01
  1.5867826e-01
 -2.2013786e-01
  2.1828173e-02
  2.4914652e-01
 -2.4691144e-01
  4.9034658e-01
  5.8166642e-02
  3.3549588e-02
 -5.0874716e-01
  1.6068074e-01
 -1.2372360e-01
 -1.0037310e-01
 -2.0899806e-02
 -3.1552175e-01
  3.1961593e-01
 -6.4243739e-03
 -1.0433836e+00
 -4.3387517e-02
  2.8160067e-02
 -7.3596083e-02
 -2.9958931e-01
 -4.5636246e-01
  4.9426034e-01
  3.5564992e-01
  1.0597487e-01
 -3.4069148e-01
 -7.3677696e-02
  1.9893189e-01
  1.5223926e-01
  2.2784477e-01
  3.3654776e-01
 -2.6236615e-01
  1.7949761e-01
 -1.8404103e-03
 -5.1931876e-01
 -2.4597868e-01
 -2.4296841e-01
  1.5223785e-01
  8.5246526e-03
  3.4446609e-01
  1.6268224e-01
  2.5490914e-02
 -2.2473225e-01
 -4.1095376e-02
  4.7484085e-02
 -3.6887506e-01
  7.2118908e-02
  1.2495751e-02
  1.9342156e-01
  1.5015182e-01
 -2.5130737e-01
  3.0254453e-01
  1.8040327e-02
  1.8366218e-01
  1.0766084e-01
  2.9570100e-01
 -7.8073740e-02
  4.9786338e-01
  2.8282762e-01
  5.8143973e-02
  2.4796785e-01
  4.1273769e-02
 -1.2079294e-01
 -8.6169112e-03
  1.1542445e-01
 -1.4495838e-02
  1.3539919e-01
 -2.5032097e-01
 -7.0103750e-02
  3.4572750e-01
 -1.3484988e-01
  2.9816177e-01
 -1.8038923e-01
 -4.1720232e-01
 -2.1020877e-01
  1.7270539e+00
  3.4805143e-01
 -3.1939965e-01
 -2.6235813e-01
 -8.3047137e-02
  3.1904274e-01
  1.3543507e-01
  1.0087248e-02
 -5.8761433e-02
  3.1892028e-02
  2.4269976e-01
 -3.4757581e-02
 -4.5252945e-02
  2.8047669e-01
 -1.8177412e-01
  4.5858510e-02
  2.4568401e-01
 -2.2924365e-01
  4.5318988e-01
  1.5035065e-01
 -1.9390687e-01
 -1.8865720e-04
  1.9335790e-01
  2.1543822e-01
  3.3755061e-01
 -3.9236867e-01
  6.7052327e-02
  5.4058578e-02
 -4.3748736e-02
 -3.2033408e-01
 -2.0749779e-01
 -9.2106193e-02
  2.0898111e-01
  1.1830432e-01
 -6.1607653e-01
 -3.6131588e-01
  9.5824315e-04
 -1.0087754e-01
  7.6312512e-02
 -1.2787182e-02
  9.3055300e-02
 -6.0392678e-02
 -3.2454662e-02
  7.8076577e-01
 -3.2810429e-01
  1.8717740e-02
 -2.5917485e-01
  1.8363048e-01
 -3.9372665e-01
  2.1220633e-01
  6.3495684e-01
 -4.0742415e-01
  2.9857250e-02
 -2.3096210e-01
 -6.0329236e-02
 -3.0422005e-01
 -1.9772282e-01
 -1.0147742e-01
 -2.0548156e-01
 -9.4174409e-01
  6.1711498e-02
  2.7610797e-02
 -1.5278699e-01
 -3.9803091e-01
 -4.0451178e-01
  8.5777417e-02
  1.7509243e-02
 -5.2561998e-01
  2.5742099e-01
  1.6362025e-01
 -1.7834486e-01
  2.4093302e-01
  9.5205359e-02
 -6.8918884e-02
 -5.5536097e-01
 -1.1287888e-01
 -1.9376916e-01
 -3.4947850e-02
  1.7881766e-02
 -3.1098774e-01
  3.1275871e-01
 -7.2408445e-02
  4.0334392e-01
 -2.2234029e-01
 -2.9944134e-01
 -6.3031562e-02
 -4.4888724e-02
  2.6556835e-01
 -2.4759388e-03
 -7.5987587e-03
  8.5089870e-02
  1.2057260e-01
  6.3296318e-02
  9.7439043e-02
 -7.6214403e-02
  4.4210196e-02
 -3.3914320e-02
 -1.0519514e-01
  8.5118741e-02
  3.3464164e-01
 -1.1148073e-02
 -2.3082611e-01
 -5.3482920e-01
 -5.1374298e-01
 -1.9522752e-01
  1.4000664e-02
  3.3106320e-02
  5.5632051e-02
 -5.6396466e-01
  2.1311831e-02
 -7.0715033e-02
  2.2557107e-01
 -4.2837717e-02
 -9.1252722e-02
  1.2947582e-01
 -2.3465069e-01
  8.0246687e-02
  7.6130494e-02
  3.2136813e-01
  9.8043740e-02
 -2.4133578e-01
 -1.6572103e-01
 -7.5557694e-02
  1.0551856e-01
  1.4356364e-01
 -6.1783426e-02
  8.5102864e-02
  2.4230771e-02
 -1.8952242e-01
  4.7049788e-03
  1.3897182e-02
 -5.8485303e-02
  9.7298868e-02
  1.4751779e-01
  2.1664113e-02
  2.7795410e-01
  7.3061794e-02
  2.2071849e-01
 -1.3276090e-01
 -6.7002469e-01
 -1.6510119e-01
  8.9845970e-02
  2.4540767e-01
  1.2760636e-01
  1.4824922e-01
 -3.2708015e-02
 -3.6124644e-01
 -1.3768584e-01
  1.9420508e-01
 -5.7360968e-03
  2.9857744e-02
 -1.0766946e-01
 -3.4359652e-01
  4.7965892e-02
  2.0903528e-02
  1.1914740e-01
  2.0359969e+00
 -1.5153871e+00
  1.0482972e+00
 -1.3720533e+00
  1.6201837e-01
  7.0989561e-01
  4.4336405e-01
  2.4358371e-01
  1.4544220e+00
 -3.1696710e-01
 -2.1762617e-01
  1.3589819e-01
  7.5619034e-02
 -1.5529014e-01
  1.8629833e-01
  1.2110525e-01
 -3.8406570e-02
 -2.4161853e-01
 -1.4113453e-01
 -2.9898794e-02
  3.3386177e-01
 -1.3150078e-01
 -3.2337591e-01
  4.1037565e-01
  7.9478949e-02
  3.6957121e-01
  2.3586909e-01
  4.1198963e-01
  4.7793022e-01
  1.5466632e-01
 -3.5645151e-01
  1.9049300e+00
 -1.8495350e-01
 -4.7820601e-01
  3.5016090e-01
 -1.0309192e-01
  1.2897798e-01
  4.7944850e-01
 -9.2836812e-02
  1.4379686e-01
  8.6640197e-01
  2.5363109e-01
  1.9081113e-01
  9.7399559e-03
 -9.2457646e-01
  2.5687176e-01
  1.4005560e-01
 -9.7531855e-02
 -1.5365033e-01
 -9.9622458e-02
 -2.9567508e-03
 -1.9539921e-01
 -9.2778343e-01
 -1.1326173e-02
  2.6983130e+00
  1.0900463e+00
 -1.3307218e-01
 -2.9831180e-01
  5.1080853e-01
 -1.7930584e+00
  2.0581796e+00
  7.0847198e-02
 -1.1548128e+00
  7.3725218e-01
 -1.0404975e+00
  1.3264104e+00
  1.6287698e-01
  1.5238039e+00
  5.2651960e-01
 -1.0257413e+00
  5.2335054e-01
 -1.4090669e-02
  1.1297565e+00
 -9.4586086e-01
  2.6053590e-01
  3.5373089e-01
  1.6349932e+00
  1.1070091e+00
 -2.6174554e-01
  1.4572465e+00
  7.0865072e-02
  3.3321316e+00
 -3.4410260e+00
  1.6678262e+00
  2.2603200e-01
  8.3237991e-02
  9.0218478e-01
  1.5355256e-01
  8.2050067e-01
 -5.6857163e-01
  1.1357437e+00
 -2.3526728e+00
  1.2181557e+00
  7.0496714e-01
 -4.6872503e-01
  2.3537345e+00
  1.4195933e+00
  6.0905335e-03
 -1.1304055e+00
  8.8220276e-02
 -1.9678940e-01
  1.5664978e-01
  1.0864437e-03
 -4.1546386e-02
 -3.2281607e-02
  9.5282368e-02
 -2.2949699e-01
 -2.4501130e-02
 -3.3041099e-01
 -1.8426090e-01
  2.4672012e-01
  2.6516575e-01
 -8.9877419e-02
  3.5109472e-01
  9.3604112e-03
  3.9553228e-01
  1.6928557e-01
 -2.0160483e-01
 -3.2897785e-02
 -7.2683163e-02
 -5.8310721e-03
 -1.2319206e-01
 -3.1854692e-01
  4.8578117e-02
 -7.6033197e-02
 -2.7005607e-01
  1.3199383e-01
 -1.7933689e-01
  2.2122477e-01
  3.3347141e-03
  1.8871254e-01
 -4.1897631e+00
  6.7508414e-02
 -1.8583360e-01
 -3.9321534e-02
 -1.2366837e+00
  4.1737556e-02
  1.9112355e-01
 -5.5608112e-02
  2.6831365e-01
  1.3557991e-01
 -1.0511183e-02
 -2.5335494e-03
  2.6823258e-01
 -6.0030121e-02
  1.4462730e-01
 -2.2465394e-01
  7.3863357e-02
  1.2071219e-01
  2.3125129e-02
  4.4332627e-02
 -1.0333166e-01
 -4.5450415e-02
 -8.3637908e-02
  1.2819299e-01
  1.2395352e-01
  2.6374495e-01
  6.6822842e-02
 -4.0493347e-02
 -5.9915537e-01
  4.1385464e-02
 -1.8408345e-01
  1.1644150e-01
 -1.6791782e-01
  1.5714404e-01
 -2.6018652e-01
  2.6778951e-01
  4.1949727e-02
 -5.9047771e-01
 -1.6037211e-01
  2.0738170e-01
 -2.2587314e-01
 -8.8714391e-02
 -1.5957144e-01
 -1.3888590e-01
  9.7430341e-02
 -9.4091147e-02
 -1.3075346e-01
  8.8614464e-02
  2.9204789e-01
 -2.8791837e-04
 -1.8540792e-02
  8.5132718e-02
  2.8573519e-01
 -8.5974388e-02
  4.9250148e-02
 -2.0510688e-02
  1.8607885e-01
  3.3542827e-01
 -9.5564105e-02
 -9.5440611e-02
  2.1060703e-02
  1.1699127e-01
  2.0784038e-01
  7.3529668e-02
  4.7775730e-02
 -2.5051128e-02
 -1.3030352e-01
  1.4322303e-01
 -4.9284834e-01
  2.3110327e-01
 -7.0584990e-02
  6.7791849e-02
  2.0341188e-02
  2.4573526e-01
  1.3914068e-01
 -1.2823436e-01
  2.1379533e-01
  1.3652276e-01
  9.0922125e-02
  1.4318548e-01
 -1.8979748e-01
  1.5374160e-01
 -2.2226480e-01
 -2.0882210e-01
  2.0588431e-01
 -3.7330261e-01
 -2.2421148e+00
 -9.5117486e-01
 -4.3222195e-01
 -1.5216857e-02
 -5.0344855e-01
  1.0782053e+00
 -2.9872596e-01
 -9.6735609e-01
  1.6827603e-01
  3.0905172e-01
  2.6978424e-01
 -1.1513487e-01
  2.6800117e-01
  2.8342508e-02
  2.6845220e-01
 -1.8092982e-01
 -1.3864811e-01
  4.3228734e-01
  4.7050044e-04
  1.1265931e-01
  1.3011152e-01
 -3.1589620e-02
 -3.1464851e-01
  2.8445806e-02
  1.1865098e-01
 -4.6366984e-03
  1.3781753e-01
  4.4877538e-01
 -3.6992809e-01
 -2.6610037e-03
  3.3448619e-01
  4.1666925e-02
 -2.1911702e-01
 -7.9062492e-02
  1.6507085e-01
  1.3751535e-02
  2.8816342e-01
 -2.4549133e-01
  3.7488249e-01
 -1.9116457e-01
  9.4295599e-02
 -2.6799095e-01
  4.7631808e-02
  6.6276354e-01
  2.5423953e-01
  2.1345049e-02
  2.3527835e-01
 -3.6138788e-02
  7.5455420e-02
 -1.8734024e-01
 -1.1581326e-01
  2.3169726e-02
  8.0821216e-02
  1.5176986e-01
  1.3359747e+00
  2.4135964e-01
 -5.2509838e-01
  5.1694810e-01
  9.3402594e-01
  6.2218833e-01
 -7.6553148e-01
  6.0367495e-02
  8.7769735e-01
  2.5434232e-01
 -8.1485949e-02
 -6.6712523e-01
  1.1049561e-01
 -2.2621995e-01
 -2.4034868e-01
 -1.4218250e-01
 -9.5889711e-01
  3.1598002e-01
 -9.5027059e-02
  1.5155649e-01
 -7.0770033e-02
  1.8823986e-01
  1.0629386e-01
 -8.7289722e-04
 -2.7920055e-01
  2.4961154e-01
 -4.4965226e-02
  3.2982764e-01
  2.1847340e-01
  6.4989477e-01
  3.4394956e-01
 -6.9458760e-02
  3.4129119e-01
 -6.8128467e-01
  2.5549221e-01
 -2.3848133e-01
  8.3221734e-02
 -4.6756452e-01
 -2.0047635e-01
 -3.0407292e-01
  1.0021303e-01
  4.0488175e-01
  4.1762214e-02
  4.4230169e-01
  1.9233543e-01
  2.1182485e-01
  1.2787662e-01
  9.7279750e-02
  2.4668054e-01
  2.1172650e-02
 -2.6865415e-03
 -5.5323869e-02
  2.1647392e-01
  3.5088706e-01
 -4.5402098e-01
  5.4514605e-01
 -6.4741516e-01
 -2.6128030e-01
 -4.0178311e-01
 -3.4868432e-04
  4.0492168e-01
  4.9000633e-01
 -1.0039684e-01
  2.2599553e-01
  2.3296984e-01
  3.8366398e-01
  2.5455225e-01
  1.1938265e-01
 -2.3654659e-01
 -3.3981323e-02
 -5.8369267e-01
  2.2314666e-01
 -2.1441543e-01
  6.7213178e-02
  2.7682024e-01
 -3.4966099e-01
  2.8646150e-01
 -3.4467167e-01
 -2.0604411e-01
 -3.1530857e-01
  5.1474284e-02
 -1.1035755e+00
 -4.2536390e-01
 -5.9756011e-02
 -8.5544139e-02
 -3.6468431e-02
 -1.1962993e-01
  2.6289862e-01
 -3.5794240e-01
  2.9011551e-02
 -1.8458752e-01
  1.4022158e-01
  1.3839979e-01
 -4.0702549e-01
  1.6554693e-02
  1.6358010e-02
 -1.5773486e-01
  1.7121668e-01
 -1.6333179e-01
 -1.2477617e-01
  2.4076462e-02
  3.5458335e-01
 -3.3914837e-01
 -6.1082073e-02
  1.3038664e-01
 -1.6806284e-01
 -2.2735372e-02
 -9.6231085e-01
 -1.4003336e-02
  1.4912778e+00
 -3.1866987e+00
  1.3050333e-01
  4.8676691e+00
 -1.1958795e-01
 -1.0580827e+00
  6.6595161e-01
  1.9479380e+00
  7.9914743e-01
  3.2436451e-01
 -9.4358099e-01
  2.0626249e+00
 -3.8806766e-01
  2.1766617e+00
  2.7816808e-01
 -4.4525936e-01
  7.1923518e-01
  7.5539750e-01
  4.4113731e-01
  6.8527579e-01
  3.6145544e-01
  1.2403941e+00
  1.4655395e-01
 -5.1300931e-01
 -4.4623017e-02
  7.3336673e-01
 -6.0205561e-01
  7.7411354e-01
  1.0787507e+00
 -4.6323818e-01
  4.2798758e-02
 -2.3055279e+00
 -5.6520241e-01
  3.3075315e-01
  1.6363818e-02
  3.3127850e-01
 -5.2272946e-01
 -2.2790502e-01
 -1.8684295e-01
 -7.7940524e-01
 -1.1028465e+00
 -2.1747176e-01
  2.8215323e-02
  2.1127288e-01
 -4.7716621e-02
 -7.8531653e-02
  3.3062452e-01
  4.9285695e-01
  2.2043087e-01
  2.3212627e-01
 -8.0931073e-01
  3.2709858e-01
 -5.0738815e-02
 -4.8320735e-01
 -1.3964092e+00
  3.1864628e-01
 -8.9730613e-02
 -3.7281640e-02
  4.4343209e-01
  9.2345886e-02
 -2.1367133e-02
  3.9174543e-03
 -6.5149888e-02
  2.5342417e-01
  1.4321111e-01
 -2.1035399e-01
 -2.7942825e-02
 -1.0837296e-01
 -8.2399875e-02
 -4.9651685e-01
  3.5840917e-02
 -1.9565189e-01
  2.1293821e-02
 -3.0491412e-02
 -3.1933796e-02
 -3.3628902e-01
  2.1589974e-01
  7.6744042e-02
 -4.9896869e-01
 -5.0289172e-01
  1.5930377e-01
  7.2302222e-02
 -3.1411342e-02
 -1.3587401e+00
 -7.3921941e-02
  2.6109943e-01
  2.2911207e-01
 -2.7642366e-01
 -3.5388520e-01
 -5.8373038e-02
  2.5450704e-01
 -2.1331061e-01
 -9.1500185e-02
  1.6281344e-01
  5.8126581e-01
  3.3776826e-01
  5.4701513e-01
  6.4898193e-02
 -3.2040443e-02
 -1.6088955e-01
  1.5126084e-01
 -4.7742021e-01
  1.2895291e-01
  3.0469185e-01
 -4.4459097e-02
  1.2291498e-02
 -8.8394123e-01
 -9.8626757e-01
 -7.3013496e-01
  1.2381464e+00
  2.8000292e-01
 -2.0986989e-01
 -5.6883740e-01
  3.8337106e-01
 -1.8290547e+00
  4.8028551e-02
 -8.8428013e-02
  1.8963049e-01
  2.8876656e-01
  1.4037989e-01
  4.6338707e-02
 -1.0555388e-01
 -3.5203982e-03
 -1.2944888e-01
  8.1923798e-02
 -9.1028344e-03
 -4.8163399e-02
 -2.0758204e-01
  1.3835938e-01
 -1.9726561e-01
  1.5463266e-01
 -7.8357518e-02
  5.4907124e-02
  7.9862684e-02
  1.5547399e-01
  6.3960850e-03
 -4.2598131e-01
 -1.5491907e-01
 -1.4573488e-01
  9.8988332e-02
  7.8361668e-02
  5.8077520e-01
  3.1562567e-01
  3.0333775e-01
  3.7109789e-01
  3.8570840e-02
  5.4988658e-01
  5.8796898e-02
  2.4903994e-02
  3.4168208e-01
 -2.6371542e-01
  4.2607524e-02
  3.4407116e-02
  7.9212479e-02
 -2.3083952e-01
 -5.4857384e-02
 -1.9423200e-01
  3.1209497e-02
  3.6133915e-01
 -1.1634278e-01
  8.3037883e-02
  2.7797251e+00
 -2.1922264e+00
 -4.6590942e-01
  1.1528860e+00
  1.3291323e-01
 -1.2866811e-01
 -2.0993209e-01
 -9.4191301e-01
  7.2772402e-01
  7.9644555e-01
  7.5342558e-02
 -3.1093556e-01
  6.5743935e-01
 -3.9159200e-01
  6.7458940e-01
  3.9547440e-01
  1.1111449e+00
  1.7559424e-01
 -1.1308672e-01
 -3.5501850e-01
 -6.5083605e-01
 -8.2843417e-01
 -8.2564729e-01
  8.2486349e-01
 -9.5179230e-02
 -1.0376314e+00
 -5.6694573e-01
 -1.0507823e+00
 -2.5226521e-01
  3.8159043e-01
  5.9886152e-01
 -4.4526577e-01
 -1.1114616e+00
 -1.0479743e+00
 -2.5646505e+00
  4.1640079e-01
  7.3474121e-01
 -5.4680681e-01
  7.6945621e-01
  6.6427743e-01
  1.9029446e-02
 -7.3567408e-01
 -3.0906162e-01
 -7.5141603e-01
  2.3986921e-01
  2.3182011e-01
  9.1501400e-02
 -1.1331802e-01
  4.4190835e-02
  1.4864098e-01
 -8.4490649e-02
 -4.5057431e-02
  6.7264266e-02
  6.9364685e-01
 -4.3584490e-01
 -2.4126251e-01
 -3.0139965e-01
 -2.3603898e-01
 -2.4018161e-01
 -4.0325642e-02
  2.5140631e-01
  3.6746216e-01
 -1.6662151e-02
  9.4946015e-01
  7.7622756e-02
 -1.2333591e-01
 -1.1523572e-01
 -1.7979741e-02
  5.3847481e-02
 -3.3037966e-01
  1.5774855e-01
 -1.1653209e-02
  5.7269447e-04
 -3.7161636e-01
 -9.7673871e-02
  1.0772960e-02
 -9.7840056e-02
  1.9431421e-01
 -2.1488120e-01
  1.2659986e-01
 -1.0978355e-01
 -2.8395120e-02
  2.5344127e-01
 -3.7130576e-01
  2.5600368e-01
  1.1898781e-01
 -3.8474686e-02
 -9.7403526e-02
  1.6132480e-01
 -1.6764326e-01
 -4.1895494e-02
  1.4775272e-01
  9.8919444e-02
  1.3685587e-01
 -8.4612733e-03
  3.6819283e-02
 -9.1796517e-02
  1.9341099e-01
 -1.2446112e-01
  2.7275124e-01
 -9.2352584e-02
 -7.4680150e-02
 -3.2953164e-01
 -1.6103192e-01
  2.6498958e-01
 -8.2919575e-02
 -8.9948848e-02
  3.6086550e-01
  8.6813378e-01
 -4.0284157e+00
 -8.2418180e-01
 -1.4394589e-01
 -2.4619201e-01
 -1.1680901e+00
  6.4893889e-01
 -9.9016607e-01
  8.6835605e-01
  4.0795237e-02
 -4.5696306e-01
 -2.5287446e-01
  3.9809951e-01
 -3.6464736e-01
  8.0767787e-01
  8.0548573e-01
 -2.2736089e-01
  1.1397582e+00
  1.8517286e-01
  4.0807772e-01
 -2.4958460e-01
 -3.9944601e-01
 -5.4857790e-01
  1.4409094e+00
  8.5709006e-02
 -5.7988709e-01
 -1.6478507e-01
  6.5101148e-03
 -6.5564454e-01
  2.7090290e-01
 -1.5847751e-01
 -4.9664173e-01
  8.2101285e-01
 -7.1139194e-02
 -1.5996714e+00
  1.0491839e-01
 -4.9594671e-01
 -4.0492535e-01
  7.4311656e-01
  1.5479845e-01
 -8.0921985e-02
 -3.4296250e-01
 -2.4058583e-01
 -9.1291648e-01
 -1.6967675e-01
  4.0885944e-02
  1.7632177e-01
 -1.8164091e-01
 -1.9714128e-02
  9.2578255e-02
 -1.0058709e-01
 -3.4636897e-01
 -3.1948533e-02
 -4.7578330e+00
 -2.0147491e+00
  3.0015481e+00
  2.9906313e+00
 -7.1325350e-01
 -5.3430362e+00
 -9.9086893e-01
 -3.0587702e+00
 -1.5757161e+00
 -7.7579498e-02
 -2.2747788e+00
  1.2821147e+00
 -1.9377354e+00
 -1.1315441e+00
 -1.7734815e-01
 -2.1560984e+00
  5.0066942e-01
 -6.1708736e+00
  1.3409661e+00
  4.8000073e-01
  7.3028600e-01
 -5.1426393e-01
  2.0117846e+00
  9.0475392e-01
 -4.1572133e-01
  4.0290585e-01
 -2.6283760e+00
  9.7539729e-01
  1.2485734e+00
  2.7604920e-01
  4.0542945e-02
  1.3432317e+00
  1.0205505e+00
  1.3063902e-01
 -3.7081361e-01
  6.8308085e-01
  6.2749004e-01
 -3.7150058e-01
  7.8230435e-01
  3.7404019e-01
 -2.1802954e-01
  4.4039196e-01
 -5.6445444e-01
 -7.8242260e-01
  1.5523112e+00
  7.1835503e-02
  2.9184178e-01
 -3.6113456e-01
 -8.9107640e-02
 -1.1868021e+00
 -2.1044761e-02
  2.2529000e-01
  1.5294491e-01
  9.4201058e-01
 -5.2906469e-02
 -6.0656273e-01
 -6.7229122e-01
 -4.4283059e-01
  2.9987445e-01
  2.3786752e-01
 -6.8015349e-01
 -2.0987031e-01
  8.0248922e-01
 -1.9464092e-02
 -1.0930067e-01
  3.0261961e-01
  2.0510155e-01
 -1.1240499e-01
  4.3913376e-02
 -2.8775129e-01
  2.2165048e-01
 -1.2857869e-01
 -4.2304951e-01
 -1.3476974e-01
  5.8270674e-03
  6.3388489e-02
  6.5053441e-02
  3.7454179e-01
 -2.1311000e-01
  2.7895683e-01
  1.1368719e-01
  1.6921954e-01
  2.6112482e-01
  2.4699919e-01
  1.0972854e-01
 -5.8826184e-01
 -7.0440839e-04
 -1.1995587e-01
  1.2663053e-01
 -6.5714425e-01
  1.0617860e-01
 -2.8115171e-01
  3.9585358e-01
 -1.7290467e-01
 -5.1173866e-01
 -3.1677371e-01
  2.0727381e-01
  1.2283630e-01
 -3.2874715e-02
  1.0001938e-01
 -6.8539757e-01
 -4.5681491e-02
  6.9575451e-02
 -6.7721136e-02
  4.3933249e-01
 -5.2640364e-02
  2.7735090e-02
 -4.1785523e-01
  7.0440888e-01
 -2.4274054e-03
 -7.6923406e-01
  2.3946886e+00
 -1.1733622e-02
  8.6605221e-01
  1.5030524e+00
 -5.2749056e-01
  8.7671649e-01
  6.4601421e-02
 -6.9988084e-01
 -2.0042674e-01
 -1.7887861e+00
 -2.1820170e-01
  8.0898118e-01
 -1.4913806e+00
 -1.9815755e+00
 -1.2230115e+00
  7.0502144e-01
  1.1211436e+00
 -4.7350150e-01
  5.7088566e-01
 -8.5158700e-01
 -7.4761504e-01
  3.0568403e-01
 -2.4331875e-01
  8.9830744e-01
 -3.0015551e-02
 -1.8385898e-01
  3.9528519e-02
  9.1431683e-01
 -7.8338331e-01
 -1.0868152e+00
 -5.4358745e-01
 -1.2517935e-01
 -1.5384578e+00
  6.6672719e-01
 -8.1781767e-02
  6.8136513e-01
  1.0428298e+00
  2.5267237e-01
 -2.0164669e+00
 -4.3798804e-01
 -3.6753485e-01
  1.1618354e+00
 -2.3093820e+00
  3.4382486e-01
 -1.9322048e-01
 -6.3070215e-02
  3.8937718e-01
  1.2642065e+00
  4.0100169e-01
 -1.0039760e+00
  2.1201494e+00
 -8.9813459e-01
 -9.6103883e-01
  4.5382965e-01
 -1.2137448e+00
  7.2541654e-01
  3.1880531e-01
 -6.4307398e-01
 -8.4527963e-01
  7.4749839e-01
  8.4585041e-01
 -2.8744343e-01
  6.6451508e-01
  1.4260807e+00
  3.3804485e-01
  1.5595739e+00
 -2.6856050e+00
  7.4267954e-01
 -1.3671438e+00
  2.5786881e+00
  1.9697660e+00
 -7.4902612e-01
  4.8071951e-01
 -6.8592095e-01
  6.2723279e-02
 -2.1821031e-01
 -6.9073272e-01
 -8.4747750e-01
 -6.0113311e-01
 -1.9607633e+00
  1.5240748e-01
 -1.3653785e-01
  1.9202954e+00
  1.3423404e+00
 -1.4561307e-01
  3.4194914e-01
  1.6357206e+00
  1.8182518e+00
  2.2250526e+00
  2.1319516e+00
 -1.6798149e+00
 -3.1469026e-01
 -8.9029700e-01
 -7.3722109e-02
 -9.9942005e-01
  1.8181998e+00
  3.1213588e-01
  4.6653652e+00
 -3.7298271e-01
  3.2818532e+00
 -2.2941070e+00
  1.9407574e+00
 -7.5566307e-02
  6.2239981e+00
 -2.2135625e+00
  3.2498756e-01
  1.7489194e+00
 -1.7344742e+00
  2.1707597e+00
 -8.2548898e-01
 -1.9559585e+00
 -1.1291583e+00
 -1.7632434e-01
  2.6963992e+00
 -2.0563285e+00
  4.9976158e+00
 -1.6703656e+00
  3.5904787e+00
 -6.8870723e-01
 -8.1367093e-01
  9.2823750e-01
 -3.9179592e+00
  2.3672554e+00
 -2.0853466e-01
 -1.8278856e+00
  9.1665095e-01
 -5.1626188e-01
  2.0372238e+00
  9.8383659e-01
  9.9008632e-01
 -3.6010030e-01
  2.5183048e+00
 -1.4499689e+00
 -8.8733835e-03
  2.2859640e+00
 -8.2803359e-03
 -4.8079934e+00
  2.8742464e+00
 -6.8137479e-01
 -3.2980165e+00
  1.4398582e+00
 -7.6814517e-02
  8.3842987e-01
  1.8970529e+00
  1.5879659e-01
  3.7669328e-01
  3.4719419e-01
 -2.4421179e+00
 -2.1471965e+00
 -1.8717371e+00
  5.0563307e+00
 -3.8495269e+00
 -2.1302652e+00
  5.2517521e-01
 -2.5362463e+00
 -2.4939759e+00
 -2.8204937e+00
 -6.4798546e-01
  1.9106116e+00
 -2.0393567e+00
  8.3535677e-01
 -1.2477094e+00
  5.4040284e+00
  1.6756474e+00
 -3.2023678e+00
  6.4942133e-01
  3.3381295e+00
  3.7393636e-01
 -3.8961279e-01
 -1.9383805e-01
  3.6072586e-02
  2.5571148e+00
  1.4227909e-01
 -5.1827626e+00
 -6.1913729e-01
  5.4028044e+00
  1.6305701e-01
 -2.1837018e-01
  9.7104627e-01
 -2.6133373e+00
  1.6723629e+00
 -4.5301646e-01
  1.4959096e+00
  3.1220859e-01
 -3.4431665e+00
 -9.9238300e-01
 -1.4263417e+00
  2.1029894e+00
 -7.1168125e-01
  2.4019095e-01
  5.8420338e-02
  6.9189501e-01
 -4.0930471e+00
 -1.6084937e+00
 -3.0046411e+00
  5.2546901e-01
  3.1041214e+00
 -1.7619928e+00
 -3.4714830e-01
  1.6576357e+00
  1.7665038e-01
 -3.1009933e-01
 -2.5791606e-01
 -3.7827044e+00
  2.7015853e+00
 -6.1705780e-01
 -6.7393517e-01
  3.6318910e+00
  5.3152204e-01
 -2.2236834e+00
  1.9610424e+00
  1.1645103e+00
  1.7837850e+00
 -3.2730367e+00
 -3.3194399e+00
 -1.6291943e+00
 -5.1898761e+00
 -8.1208330e-01
 -1.8137033e+00
  2.1961892e+00
  4.2370882e+00
 -1.6819340e+00
 -6.0429800e-01
 -9.6652883e-01
  3.8022039e+00
 -3.4310348e+00
  1.8945156e+00
 -1.7016231e+00
  2.2432873e+00
 -1.9379963e+00
 -6.6493750e-01
  2.3912880e+00
 -1.4998769e+00
  2.7099590e+00
 -1.7154227e+00
 -7.2695780e-01
 -1.9202027e+00
  3.0357759e+00
  1.8554132e-02
  1.3350637e-01
  8.2993412e-01
  1.8408474e+00
  8.9740090e-02
 -4.8707631e-01
 -1.6653262e+00
  1.5082304e+00
 -3.1787894e+00
 -8.1371737e-01
  1.6548393e+00
  2.5377240e-02
  4.0859623e+00
 -4.2903075e+00
 -1.4666891e+00
  1.7379913e-01
 -9.4633543e-01
 -1.2992156e+00
  1.7275138e+00
  1.7349538e+00
 -2.1052780e+00
 -5.8626580e-01
 -2.0440733e+00
  6.4283210e-01
 -2.4222150e+00
 -5.7869591e-02
  7.6716542e-01
  2.9846909e+00
  5.1168579e-01
  2.2829962e+00
 -2.5738046e-01
 -1.1707661e+00
  2.7222989e+00
 -2.7399564e+00
  2.6605991e-01
  5.0580966e-01
  4.1430106e+00
 -7.5018778e-02
 -5.5759871e-01
  8.8995826e-01
  1.6622260e-01
 -9.7313678e-01
  5.6669724e-01
 -2.5575680e-01
  6.0677290e+00
 -7.3704085e+00
 -3.6537025e+00
  8.1580198e-01
  2.3128145e+00
 -2.6749547e+00
  2.6229575e+00
  9.9741787e-01
  6.5559763e-01
 -1.3926019e-01
  2.1692014e+00
  5.7559085e+00
 -4.6223290e-02
 -4.0323081e+00
 -5.3351111e+00
  1.0250937e+00
 -5.9379476e-01
 -3.1369298e+00
 -1.8844086e+00
  3.8242707e-01
  1.2260141e+00
  3.8710012e+00
 -1.7130338e+00
 -5.2302355e-01
 -1.5000708e+00
  1.5147111e+00
 -4.1688871e-01
 -4.1568297e-01
  2.7347257e+00
  2.0762546e-01
  6.7324042e-01
  3.0021980e-01
 -1.3047464e+00
  1.5019039e+00
  2.0867286e+00
 -5.7196039e-01
 -1.1553577e+00
  4.9369258e-01
  1.3222507e+00
  7.9106891e-01
 -2.4225967e+00
  1.9739686e+00
  1.2326893e+00
 -3.9667866e+00
 -1.3875730e-01
  4.9177480e-01
  1.4441257e+00
  1.5277138e+00
 -4.2154497e-01
  2.9226628e-01
  3.5648522e-01
  2.1354406e+00
 -1.0146527e+00
  7.2190380e-01
 -1.2137834e+00
 -1.5150641e+00
  6.5388536e-01
  3.6692822e+00
  5.4036012e+00
  2.0491943e-02
 -9.4027114e-01
  3.0864401e+00
  6.8325436e-01
  1.5452716e+00
  1.8463478e+00
  1.9816109e+00
 -4.3871430e-01
  3.4625125e+00
  1.2496066e+00
  1.6607287e+00
 -7.0522642e-01
  2.1264262e-01
  1.8258890e+00
 -8.3307207e-01
  4.1007080e+00
  9.1005273e-02
 -4.7054830e-01
 -4.0408020e+00
 -2.2391880e+00
  4.8912707e-01
  6.8359846e-01
 -2.1512151e+00
 -3.5199513e+00
 -7.3013775e-02
  1.4827435e+00
 -1.0723590e+00
 -1.3475207e+00
 -1.9378649e+00
 -4.5465985e-01
  1.5877800e+00
 -7.2540629e-01
  1.6120411e-01
  3.7147694e+00
  7.1424758e-01
  2.0707538e+00
 -5.9571356e-01
 -1.4305258e+00
 -1.0043859e+00
  1.5699889e-01
  1.6535027e+00
 -1.2282110e+00
 -2.5058022e-01
  2.8410108e+00
  8.7297016e-01
  1.5496831e+00
  9.4536960e-01
  1.7550894e+00
 -1.2950605e+00
  2.4495076e-01
  2.4208891e+00
 -1.1410366e+00
  4.5421523e-01
 -1.1947194e+00
 -5.5726843e+00
  1.9533168e+00
 -4.0302262e+00
  7.5199068e-01
  3.8436901e-02
 -6.2354988e-01
 -1.5484846e+00
  1.0196670e+00
 -1.9251341e+00
  1.7708279e-01
 -1.8779525e+00
  2.1095636e+00
 -3.4730253e+00
  6.9940972e-01
 -2.4772875e+00
  1.7875084e+00
 -5.4004407e-01
  1.4130741e+00
 -4.9391985e+00
 -1.7768236e+00
 -2.4523737e+00
 -1.5022731e-01
  4.2860231e-01
 -7.9709721e-01
  1.3555577e+00
 -2.2682979e+00
 -2.5917986e-01
  1.6002816e-01
 -2.9433925e+00
  7.2371995e-01
  2.8708644e+00
 -3.5376592e+00
  4.3251681e+00
  2.6358299e+00
 -2.4168532e-01
  5.3827044e-02
  7.2922665e-01
 -5.7220459e-01
 -8.2586831e-01
 -7.2216195e-01
  1.5912861e+00
 -2.2871833e+00
  6.0324812e-01
 -2.0298366e-01
  5.2686185e-01
  1.7620133e+00
 -1.2293606e+00
 -1.4953021e+00
  1.6833453e+00
  8.7616926e-01
 -9.3057889e-01
 -1.0857116e+00
  7.4039185e-01
 -6.9116962e-01
 -1.9616889e+00
  5.1462644e-01
  3.4139147e-01
 -1.4477115e+00
 -2.2629008e+00
  4.2061532e-01
  4.0929329e-02
 -3.3617914e-01
 -1.3039131e+00
 -8.7418669e-01
  1.6761422e+00
 -9.2494905e-01
  1.3348287e+00
  1.7783242e+00
 -6.9640148e-01
  3.5654598e-01
  1.8041873e+00
 -1.8415030e+00
  2.5903652e+00
  2.1240387e+00
  8.0498302e-01
  2.8037007e+00
 -9.8151785e-01
 -8.1032610e-01
  5.6210846e-01
 -1.5655597e+00
 -2.9326017e+00
  5.0949466e-01
  4.2117578e-01
 -2.3102255e+00
 -3.6014622e-01
 -3.6418790e-01
  4.3361756e-01
 -1.4998268e-01
  3.0119335e-02
 -6.1084956e-01
 -1.3064932e+00
  7.1213418e-01
  1.1154851e+00
 -3.4369100e-02
 -2.1249084e+00
 -7.0835978e-01
  4.0594465e-01
  2.7778217e-01
 -1.1035694e+00
  3.3571479e-01
  1.3625969e-01
  1.5625764e+00
 -1.0134321e+00
 -1.2854298e+00
  1.4592574e+00
  4.3628044e+00
  5.0321144e-01
 -7.9628384e-01
 -2.4640670e-01
  2.2804091e+00
 -1.4243965e+00
  6.7564911e-01
  1.3381462e+00
 -2.8757575e-01
  2.4627318e+00
  1.8360890e+00
  2.9199719e-01
  3.2643634e-01
 -6.6738278e-01
  1.3656002e+00
 -1.3779181e+00
 -1.9258225e+00
 -2.4037917e+00
  4.4776827e-01
 -7.2571433e-01
 -2.1519761e+00
  9.2737311e-01
 -7.6370972e-01
  5.8100647e-01
 -7.4327952e-01
  4.1909633e+00
 -6.0961831e-01
  9.0700865e-01
  4.0166786e-01
  2.0449901e+00
  7.3201284e-02
 -5.1482493e-01
 -1.0309173e+00
 -2.0769601e+00
 -4.7327871e+00
 -2.1251284e-01
  3.5939687e-01
  6.2123275e-01
 -2.2090980e-01
 -2.1208653e+00
 -1.4153829e+00
  4.5860940e-01
  3.6458355e-01
  7.5581843e-01
 -2.5926968e-01
  1.8216896e+00
  1.0707359e+00
  5.7713675e-01
  3.5422122e+00
  1.2658732e-01
 -1.9542786e-01
  1.3399403e+00
  3.3516991e+00
  4.1841176e-01
 -5.2482170e-01
  1.4954947e+00
 -4.2190659e-01
  4.0137789e-01
 -3.4207398e-01
  8.9229292e-01
 -2.0418499e+00
  2.3460658e-01
 -7.6697506e-02
  4.6048978e-01
 -5.1101953e-01
  1.0865901e+00
 -1.1326399e+00
  1.6417381e+00
 -6.4183801e-01
 -1.7187011e-01
 -3.9813716e+00
 -7.0328414e-01
 -3.9118063e+00
  6.7514044e-01
 -2.4918964e+00
  2.8782051e+00
  3.4095535e-01
  1.2457469e+00
  3.3903706e-01
  5.3963041e-01
 -1.4117940e-01
 -1.2654181e+00
  5.0978180e-02
 -1.8734555e+00
 -2.9566437e-01
 -1.8415743e+00
 -1.1989288e+00
 -1.0147408e+00
  9.5867211e-01
 -1.4282353e-01
 -4.1755998e-01
  1.9227430e-01
  4.9519058e-02
  9.7798437e-01
  7.7392441e-01
  6.1833197e-01
 -4.2790708e-01
  3.0647653e-01
  4.8832569e-01
  2.9154456e-01
 -8.5710448e-01
 -8.3358504e-02
 -1.0743903e+00
  4.4537756e-01
 -7.5647926e-01
  1.0076817e+00
 -3.4256694e-01
  2.7901924e+00
  3.8439984e+00
 -1.1079808e+00
  1.8919834e+00
  9.5158085e-02
 -2.1551020e+00
  1.2362360e+00
  3.0098455e+00
 -7.6425332e-01
  4.3107361e-01
 -7.6772577e-01
 -1.2662511e+00
 -6.0280102e-01
  1.6307026e+00
  4.6643648e-01
  2.1665282e+00
  3.7954431e-02
  2.2943754e+00
 -5.0311208e-01
  4.5029831e-01
 -4.4688505e-01
 -1.5099740e-01
 -1.8650529e+00
 -1.7489268e+00
 -1.0433193e+00
 -5.5961686e-01
 -1.2789581e+00
 -1.5959847e+00
 -4.9190310e-01
 -2.9776999e-01
 -2.5494993e-01
  6.5661311e-01
 -6.3760960e-01
  9.6374130e-01
 -7.0805746e-01
 -2.4752460e+00
  8.5101610e-01
 -9.4425523e-01
 -2.3719840e-01
 -1.1796141e+00
  1.5878316e+00
  1.2450559e+00
  4.2598584e-01
 -2.9207320e+00
  1.0052406e-01
  1.6341488e+00
 -7.5314254e-01
 -1.3323416e+00
 -6.9492495e-01
 -6.4161249e-02
  3.2171664e-01
 -1.0896477e+00
  4.1442770e-01
 -5.5052584e-01
  2.2027376e+00
  9.7825086e-01
  6.4683360e-01
 -5.0870538e-01
  6.8790793e-01
  2.1826036e+00
 -3.0687031e-01
  2.4831943e-01
 -1.3800056e+00
  1.2450156e+00
 -1.6826013e-01
  1.8386525e-01
 -1.3696029e+00
 -1.5388522e+00
 -2.6384692e+00
 -2.4297466e+00
 -1.9306250e+00
  5.9205747e-01
  1.6748141e+00
 -1.0942411e+00
 -2.4081354e+00
  1.5410920e+00
 -7.7295959e-01
  2.0494802e+00
  1.5747052e-01
  3.1769688e+00
  2.7288952e+00
  9.7151786e-01
 -1.3770823e-01
  4.8300144e-01
 -8.7265921e-01
 -1.3041143e-01
  2.2727261e+00
 -1.3457044e+00
  3.4138232e-01
 -8.9364171e-01
  7.8991330e-01
  1.9730149e-01
 -1.2162606e+00
  2.0109300e-01
 -1.2583363e+00
  8.8687295e-01
 -1.9384045e-02
  7.6287431e-01
 -4.0809619e-01
  7.2805598e-02
 -1.8581077e-01
  2.4539767e-01
  1.0924178e-02
 -9.8750150e-01
  2.0474393e+00
 -2.3084134e-01
 -8.3176754e-02
 -2.0077298e+00
  1.6024554e+00
 -2.4082139e+00
 -9.0870720e-01
  3.7217343e+00
 -7.9476273e-01
 -1.6967559e+00
 -9.0773886e-01
 -3.3744417e-02
 -1.1605161e+00
 -1.7185736e+00
  1.3298966e+00
 -1.7677029e+00
  9.5087093e-01
 -2.0225050e+00
  3.3494277e+00
 -1.0201552e+00
  4.9184313e-01
 -6.4190191e-01
  2.7027139e-01
 -1.4904631e+00
  4.0800872e-01
  3.5510266e-01
  6.1716634e-01
 -1.2946000e+00
 -6.4491504e-01
  1.0423261e+00
  1.6414915e+00
 -4.6677276e-01
 -1.1428539e-01
  1.9097756e-01
  1.4631413e+00
  9.9846693e-03
  9.9846693e-03
  9.9846693e-03
  9.9846693e-03
  9.9846693e-03
  9.9846693e-03
  9.9846693e-03
  9.9846693e-03
  9.9846693e-03
  5.1134009e-02
  5.1134009e-02
  5.1134009e-02
  5.1134009e-02
  5.1134009e-02
  5.1134009e-02
  5.1134009e-02
  5.1134009e-02
  5.1134009e-02
  3.1715762e-02
  3.1715762e-02
  3.1715762e-02
  3.1715762e-02
  3.1715762e-02
  3.1715762e-02
  3.1715762e-02
  3.1715762e-02
  3.1715762e-02
  2.0533815e-02
  2.0533815e-02
  2.0533815e-02
  2.0533815e-02
  2.0533815e-02
  2.0533815e-02
  2.0533815e-02
  2.0533815e-02
  2.0533815e-02
  1.2500636e-02
  1.2500636e-02
  1.2500636e-02
  1.2500636e-02
  1.2500636e-02
  1.2500636e-02
  1.2500636e-02
  1.2500636e-02
  1.2500636e-02
  1.5525221e-02
  1.5525221e-02
  1.5525221e-02
  1.5525221e-02
  1.5525221e-02
  1.5525221e-02
  1.5525221e-02
  1.5525221e-02
  1.5525221e-02
