nep4 2 O H 
cutoff 6 4 251 80
n_max 9 7
basis_size 9 7
l_max 4 2 0
ANN 100 0
 -3.3880684e-01
 -2.6358974e+00
  5.4828209e-01
 -8.2450348e-01
 -4.1409093e-01
 -6.8145061e-01
  8.4172383e-02
  3.9801809e-01
  3.4322470e-01
  5.4703361e-01
 -3.8543725e-01
  1.3950461e-01
 -7.3423129e-01
  1.5690999e-01
  2.6356429e-01
 -8.7522537e-02
  1.4913160e+00
  1.8724020e-01
  3.3087701e-01
 -2.2979935e-01
  1.1063728e-01
  5.1831794e-01
 -1.3197055e-02
  6.4180231e-01
  4.5029899e-01
 -4.4591315e-02
  8.2792312e-01
 -2.1174307e+00
  4.6665618e-01
 -1.0276573e+00
 -1.0899350e-01
 -5.1855016e-01
 -9.7365868e-01
 -2.9443416e-01
  2.8607661e-02
  1.6780961e+00
 -5.8717990e-01
  2.3115605e-01
 -4.2802781e-01
  4.1962093e-01
 -1.2390349e-01
  3.4489164e-01
  1.1712035e+00
 -1.1104226e-02
  2.7179658e-02
  5.0780571e-01
  2.1529807e-01
 -8.2883632e-01
  4.2613098e-01
 -8.9208937e-01
  3.9022607e-01
 -1.5355076e+00
  2.3497071e+00
 -2.1249484e-01
  1.6973022e+00
 -4.7471905e-01
  1.5081898e+00
 -7.2553331e-01
  1.5437861e-01
  7.0569210e-02
 -6.7765415e-01
  1.4610624e-01
  4.0740332e-01
 -2.3883335e-01
 -3.6867842e-01
 -3.0564138e-01
  1.5810784e+00
  2.9502627e-01
 -2.4571161e+00
  6.7188239e-01
  4.9544042e-01
 -3.3744061e-01
 -1.4717650e-01
  2.8010103e-01
  2.5949317e-01
  2.2747266e-01
 -6.4957875e-01
 -3.4797597e-01
 -1.2366290e+00
  1.2121201e-01
 -4.1949144e-01
  1.2497411e+00
  1.0550551e+00
  2.9553634e-01
 -5.1744401e-01
 -1.3262594e-01
  9.7672105e-02
  4.7353643e-01
 -1.2002050e-01
  3.2605782e-01
  2.1222286e-01
 -7.2425079e-01
 -3.4190911e-01
 -2.7153233e-01
  5.2332771e-01
  5.3744328e-01
  1.2292738e+00
  1.1192490e+00
 -1.4520691e-01
 -1.6423103e-01
 -2.6079285e-01
 -2.8117844e-01
 -8.7367260e-01
 -2.0033446e-01
  1.6190668e+00
  1.9959271e-01
 -6.5941399e-01
 -3.6492842e-01
 -3.4198186e-03
  4.5642638e-01
  2.3901270e-01
  1.0111723e-01
 -3.4126064e-01
 -2.9047576e-01
 -9.0480310e-01
 -1.9465436e+00
 -1.6794071e+00
  4.1926846e-01
 -9.9796224e-01
  6.9202292e-01
 -1.9318784e+00
 -2.3209143e+00
 -4.1807346e-02
  1.3777122e+00
 -2.1314867e+00
 -1.3180088e+00
 -1.2123163e+00
  8.9689189e-01
 -2.4026501e-01
 -6.4825845e-01
 -5.3392279e-01
 -6.4314473e-01
 -1.7183855e+00
  1.8164735e-01
 -2.2341946e-01
  3.8778179e+00
 -8.9498812e-01
 -2.7136514e-01
  1.7077434e-01
 -1.3576055e+00
  2.2463761e-03
  2.8726014e-01
  9.7267419e-01
  3.2599342e-01
 -1.3426017e+00
  6.6390693e-01
  8.1946321e-02
  6.8124078e-02
 -2.2051811e-01
  3.8226750e-03
  1.8173856e+00
 -3.1088603e+00
 -7.6584749e-02
 -6.3180649e-01
 -1.4417348e-03
  2.3170612e+00
  4.8584976e+00
  8.5670166e+00
  6.2435384e+00
 -7.5740784e-01
  6.8466866e-01
  4.9136651e-01
 -1.9947013e+00
  9.3040007e-01
  5.7050371e-01
 -1.3851860e+00
 -5.0507289e-01
 -1.2396170e+00
 -6.9745153e-01
  1.3235979e-02
 -1.1849079e+00
  1.2084837e+00
  1.1470319e+00
 -5.7115644e-02
  4.9003024e+00
 -4.4295990e-01
  1.1511304e+00
 -6.2857664e-01
  1.6041050e-02
  1.2920586e+00
 -1.5940563e-01
 -4.5092902e-01
  4.1641321e+00
 -1.3600668e-01
  3.2964948e-01
 -1.5425634e-01
 -1.8445680e-01
  2.9917935e-01
  1.9908426e+00
  1.1541280e+00
 -5.3921375e+00
 -4.8979142e-01
  1.5830682e-01
 -3.8975796e-01
 -3.9275670e-01
 -8.7247181e-01
 -3.7731701e-01
  9.7442412e-01
 -2.1340768e+00
 -5.3923732e-01
  1.1519945e-01
 -2.7503774e-01
 -1.1332726e+00
 -8.2766843e-01
  1.6626717e-01
 -7.6102012e-01
 -6.7835468e-01
 -1.5887150e+00
  5.3312778e-01
  6.2380260e-01
 -2.7794994e-02
  1.6620596e-01
  6.2371612e-01
  2.0136673e+00
 -1.0194109e-01
 -3.0710185e-01
  8.8799202e-01
  2.9025838e-01
  5.2466309e-01
  8.5614008e-01
 -5.0339180e-01
  9.2548156e-01
 -1.0473862e-01
  1.2930493e+00
 -1.1686034e+00
 -3.9084512e-01
  8.1448102e-01
  1.0955026e+00
  7.8297108e-01
  2.2707903e-01
  3.3198442e-02
 -7.7617586e-01
  3.7458879e-01
 -2.4400577e-01
  4.5285302e-01
  2.9078814e-01
 -2.7697927e-01
 -1.8932423e-01
 -1.5592866e-01
  5.0726946e-02
  2.0862204e-01
  2.5088158e-01
 -9.3209630e-01
  8.9149141e-01
  3.2627138e-01
  5.5286390e-01
  7.9498261e-02
 -7.7998012e-01
 -2.9773694e-01
  8.8851696e-01
  6.6442055e-01
  6.0457289e-01
  4.6945736e-01
  8.7980598e-01
  4.3112320e-01
 -7.6590046e-02
 -9.5116067e-01
  1.4735453e-02
  2.4480858e+00
 -1.7254032e-01
 -6.7634687e-02
  2.7961701e-01
  5.7399631e-01
  1.3334457e+00
  8.1826931e-01
 -6.1471736e-01
  4.9051937e-01
 -2.4812530e-01
 -1.4336903e+00
  1.0125064e+00
  4.0874577e-01
  1.0271069e+00
  3.6457321e-01
 -9.3667352e-01
  6.9707358e-01
 -6.1669999e-01
 -1.6024607e-01
  4.1274422e-01
 -9.0339559e-01
 -1.7552642e+00
 -1.0790482e-02
  9.0701514e-01
 -3.7251568e-01
  5.5377346e-01
  5.9461868e-01
 -3.2444654e+00
  1.9210213e-01
  4.3477077e+00
 -4.4623601e-01
 -4.2063704e-01
  4.4318199e-01
  8.6521393e-01
  7.8102583e-01
  1.6872441e-02
 -1.5887450e+00
  9.8943040e-02
 -1.3764375e+00
  1.4943430e-01
 -3.0392225e+00
  7.0097893e-03
 -2.3528111e+00
 -6.7136645e-01
 -2.7765819e-01
 -1.8048634e-01
 -1.0266453e+00
 -3.1298774e-01
  1.1388900e+00
  3.0891439e-01
  4.7596458e-01
  2.6628053e-01
 -7.5859946e-01
  2.8712028e-01
  9.9360567e-01
  7.1170551e-01
  5.7667989e-01
 -1.5912171e-01
 -1.9476533e+00
  2.8645026e-02
  3.3463290e-01
 -5.2235633e-02
  4.4158408e-01
 -3.3204293e-01
 -1.4695816e+00
  3.4269494e-01
  9.4431114e-01
  7.9473102e-01
 -1.2706727e-01
 -6.7990488e-01
 -1.4806923e-02
 -1.5129873e-01
  4.9867708e-02
  1.1532364e-01
  9.8849639e-02
 -2.8842572e-02
  1.6897893e+00
  1.1111740e+00
  8.6095148e-01
 -4.9759703e+00
 -1.0818737e-01
  5.5850977e-01
  2.4684903e-01
  3.5192201e-01
 -1.4675781e-01
 -6.8592060e-01
  4.9665797e-01
 -3.6695755e-01
 -7.5490713e-01
 -7.3205538e-02
 -6.9702208e-01
  6.4658314e-02
 -2.4877563e-01
  3.7540797e-02
  2.0985959e+00
  1.1224701e+00
 -3.6482241e-02
 -8.5105196e-02
 -6.7457914e-01
  4.2823428e-01
  3.2098114e-01
 -8.0753952e-02
 -2.3834133e+00
 -5.3309858e-02
 -3.6399251e-01
 -5.5457070e-02
 -6.4903158e-01
 -9.7379053e-01
 -1.3845225e-01
 -2.3648882e-01
  9.5012861e-01
 -1.0427263e+00
 -3.4360978e-01
 -9.1090608e-01
 -4.0241012e-01
  1.0254213e+00
 -1.1279954e+00
 -2.4640006e-01
 -4.2219049e-01
  1.0829377e+00
 -2.0385253e+00
  4.0180811e-01
 -6.7303619e+00
  1.1309330e-01
 -2.2324343e-01
  3.4788084e-01
  1.2744476e-01
  2.3736835e-02
 -1.6183141e-01
  2.0286832e-02
 -2.4461043e-01
 -8.0686009e-01
 -8.8614070e-01
  8.4122640e-01
  1.6470772e-01
 -4.8396835e-01
 -2.1376497e-01
  8.7646806e-01
 -1.1559476e+00
 -1.6532877e-01
  6.8623561e-01
 -3.5033673e-02
 -8.7283170e-01
  2.0910618e+00
 -5.8818656e-01
  9.0137041e-01
  6.5119380e-01
 -1.1000336e+00
  5.3977985e-02
  2.6090047e-01
 -2.0968771e+00
 -4.7147334e-01
 -4.0415321e-02
  4.9758354e-01
  1.9568111e+00
 -8.2940713e-02
  1.5817364e+00
 -2.1946855e-01
 -3.4181964e+00
  3.4379381e-01
 -2.8080019e-01
  1.8576023e-01
  3.1405717e-01
 -4.5833513e-01
  9.7364414e-01
  8.5200822e-01
  1.0985906e+00
  1.2193071e-01
  1.4108075e+00
 -5.8415073e-01
 -1.5673566e-01
 -1.4739424e-01
 -2.4829230e-01
 -5.1770091e-01
 -1.3351153e+00
 -8.7646431e-01
  3.9181238e-01
 -7.5171804e-01
 -8.1867272e-01
  1.2833432e+00
  3.9619583e-01
 -4.3392262e-01
 -3.9452013e-02
  9.5867634e-01
 -3.6426413e-01
 -1.8982753e-01
  3.9580178e-01
 -2.8159085e-01
 -1.9377734e-01
 -1.0052879e+00
  1.7735238e+00
  7.6645792e-02
 -3.1886458e+00
 -1.5128874e+00
  5.0726656e-02
  2.5403821e+00
 -3.1043720e+00
 -1.8466456e+00
  3.4653251e+00
  4.1823602e+00
 -8.0349755e-01
 -3.3973241e-01
 -1.6334337e-01
 -1.0189347e-03
 -1.7773547e+00
 -9.5048815e-01
  1.1851430e+00
 -2.7179756e+00
 -1.2966121e+00
 -1.0815873e-01
 -9.7608131e-01
  1.9270726e+00
 -2.4032228e+00
 -4.0105748e+00
  3.4744503e+00
 -7.1090233e-01
 -3.9620633e+00
  3.7920848e-01
 -9.4834185e-01
  3.1673923e+00
 -3.2402866e+00
 -1.8353881e+00
  4.2580147e+00
 -1.2051153e+00
 -4.7471986e+00
  1.8908030e+00
  1.1383715e-01
  1.2564591e+00
 -4.2842641e+00
 -7.8692561e-01
  3.0288863e+00
  1.5362826e-01
 -5.1946311e+00
  5.7094723e-01
  7.4434245e-01
 -1.3955830e+00
 -3.6309442e-01
 -3.0509276e-02
 -5.7462764e-01
  1.2581601e+00
 -8.1720656e-01
  8.6890966e-01
  1.0841341e+00
  1.6863802e-01
 -1.8076425e+00
 -2.5087431e-01
 -1.2197295e-01
  1.2307210e+00
  4.9557808e-01
  2.6181901e-01
 -5.7100332e-01
 -3.1492674e-01
  3.0167602e-02
  3.1640071e-01
  1.0205381e-01
 -1.7346196e-01
  1.0479814e+00
  1.6753556e-01
 -1.4618236e+00
 -4.2583400e-01
  4.7882634e-01
 -5.4522467e-01
 -7.2645880e-02
 -1.8033332e-01
 -1.6639207e-02
 -2.8211968e+00
  1.7729695e-01
 -5.4684508e-01
  5.8664542e-01
 -2.5467873e-01
 -5.4368645e-01
 -6.0950845e-02
 -6.5978479e-01
  7.9504691e-02
  2.6292361e-02
 -5.9250104e-01
  8.1900442e-01
  6.8691641e-01
 -6.8506205e-01
 -5.1182183e-04
  3.3404279e-01
  3.9906898e-01
  5.4117233e-01
  8.2181787e-01
  8.1985962e-01
  6.1252248e-01
  6.7458647e-01
 -4.6028534e-01
  8.4907305e-01
 -4.3767023e-01
  3.0186632e+00
  3.3219418e-01
  9.4765967e-01
 -1.7075812e+00
  6.0647327e-01
  4.6432006e-01
 -5.8072782e-01
  4.3355626e-01
 -1.3794166e+00
 -5.4775167e-02
 -1.8190108e-01
  4.1434541e-04
 -2.3303708e-01
  5.4867492e+00
 -5.9045296e-02
 -1.8833511e-01
  1.2794266e+00
 -4.7808927e-02
 -2.9739714e-01
  2.1002695e-01
 -3.9243612e-02
 -7.0862925e-01
  3.4993961e-01
  2.2370912e-02
 -1.6425705e-01
 -2.7657649e-01
  4.0721744e-01
 -6.6374290e-01
 -2.1053405e+00
 -1.3480992e+00
  4.4908769e-02
  2.3984210e+00
 -9.3706220e-01
 -3.9758358e+00
  2.3796732e+00
 -7.0445752e-01
 -2.3831405e-01
  2.4754158e-01
 -5.8837301e-01
  6.1637932e-01
 -4.8003718e-02
 -1.0277724e+00
  3.5573032e-01
  3.4612414e-01
  1.2051195e+00
  1.2210239e+00
 -4.7794476e-01
 -2.1944152e-01
  8.7377444e-02
 -9.6913332e-01
  6.2320679e-01
 -1.2611264e+00
  4.3108964e+00
  7.2090790e-02
  1.9203370e+00
 -9.6946634e-02
  2.5191870e+00
  3.8830953e+00
 -6.9883366e+00
 -1.2156271e+00
 -4.8480955e-01
 -9.9372220e-01
  5.3284878e-01
 -3.8249567e-01
 -6.8604529e-01
 -1.1579030e+00
  3.5596585e-01
  9.7339988e-01
  1.6005310e-01
 -1.8267411e+00
 -3.6323779e+00
  2.0424567e-01
 -2.2056849e+00
  3.8368779e-01
  3.3147889e-01
 -1.7725618e+00
 -1.6733155e+00
  9.0064637e-02
  8.9894325e-02
 -5.5468097e+00
 -1.6408174e-01
 -1.9129044e+00
  7.6676059e-01
  2.8370645e+00
  1.7296883e+00
 -4.2517561e-02
 -2.7767291e+00
 -3.0691378e+00
 -1.4974995e+00
 -6.5717340e-01
 -9.4993487e-03
 -4.0158314e-01
  1.0544238e+00
  2.0059478e-01
 -1.1471222e-01
  1.4280142e-01
 -1.3533732e-02
 -2.6188079e-01
 -6.5328032e-01
 -5.6844747e-01
  1.3236647e+00
 -8.3399427e-01
  8.9951873e-02
  7.2507314e-02
 -2.7137196e+00
 -1.1557436e+00
 -4.4235495e-01
  5.3283805e-01
 -1.6772079e-01
  2.7240314e-02
  3.1863976e-01
  2.8570729e-01
  1.9544138e-01
  2.7509406e-02
  5.3485386e-02
  1.6974987e-01
  7.2203493e-01
 -4.8068708e-01
  1.5370212e+00
  3.2970693e-02
 -5.1647276e-02
 -1.4074855e-01
 -1.8744774e-01
  4.3990383e-01
 -2.3310511e+00
 -3.8887662e-01
 -1.1237935e+00
 -1.0014212e+00
  1.5424955e+00
  3.8757631e-01
 -4.9931458e-01
 -2.7866185e-01
  7.5755841e-01
  6.0997653e-01
  3.7605923e-01
 -4.9160197e-02
  6.4765400e-01
  1.9348625e-02
  1.4014213e-01
 -6.5613109e-01
  1.5278292e+00
 -2.2904465e-01
  5.5252111e-01
  8.1925708e-01
  3.3420667e-02
  2.5958365e-01
 -2.5230907e-02
  9.3803339e-02
 -5.6178391e-01
 -8.8481128e-02
 -3.7823039e-01
  8.0603972e-02
  3.9229980e-01
 -6.1242968e-01
  6.4056987e-01
  3.8984534e-01
 -7.3564357e-01
  2.3560366e-01
  2.4785635e-01
 -3.3533993e-01
 -3.2376075e-01
  1.2675481e+00
  1.5519024e+00
 -1.7379853e-01
  9.9203140e-01
 -6.3705212e-01
  3.2947807e+00
  1.9816081e-01
  2.1195012e-01
  2.4487075e-01
 -5.3864467e-01
 -9.6975274e-02
  3.6126402e-01
 -6.3664615e-02
 -6.0341880e-02
 -6.7269826e-01
 -1.2686566e-01
 -6.6494271e-03
  1.0852578e+00
 -2.1459982e+00
  4.6177146e-01
 -1.3204639e+00
 -2.7239576e-01
  9.4250643e-01
  3.0874746e+00
 -1.5663357e+00
  6.1470366e-01
 -4.7076163e-01
  6.4973503e-01
 -2.7146572e-01
 -6.4431824e-02
  3.5581198e+00
 -2.6073482e+00
  7.4782556e-01
  1.4062004e-01
 -2.9670689e-01
  3.1375933e-02
  4.2705140e-01
  2.4781692e-01
 -3.7569815e-01
  4.7863987e-01
  7.9383701e-01
  5.3549135e-01
 -2.4434462e+00
  6.0086191e-01
 -1.2403347e-01
  6.9502932e-01
  8.8061595e-01
 -8.3978049e-02
 -3.9074329e-01
 -1.0294886e+00
 -8.7461478e-01
 -5.3989601e-01
 -4.3720630e-01
 -1.4597814e-01
  1.1552900e-02
 -1.5102760e-01
  3.8029742e-01
 -4.9775863e-01
 -4.1720185e-01
 -9.5240779e-02
  2.1122919e-01
  3.1789706e+00
 -4.1077763e-01
 -6.7773986e-01
  5.2196443e-01
 -7.1672571e-01
  4.7514838e-01
 -2.8804141e-01
 -1.5232302e-01
  7.1776432e-01
  3.8127229e-03
  4.1301766e-01
  4.1100928e-01
 -4.5004521e-02
 -1.3936644e+00
  1.5635066e-01
 -9.5651768e-02
 -1.2674347e+00
 -4.7700495e-01
 -8.6323909e-02
 -9.0094697e-01
 -1.7090592e-01
  5.2738339e-01
 -3.0777469e-01
  1.2299269e-02
  3.2622877e-01
  6.8620241e-01
  3.0389205e-01
 -2.9242510e-01
 -5.0512296e-01
 -1.8422553e-01
 -1.7512171e+00
  4.7881725e-01
 -2.6402597e+00
 -7.4770463e-01
  1.3835745e+00
 -1.3268970e-01
 -1.0574625e+00
  1.0748159e+00
  5.3206626e-02
 -8.9271218e-01
 -2.5003285e+00
  7.8381084e-02
  3.3120625e+00
 -1.1677444e+00
 -6.2305146e-01
  2.1674459e+00
  3.5745449e+00
  8.6519897e-01
  6.8138403e-01
  2.7518725e-02
  4.1837282e+00
  2.4880581e+00
 -1.6007481e+00
 -1.0056853e+00
  1.9957552e+00
  6.3735113e-02
 -2.1441371e+00
 -4.0386561e-01
  4.0818885e-01
  1.5086891e-01
  6.8578976e-01
  1.4569072e+00
  7.3229921e-01
  1.3924778e-01
 -2.2496891e-01
 -6.5334618e-01
  2.1827394e-01
 -6.6618544e-01
 -1.9668615e+00
  3.2705086e-01
 -1.1206702e+00
 -1.0403240e+00
 -3.6673182e-01
 -6.2466949e-01
  3.9132541e-01
  2.8200287e-01
 -7.8737497e-01
 -7.5051576e-02
 -1.2920431e+00
  3.7842506e-01
  8.0683148e-01
 -4.2567468e-01
  5.2242804e-01
  5.9614587e-01
 -1.3398352e+00
 -9.8065162e-01
  1.4276230e+00
  3.7757736e-02
  1.1403891e+00
  9.1829610e-01
  3.4614685e-01
 -4.3685099e-01
  1.3865735e-01
 -4.1352367e-01
  7.4078840e-01
 -2.8001428e-01
  2.4087019e+00
  3.0183265e-02
  1.9672012e+00
 -4.5650266e-02
  1.7957802e+00
  1.9147508e-01
  2.4626020e-01
  3.8109091e-01
  1.3587753e-01
 -1.6408223e+00
 -1.4645326e+00
 -6.5314382e-01
 -9.1847467e-01
 -5.6628001e-01
  6.0754573e-01
  1.6647613e-02
 -6.0522097e-01
  7.0318565e-02
  4.1091695e+00
  1.1348716e+00
 -2.9113707e-01
  4.5631371e+00
 -1.4189088e-01
 -3.7077203e-01
 -3.9733887e-02
  2.0812346e-01
 -9.7364199e-01
  3.2813966e-01
 -9.0716529e-01
 -2.0217392e-01
  9.8116457e-01
 -1.0093553e+00
 -1.3444721e+00
  3.2824489e-01
 -2.9627945e+00
 -3.0774193e+00
 -8.3990657e-01
  4.3404431e+00
 -3.4024680e-01
 -3.5391536e+00
  4.5846334e+00
  2.2923687e-01
 -1.2345595e+00
  1.0426464e+00
  2.7674794e-01
  9.6434122e-01
  2.1246486e+00
  5.6930292e-01
  2.5497812e-01
 -8.6646092e-01
 -4.4337096e+00
 -3.4616968e-01
  1.0641034e+00
 -2.3187573e+00
  1.3735269e-01
 -3.9062378e-01
 -1.9731271e+00
  3.5910199e+00
  2.5381792e+00
  1.9195051e+00
 -4.1374612e-01
  1.0301222e-01
  5.5550259e-01
  5.1252717e-01
 -1.3055326e+00
 -1.0580326e+00
 -3.7885249e+00
 -1.3794202e+00
 -1.4526938e+00
  8.2120113e-02
  3.8526068e+00
 -4.0342301e-01
  2.2168374e-01
  1.1006044e+00
  2.0222256e+00
 -2.1616423e-01
 -1.5019284e+00
 -7.9989541e-01
  3.7775323e-02
 -1.4868503e+00
 -2.0694593e-01
  8.7741248e-02
  4.6749488e-03
  4.6728590e-01
 -1.3477224e+00
 -1.2645881e-01
 -3.5437465e-01
  3.2364485e+00
 -8.4200054e-01
  4.9666375e-02
 -1.4228284e-01
  4.8464227e-01
  4.1899014e-01
  2.0450244e+00
  5.9734398e-01
  2.9426646e-01
 -6.8263692e-01
  2.2693921e-02
  2.7600068e-01
 -6.5024340e-01
  1.5356497e+00
 -3.6920735e-01
 -3.3532563e-01
  8.1900156e-01
 -5.2296996e-01
 -3.5400343e-01
  5.4058045e-02
 -6.4007509e-01
  1.1672289e+00
  9.4910485e-01
  3.0142283e-01
  2.2278729e-01
  7.3468727e-01
 -8.2876287e-02
 -3.4665477e-01
 -3.0738395e-01
 -7.6022983e-01
  1.9496889e-01
  6.9809771e-01
  3.3843997e+00
 -7.9469189e-02
 -5.2376695e-02
  7.5758523e-01
  4.4683877e-01
  4.8213243e-01
 -8.9229876e-01
 -1.8278280e-01
 -2.6996124e-01
  9.3837631e-01
  5.5836253e-02
 -8.3464479e-01
  3.0176824e-01
  3.6981294e+00
 -3.1904027e-01
  1.3423413e-01
 -5.3407419e-01
 -2.0791046e-02
  1.4974913e-01
  4.7413558e-02
 -1.0815299e+00
 -1.3304762e+00
 -3.3493170e-01
  3.2777440e-02
  3.3110654e-01
 -5.2889466e-01
  3.4603350e-02
  1.4503811e-02
 -7.5371796e-01
 -1.0639392e-02
 -2.5085056e-01
  4.5850492e-01
 -5.5402759e-02
  1.6162741e-01
  1.3815403e-02
 -2.0255299e-01
  9.5948972e-02
  8.4013844e-01
 -1.8230164e-01
 -1.7527413e-01
 -1.8762517e-01
  1.6377565e+00
  3.0645001e-01
 -4.7742009e-01
  3.1925377e-01
  6.1744827e-01
 -4.3472087e-01
 -9.6447162e-02
 -5.0809085e-03
  2.2155191e-01
  3.4174696e-01
  1.9439734e+00
  2.3784834e-01
  5.0199509e-02
  1.4225324e+00
 -8.0009270e-01
  2.4772060e-01
  4.4965425e-01
  8.2501704e-01
 -5.3189713e-01
  2.2711875e-01
  5.7075655e-01
  5.2630448e-01
 -2.0767038e-01
 -2.3084481e-01
  1.9394374e+00
  3.2365026e+00
 -9.3179978e-02
 -6.0700822e+00
  1.3682249e+00
  1.0834176e-01
 -1.0822161e-01
 -8.8287663e-01
  1.2881422e+00
  1.0002372e+00
  1.3600610e+00
 -2.6871152e+00
 -3.2186744e-01
  1.6594227e-01
 -9.8010463e-01
 -6.4533211e-02
  1.4273579e+00
  7.2474492e-01
  1.3136986e+00
 -1.4461496e+00
 -4.4769984e-02
 -4.0989079e-02
 -1.9622973e-01
  1.1426072e+00
  2.0184665e+00
  7.6418988e-02
 -8.9666352e-02
  8.9248675e-01
  6.3134533e-01
  1.2485681e-01
 -1.6426706e+00
 -6.6602832e-01
  2.2220094e+00
  2.7521064e+00
  1.0857240e+00
 -9.8368376e-02
  1.4560915e+00
 -6.8388410e-02
  1.0811183e-01
  6.9621676e-01
 -3.2616012e-02
  3.6071602e-01
 -4.0055233e-01
 -1.5351720e+00
 -1.5616184e-01
 -3.5881601e-02
  4.8667312e-01
 -3.6374968e-01
  5.5364025e-01
  1.5827376e+00
 -4.2954183e-01
  2.2872128e+00
  8.0701816e-01
 -6.1309189e-01
 -2.3296982e-01
 -1.0549729e+00
  3.7007523e-01
  1.1097497e+00
  1.6101100e-02
 -5.0522476e-01
 -9.8049986e-01
  1.0938480e+00
  5.0187880e-01
  3.8230925e+00
 -5.3460044e-01
  4.0600708e-01
  1.6273785e+00
 -1.0326107e-01
  4.3386540e-01
  1.4487423e+00
  3.3666307e-01
  3.7402174e+00
 -6.6007692e-01
  4.0955886e-01
 -2.0482070e+00
  7.0393395e-01
  4.7826511e-01
 -6.9921952e-01
 -1.0046803e+00
  5.9736019e-01
 -2.4929458e-01
  5.0749127e-03
 -1.0704157e-01
 -1.3718620e-01
 -2.2063385e-01
  1.7418247e+00
 -7.2768742e-01
 -7.8281969e-01
  3.8498160e-01
  1.9541216e+00
 -1.0176715e-01
  4.0246546e-01
 -4.0756652e-01
 -1.4213534e-01
  1.3591640e+00
  1.7284164e-01
  6.1601388e-01
  2.1909974e+00
  4.7407433e-01
  2.8826334e-03
  4.8311788e-01
 -9.0487283e-03
  5.9933579e-01
  2.9617652e-01
 -5.9388226e-01
 -1.2086613e-01
 -8.7139383e-02
 -1.6417723e+00
 -2.0210752e+00
 -5.0867689e-01
 -4.6494493e-01
 -3.2004246e-01
  7.9418355e-01
  1.8248096e-02
 -6.7691690e-01
  1.0610499e+00
 -1.6414556e-01
  2.6006773e-01
 -4.8874107e-01
  2.4511142e-01
  1.0110305e-01
 -2.4998771e-01
 -9.7560994e-02
  2.2491857e-01
  9.1426802e-01
 -5.5930801e-03
  3.1147283e-01
 -2.1725670e-03
 -1.4442699e+00
  5.9208184e-01
  3.6414823e-01
 -5.1720744e-01
  1.4068459e+00
 -7.6856650e-02
  1.4606354e-01
  3.0427536e-01
 -2.3132910e-01
  1.5465093e+00
  8.4146455e-02
  6.1558849e-01
  5.1538610e-01
  2.4909601e-01
  5.1090632e-02
  7.0526260e-01
 -1.8461832e-01
 -7.0807338e-01
  4.3026987e-01
  1.9109651e-02
  6.6703981e-01
 -2.6183695e-01
  9.1975653e-01
  1.9290538e-01
  7.1981114e-01
  1.7444016e-01
 -3.0565687e-02
  3.5153582e+00
 -1.3529035e+00
 -3.1558421e-02
  8.3699906e-01
 -1.3237770e-01
 -1.1221644e+00
 -7.4636191e-01
  6.5096009e-01
  4.1275272e+00
 -5.0837314e-01
 -1.0926008e-01
  1.3215594e-01
 -7.2253889e-01
 -1.1956251e-01
 -6.3800526e-01
 -1.7808765e-01
  4.1453776e-01
  1.0159967e+00
  1.1520921e-01
 -1.9157790e-01
  3.3571899e-01
  9.0530568e-01
  1.2911685e-01
  8.7304634e-01
  5.8793396e-01
 -4.7051567e-01
 -3.1341937e-01
  1.6502252e-01
 -1.2912287e-01
  7.4854863e-01
 -1.8204695e-01
 -2.0213468e+00
  1.3785073e-01
  2.0321748e+00
  1.9490957e+00
  1.3287129e+00
 -3.8465999e-02
 -5.1064229e-01
 -3.9802235e-01
 -6.8300265e-01
 -9.6930653e-02
  1.0301498e-01
 -2.3045897e-02
 -9.5363694e-01
 -5.5277896e-01
  5.5327741e-03
  2.7885816e-01
 -1.4174302e+00
 -1.3533926e-01
  1.6830103e+00
  2.2439919e+00
 -2.1993458e-02
 -5.6142139e-01
 -2.0893443e-01
  4.9581009e-01
 -2.8111213e-01
  2.6992404e-01
  3.3724509e-02
 -6.5567337e-02
  1.2071190e+00
  1.1031791e+00
  1.3787980e-01
  6.4471626e-01
  3.0894151e+00
 -1.0600859e-01
  6.0587877e-01
  3.8975590e-01
  3.5482273e-01
  9.3750469e-02
  2.4792071e-01
  6.9329940e-02
 -1.2591001e+00
  1.1601548e-01
  9.6696533e-02
 -5.9912544e-01
 -5.2026099e-01
  4.7695798e-01
 -2.2521552e-01
  2.5359380e-01
  1.6953318e+00
 -1.1892565e+00
 -4.9301201e-01
 -4.7954145e-01
  4.6313715e-01
  1.1385636e-01
 -9.1835745e-02
  5.2093798e-01
 -1.7081625e+00
  8.2991076e-01
  4.8542655e-01
  7.5847983e-01
  1.0890619e+00
 -4.8981795e+00
 -1.4266098e+00
  1.3256975e+00
 -1.9617495e-01
  2.8831643e-01
 -1.5628535e-02
  1.1472543e+00
 -7.2756124e-01
  1.9510826e+00
  1.7594199e+00
  6.2498963e-01
 -1.4407674e+00
 -1.0409843e+00
  2.8085023e-01
 -7.0484930e-01
 -1.9898953e+00
  7.2041529e-01
 -3.3942394e+00
 -3.6661524e-01
  1.0794650e+00
  1.4022055e+00
 -1.2756433e+00
  8.5377671e-02
 -8.8712555e-01
 -2.3987295e-01
  4.2231977e-01
 -1.8584903e+00
 -3.3079076e+00
 -2.7549701e+00
 -1.7293629e-01
  7.3757315e-01
 -6.9049984e-02
 -1.2716018e-02
  2.9377183e-01
 -1.5667886e+00
 -3.0061212e-01
  1.9317676e+00
 -2.6367867e-01
  3.0730692e-01
  9.3134266e-01
 -2.9747319e-01
  2.9194468e-01
 -1.1162671e-01
 -1.9407980e+00
 -1.5004948e+00
 -8.6618751e-02
  1.3796637e+00
 -2.5145820e-01
 -1.8298355e-01
 -7.0993209e-01
 -1.0004593e+00
 -7.9540777e-01
  2.0845466e+00
  3.9600110e-01
 -4.6028432e-01
 -3.7069273e-01
 -2.1787629e+00
  3.1440181e-01
  3.5753872e-02
 -4.7892010e-01
  8.2825189e-03
  2.6219201e-01
  9.7574614e-02
 -2.1522073e-01
  7.5371331e-01
 -1.4422922e-01
  1.1722715e+00
  5.4052776e-01
  9.4807416e-02
 -6.7321730e-01
  6.6348952e-01
 -2.0021948e-01
  5.5178177e-01
  9.0934348e-01
 -2.8645730e-01
 -4.2702428e-01
 -1.9807591e-01
  6.0936436e-02
 -1.3368989e+00
  5.2276307e-01
 -6.2775266e-01
  7.1100429e-02
 -4.1237217e-01
 -7.4215281e-01
 -8.9667886e-01
  9.7388500e-01
  9.1954398e-01
 -2.8530651e-01
 -1.2364452e-01
 -9.8305531e-02
 -1.5864692e+00
 -7.5481790e-01
  4.9235636e-01
  8.9502203e-01
 -7.2692990e-01
  5.5015051e-01
 -3.8484436e-01
  1.2509997e-01
  2.4438992e-01
 -1.8234096e-01
  9.5353568e-01
  7.6282519e-01
  6.7648095e-01
 -3.4527130e+00
 -3.4110155e+00
  7.2302932e-01
  2.6683450e-01
 -5.0929689e-01
 -7.5213546e-01
 -8.9678061e-01
  7.8805447e-01
  1.8131683e-02
  8.4359866e-01
  8.4613919e-01
 -1.9461678e+00
 -3.6783361e-01
 -3.8106567e-01
  1.4694586e+00
 -6.0836035e-01
  8.4873028e-02
 -2.1278730e-01
 -3.7570587e-01
  2.1246213e-01
 -4.3755966e-01
  1.0075488e-01
 -1.6285299e+00
 -4.3479952e-01
 -5.5383539e-01
 -1.9130395e-01
  1.2542320e+00
 -2.2635166e-01
  2.7555221e-01
 -1.0627546e+00
 -1.3725366e-01
  1.7691964e-01
  1.5080625e-01
 -1.3150572e+00
 -3.6859387e-01
 -1.3814203e+00
 -9.5374650e-01
 -2.0498988e-01
  4.2941275e-01
  1.3640455e+00
  7.5942618e-01
  5.1986480e-01
 -2.2229469e-01
 -7.1141958e-01
 -2.3891452e-01
  4.1499025e-01
  8.8872451e-01
 -1.6603000e-01
 -6.1915112e-01
  3.9222729e-01
 -4.0399545e-01
  3.3078238e-01
 -2.2670143e+00
 -5.1939142e-01
 -9.2209166e-01
  4.0575862e-01
  5.3013104e-01
  4.9379590e-01
  2.0330626e-01
 -8.1252456e-01
  8.5864395e-01
  3.5832217e-01
 -1.8984364e-01
  9.5722295e-02
  5.9561953e-03
 -5.4026324e-01
 -9.0000957e-01
 -7.6060325e-01
 -7.5769120e-01
  2.0018047e-01
  4.6182963e-01
 -1.8082716e-02
  4.3838635e-01
  5.9939444e-01
  3.9772026e-02
  1.9878335e-01
  1.2100517e-01
  5.5807132e-02
 -8.7559628e-01
  6.4967853e-01
  3.7708277e-01
  5.4533195e-01
  9.6760124e-01
  8.2583404e-01
  4.2994368e-01
  3.4205449e-01
  4.9689046e-01
  1.5244499e-02
  5.9126420e+00
  8.0442133e+00
 -1.4089559e+00
 -4.4924295e-01
  2.8095660e-01
 -1.1843083e+00
 -1.0372667e-01
  5.5454379e-01
  1.4475217e-01
 -1.5864987e-02
  1.3478893e-01
 -5.3114319e-01
 -4.9761020e-02
  9.2214620e-01
  8.4213533e-02
 -1.4797932e-01
 -4.9711439e-01
  4.5141295e-01
 -4.3734428e-01
  4.2027846e-02
 -1.0076870e+00
 -6.2758076e-01
 -5.4569483e-01
  3.3164054e-01
 -9.6630305e-02
  5.5429780e-01
 -1.0651948e+00
  1.8474580e-01
  1.1089443e+00
 -2.1081437e-01
  3.9983141e-01
  1.8560448e+00
 -2.0455030e-01
  8.9792436e-01
  4.7054654e-01
 -4.5891553e-02
 -1.6460983e-01
  1.3961876e-03
 -6.2496239e-01
  1.3045235e-01
 -3.3604652e-01
 -5.4707295e-01
  7.2625899e-01
 -3.7680957e-01
  6.8000299e-01
 -1.4566789e+00
 -2.9745296e-01
 -5.8101153e-01
  6.6553801e-03
  5.1380563e+00
 -6.8545401e-01
  5.5226393e-02
  8.1751347e-02
 -4.2216307e-01
 -4.5079899e-01
  5.8445269e-01
 -6.8822843e-01
 -6.1540082e-03
 -8.0025744e-01
 -4.3297148e-01
  9.3435779e-02
  4.9397495e-01
  1.7554291e+00
 -2.7824054e+00
  3.0961032e+00
  1.8443383e+00
 -2.5516927e+00
  4.8783913e+00
 -3.3603332e+00
 -4.1231060e+00
 -1.8799864e+00
  5.9009826e-01
  5.1064327e-02
  4.6139887e-01
  5.9897937e-02
  1.4729559e+00
 -9.0179354e-01
 -1.9189991e+00
  4.2557293e-01
  1.0207264e+00
 -2.5869155e+00
 -3.0657938e-01
  9.7703558e-01
 -6.4541835e-01
 -3.7913412e-01
  1.7652969e-01
  6.1371070e-01
  1.1982474e+00
 -2.1890533e-01
  3.8162686e-02
 -6.7096782e-01
  6.3852280e-01
  1.5487168e+00
 -3.7962660e-01
  2.7614667e+00
 -2.0069890e+00
 -9.7661018e-01
 -2.0748094e-01
 -1.5382533e+00
  8.0619168e-01
  2.9476872e-01
 -1.2915081e+00
  9.2070901e-01
 -1.6154674e+00
  3.7839544e-01
 -3.6411300e-01
  7.9929382e-02
 -2.8765061e-01
 -3.4341514e-01
 -3.6981505e-01
  2.4996532e-01
 -8.2101442e-02
 -1.2122717e-01
 -2.3323631e-01
 -1.8520463e+00
  8.3557002e-02
 -4.1489810e-02
 -1.2124290e-01
  8.8232368e-02
 -1.1675279e+00
 -1.8365096e-01
 -1.2779242e+00
  7.3915213e-01
  9.8269546e-01
  3.2373732e-01
  1.7901523e-01
 -5.2650410e-01
 -1.2973621e-01
  4.7939485e-01
 -9.8817036e-02
  1.2957897e+00
  3.6068296e-01
 -2.8191668e-01
  1.4434481e-01
  3.6267045e-01
 -4.8807949e-01
  2.2096780e-01
 -2.1727675e-01
 -6.3181764e-01
  6.3215470e-01
  4.2964497e-01
  8.7031358e-01
  1.7886451e-01
  7.3038185e-01
  3.9076611e-01
  2.2978140e-02
 -5.3025049e-01
 -1.1833205e-01
  1.0728903e+00
 -1.3727632e+00
  2.8764510e-01
  2.5014489e+00
  1.1733102e-02
 -1.1659412e+00
  5.2373600e-01
  1.0467616e-01
  2.1142569e+00
 -5.7584405e-02
  2.0195621e-01
 -3.7659720e-02
 -1.0031381e+00
  1.3297620e+00
 -3.3194894e-01
  3.8034582e-01
 -2.0082877e+00
  2.5690463e+00
  4.0190315e+00
 -7.7149796e-01
 -5.9468240e-01
  3.8798604e+00
  1.3070869e-01
  4.1371304e-01
 -4.8804912e-01
  1.9668913e+00
  7.0957148e-01
  1.5237615e+00
  3.2550332e-01
  5.4220390e+00
 -7.1694297e-01
  2.1498795e+00
  2.7593204e-01
  6.3753206e-01
  1.1415837e+00
  3.3352239e+00
 -1.1107534e+00
  2.5571842e+00
 -5.9035840e+00
  9.7612262e-01
  7.5569451e-02
  4.9343696e-01
  3.7486415e+00
  1.4185795e+00
 -6.1663907e-02
  4.1978626e+00
 -4.1348758e+00
 -4.2997241e-01
  1.4962398e-01
  1.3152285e+00
  5.7225060e-01
  3.6980247e-01
 -1.8351052e-02
  8.3020961e-01
 -1.9070044e+00
 -3.1103680e-01
 -1.4106247e-01
 -8.1306189e-02
  1.0837766e+00
 -1.5843064e-01
 -4.7477797e-01
 -1.8546914e+00
  3.7967789e+00
  1.7862084e+00
  1.3291531e+00
  1.0410066e+00
  2.2278234e-01
 -1.5931144e+00
  6.6034383e-01
  8.9841390e-01
 -1.5567682e+00
  2.4504507e+00
 -1.4458205e+00
  1.5271133e+00
 -1.3584347e-01
  4.8664827e-02
 -3.7933305e-01
 -2.3413368e-02
  1.9776288e-01
 -5.9292501e-01
  2.8339980e+00
  1.3669028e+00
 -4.9392834e-02
  6.9370991e-01
  4.6960852e-01
  9.5023400e-01
  4.4793135e-01
 -8.3998933e-02
  1.0523883e+00
  1.8420632e-01
 -2.5068480e-01
  5.8412337e-01
 -7.9134691e-01
  6.3604385e-02
 -7.5942177e-01
  3.2541129e-01
 -6.6265476e-01
  5.8163536e-01
 -7.1167298e-02
 -1.4889084e+00
 -1.9272576e-01
  1.5669465e+00
 -3.3830047e-01
 -2.3636129e-01
 -1.9813677e+00
 -9.8500884e-01
 -1.3721790e-03
  1.1037038e-01
 -3.4895468e-01
 -6.4868510e-01
  5.5324805e-01
  7.6870188e-02
  2.2883163e-01
 -2.9193342e-01
 -5.3169954e-01
 -9.5061362e-01
  8.0203801e-01
 -2.1515355e+00
  3.0981569e+00
  1.7210221e+00
 -1.9552858e+00
  2.3048854e-01
  2.9068201e+00
  7.4493074e-01
  4.5398965e-01
 -1.5405817e+00
  1.6468527e+00
 -1.2285943e+00
 -2.5150373e+00
  1.7832911e+00
 -5.1963544e-01
  2.6150680e+00
  7.4522054e-01
  1.2848134e-01
  2.5832558e+00
  6.1355364e-03
 -2.3547142e+00
  3.0454898e+00
  8.4729528e+00
  2.3542943e+00
 -2.2464766e-01
 -6.7549270e-01
  4.2690072e+00
  5.9915036e-01
 -1.7517587e+00
  3.6417794e+00
 -4.6125059e+00
  4.0472013e-01
  2.4828289e-01
 -5.4658526e-01
  3.9124186e+00
  5.2991533e-01
 -1.3232942e+00
  2.1564541e+00
 -7.1493208e-01
  4.2646151e+00
  5.2147293e-01
 -9.5614636e-01
  1.2436419e-02
 -4.2497474e-01
  2.0970488e-01
  1.8568143e+00
 -4.9159846e+00
  8.6688584e-01
 -2.3866601e-01
  1.8733789e+00
 -3.0436113e+00
  3.7091726e-01
 -6.5136933e-01
  2.9730675e+00
 -1.2368309e+00
 -2.8599722e+00
 -2.9091196e+00
 -1.7218583e+00
  1.8706143e+00
  1.4167793e-01
  2.6733097e-02
  2.3936787e+00
 -1.7323503e+00
 -2.3724182e-01
  2.0675184e-01
 -2.3140311e+00
  3.0215967e-01
 -1.4396161e-01
 -2.7657875e-01
 -1.6879886e+00
 -1.7415468e-01
  1.0232984e+00
 -2.1950170e-01
  1.6317917e+00
  3.1735198e+00
 -4.2771992e-01
  5.1955199e-01
  4.0736872e-01
 -1.5333589e+00
 -1.3483398e+00
 -7.4083781e-01
 -1.1182229e-01
 -3.8375369e-01
 -4.4248853e-02
 -1.4899082e+00
 -8.8675600e-01
 -3.3549330e-01
  2.1884601e+00
  4.2603779e+00
  2.2295537e+00
  2.5268468e-01
 -1.3110085e+00
  6.5516450e-02
 -1.4074390e+00
  4.2276758e-01
 -4.4063668e+00
  3.3045013e-02
 -9.3394130e-02
  1.5298983e-02
  6.9090977e-02
 -9.3339825e-01
 -1.2917918e+00
  1.0804718e+00
 -2.4317148e+00
  1.7585177e+00
 -3.8586506e-01
 -2.3258038e-01
  5.5067557e-01
 -1.7575303e-01
  1.0605602e+00
 -3.6041167e-01
  2.3146167e-01
  1.3035253e+00
 -2.3556344e-01
  8.3703649e-01
 -5.5094409e-01
  5.2732444e-01
  1.6785117e-02
 -3.3671774e-02
 -2.7285929e+00
  4.4158983e-01
  6.9793868e-01
 -7.6128525e-01
  2.5166115e-01
  2.9723042e-01
  5.6892890e-01
  2.5522435e-01
 -5.6944698e-01
 -3.3009869e-01
  1.5553795e+00
 -1.9347835e-01
  3.1702405e-01
  1.0765263e+00
  1.0307276e+00
  5.3277206e-01
 -1.3893319e+00
  1.3235778e+00
  2.7382803e-01
  4.9764207e-01
 -3.6932883e-01
  2.2621073e-01
 -4.9038582e+00
  9.5954365e-01
 -1.3360779e+00
  1.0707973e-01
 -3.9910775e-01
 -9.8368630e-02
  2.4500294e-01
 -6.7920566e-01
  3.1734136e-01
  1.6840859e-01
  6.6634923e-01
 -1.4160490e+00
  2.2931147e+00
 -3.1485781e-01
  9.5721185e-01
  1.9118688e+00
 -2.6761937e+00
 -1.0825883e+00
 -1.5270966e+00
  4.2795271e-01
 -3.7979928e-01
  2.3428776e+00
  1.6063192e+00
 -1.0760628e+00
 -9.2249876e-01
  9.9774683e-01
 -9.4184631e-01
  7.6542783e-01
 -1.1086604e-01
  1.5279896e+00
 -3.8194997e+00
  6.0054004e-01
 -8.0159283e-01
 -7.3370445e-01
  5.6886032e-02
  4.9077871e-01
 -1.0397730e+00
  5.3051585e-01
  2.4949906e+00
  8.6520486e-02
 -6.2885404e-01
  8.4010981e-02
  1.7414281e-01
 -6.1644727e-01
  6.8932915e-01
  2.2855344e+00
 -4.6375847e-01
 -5.4834920e-01
 -8.6535829e-01
 -1.4510676e-01
 -1.4822796e-01
 -3.4312859e+00
 -1.7697923e+00
 -4.5534521e-01
  3.0487031e-03
 -1.5312170e+00
 -1.0377231e+00
  6.0478210e-01
 -4.2673832e-01
  6.3971817e-01
  4.6946518e-03
  5.1498964e-02
  5.3772833e-02
  4.8572621e-01
 -4.3759319e-01
  5.3960097e-01
  1.4766794e+00
 -1.8201778e+00
 -3.9463148e-01
  1.3176762e+00
  7.2553843e-01
  3.7887025e-01
 -5.7934535e-01
 -2.7843007e-01
  1.3860264e-01
  3.7874350e-01
 -8.1719387e-01
 -6.3898861e-03
 -1.8858798e-01
 -2.2465862e-01
 -4.8503843e-01
  7.5695622e-01
  6.1826169e-01
 -2.5478551e-01
  9.4506931e-01
 -4.0008256e-01
 -2.6701629e+00
  1.7376241e-01
  4.5435986e-01
  1.0829334e+00
 -2.8120410e-01
 -8.2103508e-03
  9.1760713e-01
 -1.2570001e-01
 -9.4505422e-02
  1.6765594e+00
  7.5334340e-01
 -1.1520423e+00
  8.0298781e-03
  5.5543905e-01
 -6.4959288e-01
 -7.4169695e-02
  4.0607741e-01
  4.2089170e-01
 -5.2529853e-02
 -6.6273379e-01
  2.7713180e-01
 -1.7130452e+00
 -8.6450058e-01
 -8.5940087e-01
  2.7929381e-02
  4.0405893e+00
 -4.0093765e+00
 -4.2416936e-01
  4.0125084e+00
 -2.5449944e+00
  9.7060636e-02
  8.1718266e-01
 -2.2356310e+00
  2.5243552e+00
 -2.7880153e-01
  7.5604543e-02
 -3.8235897e-01
 -1.8372073e+00
 -2.3232193e-01
  9.6792400e-02
  3.7344179e-01
 -2.9725450e-01
 -6.1793840e-01
 -1.7038882e+00
  2.9031532e+00
  3.6608222e+00
  2.9566922e+00
  2.8399773e-02
  1.0342953e-01
 -1.4662461e+00
  2.3260005e+00
  1.1252820e-01
 -1.1801948e-01
 -2.1018803e+00
  6.2406503e-02
 -2.9923433e-01
  1.4108737e+00
  1.2678406e+00
  9.4606593e-02
 -1.0034163e-01
 -1.2568674e+00
  4.6401373e-01
  3.3170009e-01
 -7.4415594e-01
 -1.9426218e+00
 -3.1029662e-01
 -1.3184854e-01
  5.9500325e-01
 -2.2541569e-01
  2.8528199e-01
 -6.1713266e-01
 -1.3127651e+00
  1.9189483e+00
  7.3179394e-01
  5.2913749e-01
 -3.1036407e-01
 -6.2046814e-01
  5.4924327e-01
 -9.6976173e-01
  1.1530843e+00
  1.2804767e+00
 -2.6242441e-01
  1.6419604e-01
 -4.3335848e-02
  7.3206323e-01
 -5.1806521e-01
 -3.1412157e-01
  5.0057846e-01
 -1.5819348e-01
 -2.8141160e+00
 -9.3865499e-02
  2.5657275e-01
 -2.4862811e-01
  1.6789916e-01
  1.0724008e+00
 -2.9969287e-01
 -1.7832883e-01
  3.6342773e-01
  7.3792255e-01
  2.9636815e-02
 -8.3418572e-01
  8.3795422e-01
 -1.5305876e+00
 -1.8292984e-01
  4.2996323e-01
  1.5666395e+00
 -4.9555758e-01
  3.9570847e-01
 -3.3904991e-01
 -2.7848995e+00
  4.2056179e-01
  4.3425980e-01
 -6.8338388e-01
  2.6706287e-01
  1.3535137e+00
 -2.7197915e-01
 -1.4982454e-01
  7.1133727e-01
  1.2456839e+00
  9.4261014e-01
  4.0517241e-01
 -1.8094575e-01
 -5.4038942e-02
 -2.2235824e-01
 -2.3625882e+00
  1.0009544e+00
  6.5795010e-01
  3.2565755e-01
 -2.5954977e-01
 -2.8580594e+00
  8.6746737e-03
 -4.3164250e-01
  3.0469675e-02
 -2.4051325e+00
 -4.4569224e-01
  1.3007943e-01
  1.0163667e+00
 -9.8237976e-02
  1.3944122e-01
  2.9906011e-01
 -5.1526431e-02
  1.6634281e+00
 -1.1827658e-01
  8.3469503e-02
 -8.0815476e-01
  5.2683723e-01
  2.8984094e-01
 -9.9702138e-01
  4.4247726e-01
  4.0013537e-02
  3.4961328e-01
 -1.1917415e-01
  1.0785307e+00
 -4.8714843e-01
  2.6804379e-01
  1.6547692e-01
 -1.3035949e+00
 -3.6935413e-01
 -8.6839914e-02
 -1.0596743e+00
 -3.2316110e-01
  2.1425664e-01
 -1.0040987e-01
  6.8377095e-01
 -5.6675977e-01
  2.2721331e-01
  3.6724734e-01
 -7.5390714e-01
 -9.6411806e-01
 -7.1295846e-01
 -1.8670009e-01
 -8.3629102e-01
 -3.2387182e-01
 -4.5444077e-01
 -1.0333813e+00
 -5.9004426e-01
 -4.8792514e-01
 -9.5830417e-01
 -4.2449312e+00
 -1.3367147e+00
 -9.1935790e-01
 -2.5794169e-01
  1.5636543e-02
  7.0131503e-02
  5.2085602e-01
  1.0972044e+00
 -7.1112299e-01
 -6.8609083e-01
  1.4682828e-01
 -1.9070944e+00
  8.0513245e-01
  2.2770452e-01
  1.7615931e-01
 -3.4674364e-01
  1.1375395e+00
 -1.9713400e-01
  3.3968637e+00
 -1.7763662e-01
 -3.1266651e-01
  3.7197258e+00
  2.4839792e-01
 -2.1903838e-01
  9.7342807e-01
 -1.0106313e+00
  9.6301138e-01
 -2.8382115e+00
  4.0269542e-01
 -4.2766392e-01
  2.3862651e-01
 -1.3076533e+00
 -4.8210594e-01
  1.3796666e-01
  3.8185844e-01
  7.0617640e-01
  6.9033581e-01
 -3.2311463e-01
 -2.4904123e-01
  4.1159591e-01
  5.8248264e-01
  1.0778986e-01
 -4.3765730e-01
  3.0336991e-01
 -6.7574030e-01
  2.3313851e+00
  1.3373545e+00
  1.9433773e-01
 -4.3989167e-01
  1.2091382e+00
 -1.3689072e+00
 -2.4465336e-01
 -5.0530557e-02
 -9.4234723e-01
 -2.7349526e-01
 -2.5618607e-01
  1.3191198e+00
 -7.7021360e-01
 -1.1838421e-01
 -1.4928879e-01
 -6.8040115e-01
  3.1512398e-02
 -1.8858343e+00
 -9.0960586e-01
  6.5757370e-01
  1.4875612e-01
  2.9064456e-01
 -1.8664990e-01
  7.7052020e-02
  3.0261505e-01
  5.2729286e-02
 -8.3864939e-01
 -6.1675918e-01
  4.9415076e-01
  3.0012852e-01
  3.1939209e-01
  5.6872416e-01
 -9.2354491e-02
  8.3797616e-01
 -1.6678345e-01
 -1.2186446e+00
 -3.4314525e-01
 -2.7070493e-01
  8.0018169e-01
  6.2145907e-01
  1.8754478e+00
 -4.1440469e-01
  5.7028913e-01
  8.2874075e-02
 -6.0669577e-01
 -8.5542500e-03
 -7.5793624e-01
  5.2599724e-02
  4.8462325e-01
  8.4272265e-01
  9.4970636e-02
 -9.5847040e-01
 -5.8732861e-01
  3.7595806e-01
 -8.5109249e-02
  1.1582428e+00
 -5.6903404e-01
 -4.8507291e-01
 -1.2715139e+00
 -1.2705605e-01
  1.5922698e-01
 -6.2195182e-02
 -1.4581992e-01
  3.3540744e-03
  5.9961724e-01
 -5.4183722e-01
 -2.4180488e-01
  3.2042131e-01
  3.6365509e-01
  5.6407712e-02
  6.4779687e-01
 -1.0072510e+00
 -4.9549751e-03
 -9.7510827e-01
 -4.5542691e-02
 -1.1716913e+00
  2.0777132e-01
 -1.2207659e+00
 -6.7108285e-01
 -4.2122307e-01
  2.7084035e-01
  1.0951629e-01
 -1.2547011e+00
  2.9731840e-01
  3.2859564e-01
  1.9557118e-01
  5.7367247e-02
 -5.6295311e-01
  7.5088024e-02
  4.8933583e-01
 -2.9581589e-01
 -1.8871345e-01
 -5.9006101e-01
  4.5521710e-02
  1.2276249e+00
 -2.9296038e-01
 -7.4009083e-02
  1.6247775e-01
  1.3137664e+00
 -5.2271640e-01
  4.1058835e-01
  1.3361316e+00
 -5.7438743e-01
 -2.6897439e-01
  3.8656417e-01
 -3.7322888e-01
  5.1115078e-01
 -2.0369768e-02
  6.2467009e-01
 -2.3550208e+00
 -6.6162699e-01
 -1.3862344e+00
 -9.3377620e-01
 -5.0559934e-02
  2.6083276e-01
  2.3801562e-01
  1.4289567e-01
  3.5961017e-01
 -7.7737749e-02
  5.3132403e-01
  7.4681371e-01
  1.5027523e-01
  1.7810105e-01
  8.2310654e-02
  3.2865103e-02
 -4.9527049e-02
 -2.4121661e-01
 -6.4739712e-02
  3.5168028e-01
  1.7343454e-01
  8.2912207e-01
  1.0675926e+00
 -2.9020828e-01
 -2.3618527e-01
  9.4835407e-01
  1.4748192e+00
 -4.3394363e-01
  1.0912373e+00
  7.0914710e-01
 -1.2659058e-02
  1.0654755e+00
 -5.5412829e-01
  2.0781010e-01
 -2.0040703e+00
  1.9180439e+00
 -3.8795695e-03
 -5.2034557e-01
 -1.8458697e+00
 -1.1194865e+00
  5.9678435e-02
  3.9803058e-01
 -4.6184783e+00
  1.5802136e-01
  1.3145094e-01
  1.6944045e+00
  2.1151760e+00
  2.8616025e+00
  1.2460780e+00
 -1.4303151e+00
 -1.2705950e+00
  6.7479450e-01
  2.3841342e-01
  4.0058389e-02
 -1.6669486e+00
  1.1091567e+00
 -3.7518635e-01
 -1.5866715e-01
 -1.7939918e-02
  4.8761690e-01
 -2.3660354e-01
  8.9391172e-01
  9.6402621e-01
  4.1528004e-01
  1.7159791e+00
  6.2008089e-01
  3.4781033e-01
  7.4792296e-01
 -3.2984099e-01
 -1.7076622e-01
  2.2185557e-01
 -2.8265297e-01
  3.7679982e-01
  3.2203981e-01
 -3.4951174e-01
 -6.3994664e-01
 -3.1625041e-01
  1.5328521e-01
  3.2275277e-01
 -4.3224587e+00
  1.2986115e+00
 -1.0638969e+00
  6.5733021e-01
  2.3588686e-01
  1.6808371e-01
  1.7444532e+00
  1.1423200e-02
 -8.0439202e-02
  1.2393287e+00
 -2.3662920e-01
  3.4400111e-01
 -6.1916679e-01
  7.7769202e-01
 -3.1827763e-01
  5.2357560e-01
  5.4737443e-01
  6.7829174e-01
  1.5645427e-01
 -3.0481678e-01
 -1.4716348e-01
 -2.4629718e-01
  9.4657086e-02
  2.5391316e-01
 -6.7266154e-01
  1.4115894e-01
 -5.4102135e-01
  7.7589877e-02
 -7.4991770e-02
  7.4655600e-02
 -8.2732163e-02
  1.5253171e-01
 -8.3461523e-01
 -8.3309680e-01
 -8.8053375e-01
 -3.9314887e-01
  6.9300807e-01
  3.3863485e-02
 -1.0628702e-01
 -1.1571924e-01
 -6.3409656e-02
 -2.3274593e-01
  7.2029740e-01
  8.9799660e-01
  8.0170667e-01
  1.3317204e+00
  3.6927719e-02
 -2.7396679e+00
 -5.6930771e-03
 -7.3232347e-01
  3.2066071e-01
 -5.0659962e-02
  5.8194828e-01
 -7.2135192e-01
 -2.9717448e-01
  2.2786161e-01
  4.5227583e-02
  8.1815106e-01
 -3.1041178e-01
 -8.5461698e-02
 -1.7791262e-02
 -6.1367905e-01
 -3.1009028e+00
 -3.1996250e-01
 -3.2087922e-01
 -3.3444658e-02
  3.5523185e-01
  1.6434715e+00
  5.8756690e-02
 -1.0119029e+00
 -5.5834669e-01
 -6.2291741e-01
 -4.0938655e-01
 -3.0105668e-01
  2.3051305e-01
 -1.1460007e+00
 -1.8357028e-01
 -2.0515873e-01
 -4.3608844e-01
  7.1245342e-02
 -1.9809392e-01
 -5.9936339e-01
  1.7796651e-01
  8.3259058e-01
  6.5687495e-01
  8.7257754e-03
 -9.3858320e-01
 -2.8855291e-01
 -1.9461696e-01
  3.2557091e-01
 -3.3751163e-01
  2.1567324e-01
 -4.8046961e-01
 -2.1465193e-01
  2.4440172e-01
  1.0978727e+00
  8.2854748e-02
  5.1730037e-01
 -2.5069648e-01
  4.6232373e-01
  2.7217376e-01
 -6.7363894e-01
  2.8060061e-01
  2.1114346e-01
  9.7359073e-01
  4.6852577e-01
  2.5246929e-02
 -1.2425965e+00
  2.9619765e-02
  3.6565328e-01
  7.6897889e-03
  2.1772803e-01
 -1.6062785e+00
 -4.5302768e+00
 -4.9001262e-02
  2.5834358e-01
 -2.2912691e+00
  1.5376359e-01
  4.8571959e+00
  6.4320314e-01
 -4.8418534e-01
  4.0676475e-02
  9.6659631e-01
 -7.4374449e-01
 -3.4704955e+00
  7.6079357e-01
 -2.2554767e-01
 -4.4161773e-01
 -5.3162479e-01
 -6.2527883e-01
  1.7433383e-02
 -1.0772908e+00
 -1.4503752e-01
 -7.9104953e-02
 -3.7263840e-01
  7.6338333e-01
  1.1947770e+00
 -7.5770520e-02
 -2.0280230e-01
 -1.0967620e-01
  2.8871027e-01
 -3.8483649e-01
  6.8743539e-01
  4.0548828e-01
  9.8537117e-02
  1.3601869e-02
 -1.3959126e-01
 -2.3697962e-01
 -1.4664102e+00
  1.3489880e-01
 -2.6546860e-01
 -1.6107280e-02
 -2.2550340e-01
  7.5396910e-02
  1.2031350e-01
 -2.9734230e-01
  2.3921731e+00
 -2.0423938e-01
  8.9541984e-01
 -9.7693034e-02
  9.3506485e-02
  6.9730892e+00
  1.0715508e+00
 -4.8095521e-02
 -5.3730514e-02
  1.0653980e+00
 -9.7398925e-01
 -6.8529087e-01
 -7.5364918e-01
  9.2999798e-01
 -7.9803920e-01
  2.5542924e-01
  1.4739071e+00
 -2.0385409e-02
  1.0244157e-01
 -1.0499526e-01
 -1.9182284e-01
  1.0550746e-01
 -1.5976043e-01
  2.8143159e-01
 -3.1234235e-02
 -4.4850355e-01
  5.1684594e-01
 -1.5190871e+00
  1.8221483e-01
 -5.8836764e-01
  1.3186580e-01
 -4.4052762e-01
  1.0901957e+00
 -1.7160420e+00
  1.6366702e-01
 -4.7447977e+00
 -6.8086749e-01
  1.4556651e-01
 -3.7751481e-01
 -2.6833242e-01
 -3.0231243e-01
  7.9032546e-01
  1.7852696e+00
 -7.3332989e-01
  2.9672223e-01
  7.5199634e-01
 -2.7919227e-01
  5.0951356e-01
 -3.2653934e-01
  9.5846456e-01
 -9.5638794e-01
 -7.2708666e-02
  1.1780366e+00
  1.7064756e-01
  1.4799464e-01
 -1.1202372e+00
  3.6605370e-01
 -6.9719821e-02
 -2.1467676e+00
  4.7323355e-01
  3.9226964e+00
 -5.5809605e-01
  1.6231802e-01
 -7.3728710e-01
  3.5915795e-01
  2.0602074e+00
 -7.2669782e-02
  5.0378412e-02
 -6.2932885e-01
 -9.1981584e-01
 -4.9947675e-02
  3.9664526e-02
 -2.9729360e-01
 -1.9935840e-01
 -3.9484540e-01
  1.3955840e-01
  3.1792486e+00
 -6.2465549e-01
  6.1530225e-02
 -1.0335526e+00
  2.6418548e+00
  1.5161112e-01
 -2.2303889e+00
  6.5489575e-02
  4.9397394e-02
  2.0583816e-01
 -2.0427245e-01
 -1.0636342e+00
 -3.6205345e-01
 -9.6709831e-03
  3.0944201e-01
  6.4068687e-01
  1.0013292e+00
  2.7680692e-01
 -5.8194321e-01
  2.6869711e-01
 -8.5328110e-02
 -1.2889749e-01
  1.5088071e-01
  5.8730924e-01
  1.8348667e-01
  4.2139173e-01
  1.8933079e-01
  4.0340349e-01
  1.2095904e+00
  6.7982137e-01
 -1.4182854e+00
 -7.3315710e-01
  3.0812781e+00
 -1.3858629e+00
 -2.7105873e+00
 -3.9821860e-01
 -1.0298458e+00
  1.3929056e+00
  1.8465536e+00
  3.8552802e+00
 -5.4398775e-01
  1.6235911e+00
 -6.6637278e-01
 -3.0834250e+00
 -9.6967572e-01
  8.0157566e-01
  2.9313985e-01
 -1.1750713e-01
  1.1605120e+00
  3.9337046e+00
 -1.8509549e+00
 -3.2081409e+00
  2.8947840e+00
 -1.9660297e-01
 -1.4295661e-01
 -3.1156039e-01
  5.6179100e-01
 -1.5421189e-01
 -5.6628078e-01
 -2.1713521e+00
  1.2772093e+00
  4.7239029e-01
 -1.8812648e+00
 -3.5196263e-01
  1.0148008e+00
  3.6548191e-01
  1.8590750e-01
  3.6354733e-01
  5.0075841e-01
  1.0588741e-01
 -2.5242727e+00
  6.7553842e-01
  5.6726679e-02
 -5.4531634e-01
  1.6470139e-01
  1.0760837e-01
 -7.5284839e-01
  9.3445349e-01
  3.1107610e-01
 -9.8189846e-02
  1.7620565e-01
  6.4858192e-01
  4.9320042e-01
 -2.2255109e-01
 -4.1305390e-01
  4.6293173e-02
  2.3551555e-02
 -6.8931110e-02
  2.2422321e-02
 -2.3178707e-01
  3.9185481e+00
  3.1471131e+00
  1.1678686e-01
  8.3389819e-02
  5.0550586e-01
 -5.3206611e-01
  6.9053662e-01
 -1.0598229e+00
  6.4796448e-02
 -2.3651403e-01
 -4.4680128e-01
  1.6136611e-01
  4.8678634e-01
  1.6465919e+00
 -2.3306629e-01
  3.5077345e+00
  4.7538108e-01
 -8.0556393e-01
  7.5246565e-02
 -4.8833334e-01
 -1.0608393e-01
 -2.6248887e-01
 -3.0653838e-02
 -3.9051011e-01
 -2.0012140e+00
 -2.5958183e-01
  3.7007168e-02
 -9.7433376e-01
  5.3208083e-02
  3.7680525e-01
  3.4054580e-01
  1.3798189e+00
 -8.3320874e-01
 -9.7016498e-02
  7.9804879e-01
 -6.7025445e-02
 -1.4742297e+00
  1.0961366e-01
 -5.6072509e-01
 -5.0286336e+00
  1.2941962e+00
  4.3875504e+00
 -2.9706516e+00
 -3.2717720e-01
  4.0107388e+00
  3.9564259e+00
 -2.2110603e+00
 -4.8072791e-01
  8.1153743e-02
  4.2179620e-01
 -6.8818605e-01
 -1.0196738e+00
  8.0995601e-01
 -9.5053816e-01
  7.1739638e-01
 -8.5901332e-01
  1.2717426e+00
  1.5910811e+00
 -1.4963406e+00
 -4.1259670e-01
 -5.5230105e-01
 -2.8132827e+00
 -3.4729809e-01
  2.6151612e+00
  1.0039413e+00
 -1.5282057e-01
 -1.6501608e+00
 -7.7850866e-01
 -5.9120275e-02
 -3.3668036e+00
  6.6582996e-01
  1.8785344e-01
 -1.8758790e+00
  1.5385872e+00
 -3.7075761e-01
 -2.0813000e-01
 -1.7189413e-01
 -3.6082134e+00
  1.6543897e+00
 -5.0261360e-01
 -1.2115016e+00
  2.3076162e-01
 -7.5814784e-02
  4.8573084e-02
  1.4484513e-01
  9.0374462e-03
  5.0698113e-01
 -6.7605895e-01
 -5.4425722e-01
  3.7206331e-01
 -1.2948846e+00
 -7.9682177e-01
 -1.2001078e+00
 -1.9580073e+00
  1.6733145e-02
  5.7289328e-02
 -1.9203351e+00
  4.8995256e-01
 -8.9309320e-02
 -1.4738768e-01
  6.4614904e-01
 -2.8513348e-01
 -2.8849652e-01
  7.5739092e-01
  1.3076163e-02
  1.6941689e-01
  1.5657165e+00
  7.6951575e-01
 -7.0898855e-01
  4.5706025e-01
 -6.9923677e-02
  1.1004324e+00
  1.6323977e+00
 -5.1215255e-01
  2.0180646e-01
  2.5781557e-01
  2.5669188e+00
  2.4061494e-02
  1.6138035e-01
 -1.3670958e+00
 -1.1129224e+00
  1.2689613e-01
 -6.0689068e-01
 -9.5655286e-01
  1.5887389e+00
 -7.9222941e-01
 -2.1326447e+00
 -6.3689046e-02
  1.4100193e+00
 -1.1992283e-01
 -1.1841441e+00
  1.1485508e-01
 -5.1277834e-01
 -4.9312226e-02
  3.5899177e-01
  3.8157243e-02
  2.0289697e-02
  9.2955935e-01
 -2.9790118e-02
 -6.5144283e-01
  1.9413306e+00
 -6.4452857e-01
 -3.6293381e-01
 -2.9055360e-01
  2.1480712e-01
 -7.0684826e-01
  1.3722332e-01
 -1.0201911e+00
 -2.7534094e+00
  3.6916944e-01
  9.7020650e-01
 -6.5951884e-02
 -1.9566033e+00
  1.5922414e+00
 -2.2456431e-01
 -2.7620247e-01
  9.1354489e-02
  6.5174437e-01
  7.7069587e-01
  1.0306454e+00
  9.4371259e-01
  5.4808646e-01
 -6.4747030e-01
  2.3724563e-02
  7.1570218e-01
 -1.0728512e-01
  5.8584833e-01
 -1.1224041e+00
 -5.5206329e-01
 -1.1680678e+00
  1.2794164e-01
 -4.7328767e-01
 -8.9437360e-01
 -1.2523367e+00
  2.5714946e-01
  4.9639367e-02
 -2.2428003e-01
  2.9105419e-01
  4.1763422e-01
 -1.7657223e-01
 -3.6098206e-01
 -6.6044277e-01
  1.2412848e-01
  1.7792132e-01
  4.7300929e-01
  3.4115384e+00
  9.3952522e-02
  8.2097426e-02
  3.9399457e-01
 -4.2261109e-01
 -9.3023740e-02
 -5.8594084e-01
 -8.3593860e-02
 -5.2968812e-01
 -1.1338451e-01
  1.8048680e+00
 -1.3470087e+00
 -4.3185231e-01
 -1.5978111e+00
  1.2427794e-01
  8.0459857e-01
 -1.4801499e+00
 -3.0236948e-01
  1.1583553e-01
 -4.1719839e-02
  1.2207485e+00
 -4.6334463e-01
  5.8612889e-01
  1.3018825e+00
  6.9208570e-02
 -2.6506827e+00
  5.2477247e-01
 -6.4734536e-01
  3.6662769e-01
  7.3542106e-01
  1.0156300e+00
 -1.8637390e-01
  1.0725785e+00
  1.5482132e-01
  3.8016424e-01
 -3.1470689e-01
  2.1190420e-02
  1.6661668e+00
  5.0427967e-01
 -8.2153738e-01
  1.9068291e+00
  2.1074996e+00
  2.0853910e-01
  4.7598830e-01
 -1.0517485e+00
 -1.8275592e-01
  7.2236049e-01
  1.1307546e-01
 -1.0827131e+00
  3.4590554e-01
  1.5260122e+00
  7.7547884e-01
 -4.1840905e-01
 -5.2210593e+00
 -4.8230343e+00
 -7.9862021e-02
  3.1011362e+00
 -5.3272212e-01
  6.5013731e-01
  6.5884414e+00
  2.2908340e-01
  1.8034492e+00
  2.5158157e+00
 -9.8369545e-01
 -1.8398948e+00
 -6.1352605e-01
 -5.9822220e-01
  2.9363639e+00
  1.4003426e-01
  5.3145128e-01
  1.3769795e+00
  2.9605563e+00
  2.0938936e-01
  9.2215317e-01
  3.2161722e-01
  2.8625327e-01
  7.0924956e-01
 -2.7914281e+00
  6.6838354e-01
  4.6739003e-01
 -1.1497504e-01
  5.4583307e-02
 -3.0511269e-01
 -4.4390738e-01
  7.3687768e-01
 -4.3915531e-01
  2.3297012e-01
 -2.5502422e-01
 -5.3443861e-01
  1.5434434e-01
 -2.9273507e-01
  4.7167179e-01
 -3.6259160e+00
 -9.7490227e-01
 -1.4052095e+00
 -8.1662476e-02
  3.2077652e-01
  3.4011850e-01
 -1.2378314e+00
  7.5490022e-01
  1.2039373e+00
 -1.6739850e-01
 -5.2122599e-01
 -4.6917826e-02
 -7.1787256e-01
 -1.2202915e+00
 -5.9403920e-01
  3.2552640e+00
 -2.4851698e-02
  5.0614924e+00
 -9.8488563e-01
  1.8726434e+00
  7.2805291e-01
 -3.1956618e+00
  6.5219834e-02
  1.3009351e+00
 -7.8494072e-01
 -3.2613018e-01
  1.2601415e+00
  5.6208305e-02
 -1.5249836e-01
  1.3888547e-01
  3.4616661e-01
 -2.9556453e-01
 -3.6935967e-01
 -1.0376387e+00
 -7.1537650e-01
 -6.2429619e-01
  4.8254326e-01
 -4.4253245e-01
  8.0938011e-01
  2.8970012e-01
  2.6498345e-01
 -7.0367193e-01
  6.9016862e-01
 -2.8856020e-02
  2.8873953e-01
 -1.1722263e+00
 -5.1353133e-01
 -4.8664484e-02
 -3.4689897e-01
  3.6104044e-01
 -1.2647019e-01
  3.3519039e-01
 -1.8572634e+00
 -7.9069024e-01
  3.8375694e-01
 -2.6977649e-01
  1.3880387e-01
 -6.5789334e-02
 -5.1902956e-01
 -3.2060158e-02
 -4.9722224e-01
  5.0542897e-01
 -1.5289481e-01
  6.6876453e-01
  1.1793958e-01
 -1.3218169e-01
 -1.2266198e+00
 -5.9420186e-01
  1.0531751e+00
 -1.8031010e-01
 -7.7734536e-01
  1.0868727e+00
  1.1199198e+00
 -1.0334719e+00
  7.8918308e-01
  6.4258349e-01
 -1.2262473e+00
  1.4337691e+00
 -5.9015775e-01
 -6.8877476e-01
 -1.3743614e-02
 -3.8305032e+00
  1.3241507e+00
  4.4811317e-01
  4.3816827e-02
 -8.6760068e-01
 -1.0831141e+00
 -2.0087235e-01
 -5.9075497e-02
 -1.2059144e+00
  1.0205773e+00
  1.8660244e+00
 -1.0656863e+00
 -5.1087815e-01
  4.2270026e-01
  1.0385549e+00
 -2.4229509e-01
 -1.0472918e-01
 -2.2997229e+00
 -3.9524832e-01
 -9.2279983e-01
 -1.2774071e-01
  1.9084051e+00
  1.0491935e+00
  3.0438545e-01
 -4.1162023e-01
  8.5894096e-01
 -8.8003747e-02
  2.6064208e-01
  1.4365093e+00
  8.0370456e-02
  5.8523118e-01
 -2.1758654e+00
 -1.0431759e-01
  8.9699060e-01
 -1.2635542e+00
  1.0680199e-01
  2.0091014e+00
 -5.2553284e-01
 -2.9803846e+00
  2.4358828e-01
  2.8851983e-01
  3.6903313e-01
 -5.2232087e-02
  3.5068589e-01
 -1.5360380e+00
  2.6959350e+00
 -1.0869130e-03
  1.0709748e+00
 -6.8200839e-01
 -6.5696202e-02
  6.0594726e-01
  4.2829037e+00
  5.6427425e-01
  1.1120422e+00
 -1.0775241e+00
 -4.9353215e-01
  7.9651110e-02
 -2.7559927e-01
  3.8486701e-01
  2.7006161e-01
 -2.6126232e+00
 -1.6065669e+00
 -8.3103538e-02
  7.3882371e-02
  1.2056063e+00
 -1.0435576e+00
  4.3551895e-01
 -4.0882316e-01
  1.3230374e-01
  4.8169923e-01
  5.5804133e-01
 -2.1147424e-01
  9.0477204e-01
  1.1537901e-01
 -2.4049473e-01
 -1.3916423e+00
 -1.7364398e+00
 -1.2513249e+00
 -1.2242693e-01
 -1.9556642e+00
 -5.8553345e-03
 -8.3170615e-02
  3.0419412e-01
 -1.1529559e+00
  7.5634825e-01
  6.3048059e-01
 -8.6335403e-01
  9.0330619e-01
 -1.0136133e+00
  8.1020194e-01
  2.6826978e-01
  8.9480895e-01
  1.4848022e+00
 -9.8159134e-01
  5.1469302e-01
 -4.7609463e+00
  1.7532004e+00
  6.4009559e-01
  2.8107381e-01
  2.5495496e-01
 -1.6912830e-01
  4.9375567e-01
  4.6028949e-02
  2.5272632e-01
  2.6335919e+00
  1.5034434e-01
  1.2252775e+00
 -2.2121339e-01
  1.9617060e-01
  1.4563947e+00
 -8.3613628e-01
 -1.5037031e-01
 -1.0175582e+00
  1.1494672e+00
 -2.5042614e-01
 -8.7060615e-02
  1.4737552e+00
  2.1255009e-01
 -1.3231847e+00
  1.2135395e+00
  1.9947599e-01
  1.2610929e+00
  5.0449824e-01
 -7.4660122e-01
 -4.8566008e-01
 -6.0885614e-01
  6.3623434e-01
 -2.0241670e-02
  1.7790669e-01
 -3.9130777e-01
 -4.3978092e-01
  2.3543766e-02
 -2.6071864e-01
 -5.7839328e-01
 -5.9906310e-01
  5.5660468e-02
 -5.8875644e-01
  9.1355145e-02
 -8.9409173e-01
 -5.9305482e-02
  2.8651536e-01
 -8.1262898e-01
  2.2505209e-01
 -4.3492192e-01
  2.0854497e-01
  1.4365768e+00
  6.1025512e-01
 -3.8083248e-02
 -4.8438035e-02
 -5.4151203e-02
 -5.9698522e-01
 -1.0375394e-01
 -1.2085108e+00
 -3.3782572e-01
 -6.0233796e-01
  1.5872297e+00
 -7.7619880e-02
  1.9816421e-01
 -2.9239200e-02
  5.2887642e-01
 -5.4808885e-01
  5.6188565e-01
  4.4647673e-01
  1.0140488e-01
  5.3538375e-02
 -2.6157436e-01
 -1.2391184e-01
  1.3513558e-01
 -6.5077281e-01
 -2.1313055e+00
  1.3840313e+00
  9.6153483e-02
 -6.7660016e-01
 -1.4732899e-01
  2.0531397e-01
  3.5234123e-01
  2.6443422e-01
 -1.0834531e-01
  6.3676113e-01
 -5.4338503e-01
 -2.2329862e+00
 -9.4411254e-01
  2.2389915e+00
 -2.7023561e-02
 -1.5890330e-01
  5.5577528e-01
  2.5891185e-01
  8.0524278e-01
 -7.3004329e-01
  4.0236011e-01
 -5.0704473e-01
 -7.5772524e-01
 -2.1004464e-01
 -4.5160282e-01
 -3.9249572e-01
  5.3396583e-01
 -3.0518997e-01
  6.3410830e-01
  2.4782756e-01
 -1.5439713e-02
  4.8423279e-02
 -2.9992709e-01
 -3.4859307e-02
  1.5209448e-01
  1.1364882e-01
 -1.1752645e+00
 -1.0666175e+00
 -3.1112713e-01
 -1.8175787e-01
 -3.9053850e-02
  5.0031257e-01
 -3.1220725e+00
 -1.7422825e-01
  6.9143856e-01
 -1.2372710e+00
  4.2486045e-01
  5.6866288e-01
 -3.9729938e-01
  7.4085927e-01
  1.6520444e-01
 -2.9140750e-01
 -3.2341272e-02
  9.1882676e-01
  1.8753825e-02
 -5.2446991e-01
  1.4871700e-01
 -3.7624529e-01
 -3.2562035e-01
  1.3968676e-01
 -1.4721936e+00
 -5.2218666e+00
  1.1442584e+00
 -2.4460294e+00
 -3.0724335e+00
 -1.3578517e+00
 -3.9856017e+00
  1.9244329e+00
 -2.5014822e+00
  1.7337409e+00
  2.9532950e+00
 -3.2676375e-01
 -1.4792717e-01
  1.1527776e+00
 -1.9624257e-01
 -9.7036934e-01
 -7.2104818e-01
  1.5241346e+00
  6.4121228e-01
 -2.0012009e+00
 -9.3025953e-01
  2.1125050e-01
 -2.7937573e-01
  3.4292500e+00
  2.8222823e+00
 -6.7651041e-02
 -6.4887667e+00
  7.2110027e-01
 -4.0017314e+00
  3.3964136e+00
 -2.3249856e-01
 -5.8977157e-01
 -9.0930313e-01
  2.0280002e-01
  7.6105428e-01
  3.8763571e+00
 -2.1443528e-01
  7.3758805e-01
 -7.5605273e-02
  7.2398823e-01
  1.8187147e+00
 -2.8323660e+00
  2.7771705e-01
 -8.8256723e-01
  1.8962711e-02
 -7.2518326e-02
 -8.8080537e-01
 -6.1749065e-01
  9.8258775e-01
  5.4518890e-01
  4.9344903e-01
  3.2167131e-01
  2.2320481e-01
  7.6201931e-02
  1.7023787e+00
  1.3860747e+00
 -5.3373379e-01
  2.2605804e-01
 -9.7025204e-01
 -6.1082947e-01
 -1.8985237e+00
 -4.9392858e-01
  6.2754899e-01
  3.5619518e-01
 -1.9675034e-01
  1.1031629e+00
 -4.0419853e-01
 -7.7114552e-02
  9.1368097e-01
 -1.2624484e-01
  7.8555340e-01
  1.1088765e+00
  1.0258121e-02
  7.9985845e-01
  8.0820376e-01
 -2.0016181e+00
 -9.7599095e-01
 -1.6368445e+00
 -6.2842768e-01
 -1.5716808e-01
 -1.5574592e-01
  1.1832979e+00
  5.5181026e-01
 -1.8414928e+00
  1.4488415e+00
  8.3361283e-02
 -1.8738627e-01
 -8.3223693e-02
 -1.9938093e-01
  1.1741728e-01
  2.5904784e+00
  9.4851546e-02
  8.0693424e-01
 -2.9282048e-01
 -7.0104969e-01
  5.7417250e-01
  3.3227663e-02
 -5.1511902e-01
  4.2044508e-01
  4.2112601e-01
 -8.9825600e-01
  8.8282686e-01
  1.5222527e+00
  2.2924452e-01
 -6.5915817e-01
 -8.3127338e-01
 -3.5936651e+00
  5.1387701e+00
 -8.3044988e-01
 -1.1351815e+00
  6.1355197e-01
  3.0214665e+00
  1.3037394e+00
 -4.3004727e-01
  5.8834141e-01
  1.5550332e+00
 -1.2217343e+00
  4.5778012e+00
 -2.4240410e+00
  2.9467329e-01
 -1.7897019e+00
 -1.7887780e-02
 -8.9340323e-01
 -1.9584945e+00
 -1.0943922e+00
 -1.5352515e+00
  2.1773722e+00
  1.4074085e+00
  7.4017227e-01
  3.3989504e-02
  1.4860750e+00
 -1.6927169e-01
 -3.3766168e-01
 -1.9444997e+00
 -7.5040549e-01
  5.7738084e-01
  6.8829632e-01
  1.6250690e+00
  5.5249870e-01
  3.7923744e-01
 -2.1702230e+00
  3.0002666e+00
  2.8529483e-01
  2.1258175e-01
  9.8798847e-01
 -7.2512227e-01
  2.1869092e-01
  7.8491908e-01
 -1.3166687e-01
  4.4665292e-01
  3.4368557e-01
 -2.4992442e+00
 -1.3343372e+00
 -8.1059772e-01
  1.2024314e+00
  1.3130443e+00
  1.7547786e-01
 -5.9852839e-01
  7.9440571e-02
 -4.3039283e-01
  5.3831142e-01
  6.5296823e-03
 -2.0821951e-01
 -3.5235280e-01
  6.1229950e-01
  6.1424083e-01
  4.8728457e-01
 -9.5667976e-01
 -2.3223195e-02
 -9.3668699e-03
  1.7185839e+00
 -4.7477491e-02
 -3.7187926e-02
 -1.5099361e+00
  4.0055111e-01
 -4.5677486e-01
  1.0377741e-01
 -9.1309333e-01
 -7.0849156e-01
  1.0119933e+00
  1.3929124e-01
 -7.4372989e-01
 -3.5587352e-02
 -3.3290637e-01
 -3.5155028e-01
  6.5429389e-01
 -1.4080696e-01
  2.7205998e-01
  3.4914382e-02
 -1.0338926e+00
 -6.1748451e-01
  4.2204025e-01
 -8.1602991e-02
  4.2062672e-03
 -9.5344049e-01
 -3.3305562e-01
 -9.8323874e-02
 -1.2130513e+00
 -9.4813401e-01
 -1.0269065e-01
  1.1501516e-01
 -2.9906735e-01
 -8.0725783e-01
  2.7837771e-01
 -1.6854331e-01
  5.7738239e-01
  9.4225371e-01
 -7.5052458e-01
 -3.1736526e-01
 -1.1923513e+00
 -4.6741074e-01
 -6.0014957e-01
  2.3003463e-01
  3.1195807e-01
 -1.5052307e-01
  7.1061891e-01
 -3.1598899e-01
 -1.9956008e-02
  9.9330455e-01
 -3.4756133e-01
 -4.3354303e-01
 -3.5430020e-01
 -1.9123563e-01
 -3.7289008e-01
  1.7453033e+00
  5.8678657e-01
 -1.3360517e-01
 -2.4914756e-01
  8.8557822e-01
  2.7571037e-02
  5.7834174e-02
  5.9498183e-02
  1.4966238e-01
 -2.1148452e-01
  7.3890752e-01
 -2.9549667e-01
  2.1024306e-01
 -2.8525537e-01
 -7.8897488e-01
 -6.1116672e-01
  1.3005056e+00
  2.9432979e-01
 -2.4307687e+00
 -2.1792027e-01
  7.4759901e-01
 -1.0614114e+00
 -1.5388461e+00
  5.0250396e-02
 -4.4617313e-01
 -7.1483392e-01
 -2.4074696e-01
  1.8878495e-02
  7.2987631e-02
  9.7075683e-01
  3.8593215e-01
 -2.0440754e-01
 -1.0602607e-01
  7.3108655e-01
  1.1370505e+00
  1.9387766e+00
  8.0205679e-02
 -1.0965709e-01
 -8.6226946e-01
 -9.5350087e-01
  1.1845598e+00
  3.0009043e-01
  7.1483862e-01
  8.7858629e-01
 -8.6515278e-01
 -2.8664666e-01
  3.3654884e-01
  1.9344143e+00
 -4.3351376e-01
 -1.8971060e-01
  2.3348907e-01
 -6.3719875e-01
  3.7783700e-01
 -8.4376931e-02
 -3.5510962e+00
 -3.5392523e-02
 -1.4331394e-01
 -5.1565510e-01
 -8.8060820e-01
  9.4768178e-01
 -6.9098401e-01
 -3.0124679e-01
  3.8018778e-02
 -1.8007179e+00
 -2.9080769e-01
 -2.4570820e-01
  2.8995471e+00
 -4.2852677e-02
  6.2813419e-01
  3.9043024e-01
  3.7216440e-01
  1.2956668e-01
  3.0627927e-01
  1.2814188e-01
 -6.4468309e-02
 -6.9718605e-01
  3.8963214e-01
 -5.7165968e-01
  1.6662863e+00
 -2.1437905e+00
  5.3740096e-01
 -1.6436104e+00
 -1.9982766e-01
 -3.6032889e-03
 -1.5790632e+00
 -4.9756625e-01
 -5.2361137e-01
  5.1239079e-01
  1.8349372e+00
  1.4065903e-01
 -4.9086687e-01
  1.7185290e-01
  2.9788675e+00
 -1.2445456e-01
  3.5915378e-01
  1.0631126e-01
 -4.5466702e-02
 -2.0492995e-01
 -4.1530377e-01
 -7.7535623e-01
  5.5574220e-01
  1.2786756e+00
  3.5548377e-01
 -4.1134420e-01
  5.3966790e-02
 -6.1975628e-01
  1.0015458e+00
 -1.3811031e-02
  1.6401874e-01
  5.4132098e-01
  5.0092530e-01
  1.4026368e-01
 -3.1067395e+00
  1.0946016e+00
  2.0255115e+00
  1.0909370e-01
 -3.9038074e-01
 -8.2706526e-02
 -6.3386716e-02
  1.5400840e-02
  1.3488713e-01
  9.0792000e-01
  7.2832650e-01
  9.3825889e-01
  1.3551506e+00
  1.1757504e+00
  6.8617934e-01
  3.4940910e-01
  7.0403852e-02
  1.1500700e+00
  1.3088007e+00
 -3.8908891e-02
 -2.5600219e-01
 -2.2892790e-01
 -5.1232055e-03
  1.0578166e+00
 -1.1562427e+00
  3.0590570e-01
  4.2729673e-01
  9.0599096e-01
 -2.2768855e+00
 -2.7941647e-01
 -2.3354164e-01
 -2.2249217e+00
  2.3992653e+00
 -4.1031879e-01
 -7.3988956e-01
  4.6366432e-01
  3.5648695e-01
  4.8593402e-01
  4.4439054e-01
 -2.9900107e-01
 -1.1896008e+00
  5.3225482e-01
  6.8048364e-01
  4.9489218e-01
  3.9787596e-01
  3.8486216e-02
 -1.2658572e-01
 -1.8217082e-01
 -6.2201446e-01
 -1.3468648e+00
  5.0844520e-02
 -6.5693021e-01
 -2.0592202e-01
 -6.8722010e-01
  2.8335512e-01
  7.3007236e+00
 -8.4395301e-01
 -1.4855078e+00
 -1.7737003e-01
 -5.0847477e-01
 -1.1618707e+00
 -9.7972441e-01
  7.5684166e-01
 -1.0819055e+00
  6.4271504e-01
 -1.5110258e-02
  9.6417367e-01
  3.0116580e+00
 -9.5128223e-02
 -1.7365102e-01
  2.1215436e-01
 -6.7086658e+00
 -6.9077289e-01
 -1.5810355e+00
 -9.4878751e-01
 -1.1218300e+00
 -4.3659428e-01
  3.7226468e-01
  3.9747852e-01
 -1.1640177e-01
 -2.1986887e-02
  4.1469303e-01
 -1.3087445e-01
  1.6031668e-01
  2.9821602e-01
 -1.1741345e+00
 -1.7293758e+00
  2.2046912e-02
 -9.8114258e-01
  1.0174333e+00
  1.1705786e+00
  8.8615650e-01
 -1.7794809e-01
 -2.1021633e+00
  4.3944511e-01
 -8.1840500e-02
 -1.1386613e+00
 -2.0296752e-01
  8.7787941e-02
 -8.7937242e-01
 -1.7866074e-01
  1.2279199e-01
 -1.9398370e-01
  3.3686313e-01
  3.2613865e-01
  4.5738459e-01
 -1.5783327e+00
 -4.0775776e-01
  2.3059437e-01
 -8.1060119e-02
  4.7061148e-01
  4.3821424e-02
  3.4870523e-01
 -3.5834238e-01
  6.8267626e-01
  3.3487132e-01
  8.8949645e-01
  3.7718311e-01
  9.5319694e-01
 -1.3748209e+00
  2.3690977e+00
  1.3299848e+00
  6.0790735e-01
  3.7375090e-01
 -5.1245809e-02
  2.4910927e-02
 -8.8476515e-01
 -2.3389709e-01
  1.1722726e+00
 -2.2313179e-01
 -1.3196075e-01
 -6.5989144e-02
 -4.8465842e-01
  7.8007090e-01
 -4.0889904e-02
  5.4215902e-01
  5.5613542e-01
  1.9209279e-01
 -1.6658175e-01
 -5.5786806e-01
  1.3554643e+00
 -8.3068900e-02
 -2.1616775e-01
 -8.0654156e-01
 -5.6531203e-01
  6.9290435e-01
  7.9654884e-01
 -2.1792005e-03
 -7.7133441e-01
  1.7855892e-01
  2.6498026e-01
  2.2262797e-01
  2.2671302e-01
 -1.5061240e+00
 -5.9135419e-01
  1.6394426e-01
 -1.1492567e+00
  2.0842813e-04
 -7.5547719e-01
  4.9126709e-01
  1.0081635e+00
 -5.3337950e-01
  2.1099761e+00
 -4.9855611e-01
 -7.4412328e-01
 -2.6659412e+00
  4.3554157e-01
  1.5068574e-01
  1.3143181e+00
  1.5985901e+00
 -2.8614143e-01
 -1.0405502e-01
  3.7288520e-01
  2.1935611e+00
 -2.0436060e+00
 -4.4114652e-01
  4.0460283e-01
  2.9677144e-01
  9.6216941e-01
 -1.6419445e+00
  1.0380454e-02
  1.0246162e+00
  1.9391361e-01
  1.2249646e+00
  1.4909105e-01
 -3.5876486e-02
  8.3764297e-01
 -7.0100600e-01
  1.0317100e+00
  2.3394377e+00
 -1.4431386e+00
  2.6969889e-01
 -1.7603530e+00
 -8.1144017e-01
 -6.9370717e-01
 -9.0845454e-01
 -1.4369400e+00
  4.9910769e-01
 -2.2785521e-01
  1.9334054e+00
  1.3060519e-01
 -2.9406181e-01
 -2.9748574e-01
 -6.4057785e-01
  4.0230086e-01
  7.1102291e-02
 -9.4783507e-02
  3.6315132e-02
  1.6696658e-02
 -2.2670238e-01
 -1.3620849e-01
 -1.9002169e-01
  5.7145858e-01
 -6.3012367e-01
  5.7954031e-01
  2.3856825e-01
  1.5072578e+00
  6.4219427e-01
  1.9707074e-02
 -1.9898620e-02
 -8.0247486e-01
  1.3864771e+00
  1.6229279e+00
 -1.7732960e+00
 -2.8669670e+00
 -1.1047858e+00
  4.1467972e-02
  1.3522949e+00
 -6.2331378e-01
 -2.3512481e-01
  2.3674729e+00
 -6.5012908e+00
  4.2976665e-01
  5.9280843e-01
  7.9785836e-01
  1.1660597e+00
  1.5282634e-01
  1.6728050e-01
 -1.2076021e+00
  1.6368239e+00
 -7.0457679e-01
  2.9607460e-01
  6.3796276e-01
 -1.6596539e-01
 -7.0678687e-01
 -7.6160002e-01
 -4.7855675e-01
  6.8034458e-01
 -3.7975248e-02
  2.1663792e-01
 -1.5715017e+00
  2.3579696e-01
 -5.6914628e-01
 -3.0712637e-01
 -1.3520081e+00
 -2.9099381e+00
  1.9124767e-01
 -9.1102593e-02
 -1.4386341e-01
 -1.6542019e-01
 -1.0747432e+00
  2.6061442e-01
 -7.8773338e-01
 -3.9969498e-01
  4.4533676e-01
  5.7917376e+00
  5.8223653e-01
 -6.3371736e-01
 -1.1866816e+00
  6.0650561e-02
  2.1486683e+00
 -1.5462376e+00
 -1.1667187e+00
 -1.7815639e+00
  7.5455195e-01
 -3.2793205e+00
 -2.9911178e-01
 -3.3244109e-01
 -7.7268921e-02
  1.6553743e+00
  1.3326396e-01
 -5.8472085e-01
 -4.2800978e-01
  2.0398376e+00
 -2.4025775e-01
  4.6384057e-01
 -2.8333113e-01
 -2.1477289e-01
 -2.0278893e+00
 -2.3639216e+00
  1.2348357e+00
 -1.5511639e-01
  1.8526995e-01
 -3.4782469e-01
  2.0839095e-01
  1.5424227e+00
  1.5188824e-01
 -1.0702149e+00
 -2.4967709e+00
 -3.0724859e-01
 -2.0594683e-01
 -5.1686674e-01
  3.2812279e-01
 -1.5145889e-01
  1.9788812e-01
  3.1028792e-02
  1.4023547e+00
  6.1622769e-01
  2.2820725e-01
  3.9609957e-01
 -4.5316750e-01
 -1.0656915e-01
  1.0642703e-01
  6.8023652e-01
 -1.0721297e+00
  8.9247131e-01
  8.4406193e-03
  2.4198384e+00
 -9.5272493e-01
  4.4181836e-01
  6.4072132e-02
 -1.0906321e+00
  9.0236950e-01
  3.0074456e-01
 -6.8987268e-01
 -4.5497209e-01
  3.2997370e-01
 -5.8146995e-01
 -3.0658796e-01
 -2.7034399e-01
  1.0390930e+00
 -2.2325840e+00
  7.5051695e-01
 -2.0891398e-01
  7.2381085e-01
  2.5409502e-01
  4.2261526e-02
  1.1577082e-01
  3.1965727e-01
 -1.3275057e-01
 -1.0616869e+00
  1.3947977e-01
  3.2611754e-02
  7.4654502e-01
 -1.4314952e+00
  6.7119044e-01
 -3.1704418e-03
 -8.3277337e-02
  9.4594181e-02
 -1.9783480e+00
  5.3886157e-03
 -4.6442819e-01
 -1.0583978e+00
  3.3653301e-01
  8.8284469e-01
  1.0862515e+00
 -6.5024990e-01
 -1.7564662e-01
  1.4273710e+00
  1.5680183e+00
  2.8107786e-01
 -8.7469697e-02
  5.6769931e-01
  1.1875867e+00
  2.9032904e-01
  1.2792031e+00
  4.9511382e-01
  2.7974124e+00
  3.4978321e-01
 -3.8066426e-01
  6.7743082e+00
 -5.4282041e+00
 -2.0285628e+00
  3.1765711e+00
 -2.2098553e+00
  1.3146460e-02
 -4.3567330e-01
 -1.2808137e+00
  3.7972248e+00
  5.8820760e-01
 -2.1374707e+00
  5.8207622e+00
 -5.1818857e+00
 -5.7680357e-01
 -2.8683381e+00
 -3.5556278e-01
 -1.2841788e-01
  3.4683201e-01
 -3.7784121e+00
  4.8578250e-01
 -2.1909652e+00
 -2.9034288e+00
 -9.8605998e-02
 -2.6094832e+00
  3.0996183e-01
  1.9799271e+00
 -1.3917958e+00
  7.1578681e-01
  2.1650143e+00
 -3.5336241e-01
 -7.5193375e-02
 -1.9734412e+00
 -1.2014467e+00
  7.2914767e-01
  9.4566846e-01
 -3.2860146e+00
  3.1473421e-02
  1.6176842e-01
  1.4109818e+00
  3.9483103e-01
  3.5629869e-02
  7.0738864e-01
 -1.7975527e+00
  3.7024400e+00
 -1.3739203e+00
  4.5327463e+00
  3.1928194e-01
 -8.1582010e-01
  2.1170869e-02
 -2.4342892e-01
 -7.0383674e-01
 -1.0944797e+00
 -6.0808772e-01
 -5.5385274e-01
  3.1312925e-01
 -5.7552391e-01
  3.1091791e-01
  8.0097342e-01
 -4.1879863e-01
  9.8242682e-01
 -5.4090387e-01
  6.9266272e-01
 -7.0155507e-01
 -1.4983560e+00
  1.6395111e+00
  6.9835955e-01
  1.0955228e+00
 -4.8598555e-01
 -2.3362033e-01
 -1.2505653e+00
 -1.1500688e-01
  1.3567870e+00
  3.3151051e-01
 -5.7970566e-01
 -4.4650584e-03
 -2.5138407e+00
  1.1239475e+00
  9.1186905e-01
  9.2301893e-01
  2.6162589e-01
  6.8567276e-02
  2.7366725e-01
  5.2939469e-01
 -7.3261118e-01
 -1.3589387e+00
  2.7774519e-01
 -6.9809580e-01
 -6.0296249e-01
  4.9385440e-01
  1.1185352e-01
 -3.8388669e-01
  1.2037230e-01
 -1.6764629e-01
  1.8704678e-01
 -4.6714526e-01
 -2.4725962e-01
 -1.5510654e+00
 -7.8966570e-01
 -4.5131496e-01
  1.8417564e-01
 -1.9156726e-01
 -5.1873056e-03
  4.2381895e-01
 -2.1831794e+00
 -2.1421379e-01
  7.3495537e-02
 -5.8546223e-02
  1.4012949e-01
 -1.0832658e+00
  3.8669425e-01
  2.5037289e-01
  4.2845154e-01
 -2.8126672e-01
  1.2465653e+00
  1.3242114e+00
  1.2217032e+00
 -9.3263578e-01
 -6.0318750e-01
  1.1978011e-01
 -2.7915666e-01
  1.3133314e-01
  2.7222854e-01
  7.5254297e-01
  1.0355674e-03
 -1.3283718e-02
 -5.5546927e-01
 -1.5343076e-01
 -2.4002984e+00
  7.9824150e-02
 -6.4612830e-01
 -1.0350611e+00
 -2.9897615e-02
  7.6827633e-01
  2.4853566e+00
 -1.2940541e-01
 -1.3809237e-01
  1.3340222e+00
 -6.4443004e-01
 -1.5291529e+00
 -3.6141648e+00
 -9.0157539e-02
 -2.2109410e-01
 -1.3188842e-01
 -2.3628454e+00
 -2.1988970e-01
  3.9385924e-01
  4.2162209e+00
  9.8268497e-01
 -1.0206268e+00
  1.6457190e-01
 -1.6561885e+00
 -7.3410708e-01
  1.0633212e+00
 -6.2438732e-01
  3.3366859e-01
  9.2440963e-01
 -8.2281597e-02
  5.3523190e-02
  9.4019759e-01
 -2.9069638e-02
 -1.8955928e-01
 -3.3066589e-02
 -2.6673734e-01
 -4.5121528e-02
  1.9959305e-01
 -3.2093033e-02
 -7.3717558e-01
 -8.5127223e-01
  9.6075690e-01
  8.9613944e-01
 -3.4608338e-02
  2.0648010e-01
 -2.4085990e-01
 -2.7344805e-01
 -4.0665486e-01
 -2.6550238e+00
  5.2957004e-01
 -8.1609321e-01
  3.2583170e-02
 -7.5195867e-01
  1.1719390e+00
  4.4982985e-01
  1.0947053e+00
  1.3154159e+00
  6.7327797e-02
  4.6403363e-01
 -2.3233423e-01
 -1.3634044e-01
 -1.0669371e-01
  3.6799261e-01
 -1.1263292e-02
  3.0438023e-02
 -6.6605139e-01
  4.1679361e-01
  1.6756459e+00
 -2.0856888e+00
 -1.9652511e-01
 -1.5845230e+00
 -8.5496557e-01
 -9.1921598e-01
  6.9193441e-01
 -3.3512192e+00
 -3.4815521e+00
 -3.0987976e+00
  6.2126869e-01
  1.8640952e+00
 -1.0224047e-01
  1.1644799e+00
 -1.4040332e+00
 -9.0697777e-01
  3.1948740e+00
 -2.3967564e-01
 -1.1277962e-01
  1.2582982e+00
  1.1778184e+00
  1.9464295e-01
  8.3266892e-02
 -5.5510652e-01
  2.7612004e-01
  5.9079677e-01
 -2.4193041e+00
  5.4277396e-01
  1.0503679e-01
 -6.5774488e-01
  1.9772139e-01
  5.6713648e-02
  2.2206826e+00
  9.9558371e-01
 -3.3345211e-01
  4.3632403e-01
 -4.4739914e-01
 -4.3384135e-01
  2.1324030e-01
 -5.3607881e-01
  3.2939584e+00
 -2.7160999e-01
  6.9021974e+00
 -7.8702325e-01
  1.0002099e-01
  4.4870062e+00
  8.4416777e-01
  5.4224199e-01
 -8.2502836e-01
 -8.0568895e-02
 -4.6113793e-02
 -2.3588467e+00
 -2.4979687e-01
  1.9894153e-02
 -4.6867821e-02
  2.3326336e-01
  7.8771812e-01
 -1.1687924e+00
  6.7702770e-01
 -6.9799209e-01
 -5.1985162e-01
 -6.2226689e-01
  3.6245845e-02
 -2.8565004e-02
 -2.3242822e-01
 -2.2525236e-01
 -5.1910198e-01
 -7.2366101e-01
 -1.2722316e+00
  1.4877944e+00
  8.7488604e-01
 -1.5346376e+00
  3.5298026e-01
  9.2634588e-01
 -3.6676651e-01
 -2.5289038e-01
  2.7488568e+00
  8.1397928e-03
 -2.1707994e-01
 -6.5000033e-01
  1.4089006e+00
  7.9521880e-02
  2.5829375e-01
  8.0385166e-01
 -2.2121289e-01
  2.2556524e-01
 -3.9436841e-01
 -1.2350909e-02
  2.3139358e-01
  9.0435445e-01
  7.6529467e-01
 -1.1203577e-01
 -5.0254053e-01
  1.4747177e-01
 -4.9758738e-01
 -1.1380147e+00
  9.7911678e-02
  6.0901731e-01
 -6.2745474e-02
 -1.5896973e-01
  2.3421136e-01
 -1.2498163e-01
 -2.7999668e+00
 -2.4036863e-01
  4.8456395e-01
  7.2178155e-01
 -4.7119749e-01
 -5.5300707e-01
  1.8926933e-03
  1.1190977e+00
 -7.5133705e-01
  2.8908122e-01
  6.0225064e-01
  1.4990494e-01
  3.4353510e-01
  9.5370360e-02
 -9.6894369e-02
  3.2871979e-01
 -2.5840008e-01
 -7.9055898e-02
 -3.8835105e-01
 -1.3058470e-01
  2.0714600e+00
 -1.3905276e+00
  2.1734977e-02
  1.6021410e-01
  4.6932295e-01
  1.2241495e-01
 -6.8057120e-01
 -1.0989877e-01
 -5.7688975e-01
  7.7011669e-01
  3.4305468e-01
 -1.6159471e+00
 -4.8855387e-02
  4.5037395e-01
 -5.0366126e-02
  1.5389785e-01
 -7.4428469e-03
  1.1515986e-01
  7.8937739e-02
  1.9349271e+00
  6.5891016e-01
 -8.3853000e-01
  4.8931307e-01
 -1.0446368e+00
  5.5568630e-01
  8.7928545e-01
  4.7170506e+00
 -2.4538942e-01
 -1.2291343e+00
 -1.9020729e-01
 -2.1650465e+00
 -1.5088587e-01
 -6.5493804e-01
 -1.7378395e+00
 -6.0166126e-01
  5.8292093e+00
  2.2845812e+00
  1.8893512e+00
  1.1414499e+00
 -5.7248199e-01
 -3.2729587e-01
 -6.4984185e-01
 -7.4108893e-01
 -3.7091451e+00
 -2.9543817e+00
  3.4134502e+00
  1.9266030e-01
 -5.6399912e-01
 -7.7725494e-01
  2.0469494e-02
  5.6591034e-01
  5.6330949e-02
 -5.0325785e+00
  7.0574012e+00
  3.9752170e-01
 -4.5591168e+00
  2.5318541e-02
 -3.9176424e+00
 -5.4829065e-03
  1.0906864e+00
 -7.1942341e-01
  5.9571671e+00
 -3.9845675e-02
  1.0528730e+00
  2.1763095e-01
 -1.0802556e-04
  5.3449173e-02
  1.0803515e+00
  2.9217951e+00
  2.2654967e+00
  4.3506911e-01
  6.2266099e-01
 -3.4404543e-01
  9.8242313e-02
 -1.4341466e-01
  1.8287431e-01
 -3.5247189e-01
  1.5336987e+00
  3.1499949e-01
  6.9477224e-01
 -1.2498081e-01
  2.9982548e+00
 -1.7114087e+00
  1.2747213e+00
 -1.0615611e+00
 -5.1033578e+00
  5.2937382e-01
 -2.9952157e-01
  1.4305058e+00
 -7.6583958e-01
 -1.1646730e-01
  7.4373955e-01
 -1.9211873e-01
  6.3603185e-04
 -3.6877450e-01
 -4.2282805e+00
 -1.3664762e-02
 -2.8335229e-01
  4.1748989e-01
  8.7147492e-01
 -1.4327421e+00
 -8.9673179e-01
  7.5052708e-02
 -1.4334652e-01
 -2.0572051e-01
 -2.3007803e-02
 -1.9888417e+00
  2.7993505e+00
 -6.8469071e-01
 -2.2854533e+00
 -2.5705454e+00
  1.3075612e+00
 -1.6732432e+00
 -5.9341991e-01
 -7.3798877e-01
 -4.3741530e-01
 -5.0715005e-01
  7.7744640e-02
 -4.7501698e-02
  5.2338320e-01
 -7.3778546e-01
 -1.5640223e+00
  1.9812922e-01
 -1.8285197e-01
  1.1618645e-01
  1.3608903e-02
 -3.6049253e-01
  7.4354267e-01
  2.9110792e-01
 -2.9021871e-01
 -2.7427012e-01
 -5.8928505e-02
  1.3208109e-01
 -9.5939539e-02
 -2.5077888e-01
  8.3247274e-02
  2.4578996e+00
  1.5125202e+00
  1.3134642e+00
  2.2380101e-02
  2.3276863e-01
  2.3035150e+00
 -6.3610959e-01
  3.3859834e-01
 -3.7516334e+00
  6.3591641e-01
  5.4634649e-02
 -3.8695237e-01
 -5.7992929e-01
 -6.6874094e-02
 -3.0336487e-01
  1.1171573e+00
  1.2821671e+00
  6.2469482e-02
  1.5886232e+00
 -9.5148659e-01
 -6.5610439e-02
  5.0847707e+00
  5.0978017e-01
  3.2777944e-01
 -6.1548918e-01
  1.8607394e-01
 -4.0151987e-02
  4.4178432e-01
 -1.2446499e-02
 -5.6695753e-01
 -4.3148932e-01
  4.3837109e-01
 -6.3524103e-01
 -8.5473061e-01
 -3.5138205e-01
 -5.1971511e-03
 -4.9784443e-01
 -9.8291832e-01
 -8.6951292e-01
 -1.0273214e-02
 -1.4255953e-01
  1.3418889e+00
 -3.9194828e-01
  4.5437428e-01
  3.2350993e-01
 -3.8122829e-02
  5.6599361e-01
  3.7451497e-01
 -1.6192541e+00
  4.3761310e-01
 -9.5745631e-02
  5.8311105e-01
 -6.5014017e-01
  2.7022395e-01
  1.2771125e-01
  2.5251916e-01
 -1.0646473e-01
 -3.0532461e-01
  1.5419851e-01
  1.0463189e-01
  7.4216616e-01
 -1.7353359e+00
  1.8741387e+00
 -1.0195289e-01
  2.7605700e-01
  2.0064309e+00
 -2.8586298e-01
 -1.0863872e-01
  2.5825566e-01
  5.9949446e-01
 -8.0938256e-01
  2.7799276e-01
 -5.4537588e-01
  1.0016574e+00
 -1.9339333e-01
 -1.1926918e-01
  4.1605404e-01
  2.3484290e-01
  1.9678706e-03
 -2.0807886e-01
 -1.0425434e+00
 -7.2808653e-02
 -5.0024182e-01
 -1.8450510e-02
 -5.9584552e-01
 -7.1449852e-01
  9.1812098e-01
 -2.9421888e-02
 -1.4752820e-03
 -5.2022839e-01
  1.2214370e+00
  5.7043833e-01
 -6.4631152e-01
  4.9713233e-01
  1.1680514e+00
  1.7293234e-01
 -1.5856841e-01
 -1.1115171e-01
  1.7097950e-01
  5.8831102e-01
  1.5396687e-01
 -4.1596964e-01
 -5.3528082e-01
  5.9176993e-01
  4.0414199e-01
  6.7676693e-02
 -3.8108358e-01
  7.5057340e-01
 -2.5024375e-01
 -9.6597302e-01
  9.2297167e-02
 -2.3644823e-01
  2.5930423e-01
 -8.9749080e-01
  1.4286050e-01
 -5.4215425e-01
  9.2300951e-01
  1.4734001e-01
  2.3965802e+00
  5.7763928e-01
  2.3883530e-01
 -1.0859387e-01
  7.7013421e-01
  4.9727097e-01
 -1.3615023e-01
 -1.6700618e-01
 -1.0185598e+00
  3.2926956e-01
  4.3119627e-01
  6.7630547e-01
  1.4010900e+00
  6.4561311e-03
 -1.6227186e-01
 -1.8281466e-01
  2.1162128e+00
 -4.6747816e-01
  7.5357491e-01
  8.7876749e-01
  2.6745170e-01
 -4.1274469e-02
  1.9275637e-01
  3.1102028e-01
  2.6705113e-01
 -1.7049772e+00
  1.2718016e-01
 -7.5140601e-01
 -3.2172137e-01
 -5.6041622e-01
 -1.7530153e-02
 -1.7358892e-01
  2.8664872e-01
  4.0356815e-01
  9.7252887e-01
  1.4775810e-01
 -2.6724839e-01
  6.2428206e-02
  2.0640454e-01
  7.4613869e-01
  2.9012665e-01
 -4.6843853e+00
 -7.0119095e-01
 -2.3425780e-02
  1.0788722e-01
  9.2590874e-01
 -6.2338912e-01
 -6.2070405e-01
 -3.5126522e-01
  2.9031035e-01
  1.3862209e-01
 -2.9902659e-02
  2.9465845e-01
  3.1562942e-01
 -1.6799736e+00
 -3.3589590e-01
 -6.0527945e-01
  4.6678939e-01
 -1.1627690e+00
  8.9993036e-01
 -5.4233861e-01
  1.1576077e+00
 -2.3619869e-01
 -1.7292360e+00
 -1.5616670e+00
 -4.6159189e-02
  6.0602391e-01
 -2.6958507e-02
 -5.9504487e-02
  3.5795903e-01
  1.5815904e+00
 -1.7416720e-01
  6.2394673e-01
 -2.1288319e+00
  4.5572495e-01
  2.6020321e-01
  6.2679470e-01
  2.5660786e-01
  2.7533382e-01
 -8.4455878e-01
 -2.0419862e+00
 -4.4279975e-01
  1.1382740e-01
  3.0457199e+00
  2.7047658e+00
 -9.8553562e-01
 -2.2488873e-01
  2.1562004e-01
  1.3834180e-01
  4.9560675e-01
 -1.4409938e-01
  8.0022073e-01
 -1.1170598e-02
  5.2030957e-01
  5.4521000e-01
 -2.4619368e-01
 -1.7679065e-01
  8.5115016e-01
  2.9659769e-01
  3.7550353e-02
  4.0121362e-01
 -1.8709685e-01
  3.0453047e-01
 -2.4421500e-01
  7.7327049e-01
  3.1471178e-01
 -2.9768771e-01
  9.3080682e-01
  2.5200909e-01
 -8.1558818e-01
  5.6824386e-01
 -3.5838813e-01
 -9.8460168e-01
  2.5657375e+00
 -1.2103353e+00
  6.8561643e-02
 -7.8358752e-01
 -7.3820359e-01
 -2.6697367e-02
  5.7192832e-01
  2.2844517e+00
  6.3026184e-01
  1.1953887e+00
 -1.4377032e-01
 -5.7314771e-01
  5.2534306e-01
  8.3473235e-01
 -8.4385443e-01
 -7.0105314e-01
 -9.1004807e-01
  4.1724443e-01
  4.7936807e+00
 -1.2259561e+00
 -9.7802019e-01
  4.0649325e-01
 -4.8110142e-02
 -1.4048325e-01
 -5.1807600e-01
  9.6607685e-02
 -2.0770195e-01
 -3.5360203e+00
  3.5743091e-01
 -3.4678602e-01
  3.2687104e+00
 -7.3766079e+00
 -1.5307125e-01
 -9.3879604e-01
  6.1370999e-01
  2.7779212e+00
  2.0728760e+00
  6.2326473e-01
 -1.2836258e-01
 -2.9222276e-02
 -1.4083652e-01
  2.4946317e-01
 -1.6824555e-02
 -1.2386080e-01
 -2.2408988e+00
  4.4603676e-02
 -6.4049518e-01
  2.2712326e-01
 -1.5232047e+00
  2.0187752e+00
  1.7183385e+00
 -2.3020807e-01
 -6.4578068e-01
 -1.5036749e+00
  1.8448405e+00
 -2.8905970e-01
  4.2799026e-01
  1.3647255e+00
  9.3689591e-01
  1.1005951e+00
 -2.6677606e+00
 -3.6057442e-01
 -4.8891523e-01
  1.6796543e-01
  1.3403510e-01
  4.1642478e-01
 -5.7867622e-01
 -4.7677752e-01
 -5.6405169e-01
 -8.5340333e-01
  7.1522846e+00
 -1.2567004e+00
  7.2157234e-01
 -2.6235884e-01
 -2.6397696e-01
  5.9255338e+00
 -2.3687327e-01
 -1.7112263e-02
 -5.1042312e-01
 -3.9240725e+00
 -2.4415800e-01
  2.7616835e-01
  7.3435366e-02
 -7.1917427e-01
 -1.8893360e+00
  1.4361681e+00
  7.9148822e-03
 -7.7626091e-01
  1.9397924e+00
  8.1298172e-01
  8.6464986e-02
  8.5722500e-01
  2.3759469e-01
 -3.5245746e-01
 -7.7517796e-01
  3.2006910e-01
 -6.0696602e-01
 -1.0941229e+00
  1.6019861e-01
 -6.9731283e-01
 -3.7562609e-01
  5.4561359e-01
 -4.8186187e-02
 -2.7039927e-01
  1.0379665e-01
 -1.7572369e-01
  3.7877190e-01
 -1.8707697e+00
 -1.0278313e+00
 -9.0443605e-01
 -5.2245283e-01
 -5.7280946e-01
  1.2923373e+00
  1.0977818e+00
  6.3186038e-01
 -4.2970386e+00
  1.7706631e+00
  4.1318951e+00
  8.6961633e-01
 -6.7537923e+00
  6.1201644e+00
 -1.5854895e+00
  5.8007890e-01
  7.3190546e-01
  7.2180670e-01
 -5.3468563e-02
 -1.4781169e+00
  7.3199654e-01
  1.1736742e+00
 -1.9121166e-01
 -3.3479351e-01
  3.0420205e-01
 -1.2737572e-01
  7.1764779e-01
  1.9707179e-01
  9.0725476e-01
  5.8689518e+00
 -3.1021373e-02
  2.4000789e-01
  4.3844754e-01
  2.9437829e-02
  1.8021268e-01
  5.7243502e-01
 -6.2472105e-01
  3.5160208e+00
  2.2474852e+00
  1.3400232e+00
  7.9382008e-01
  2.8980553e-01
 -1.4341961e+00
 -2.2257648e+00
  4.7215119e-01
 -6.1524945e-01
  4.0097463e-01
  5.8519620e-01
 -2.0395558e-02
 -1.0176134e-01
 -1.9148445e-01
  8.5374844e-01
 -1.0818329e+00
  3.4754455e-01
  5.5644315e-01
 -4.0373310e-02
  3.3702874e-01
  8.6099043e-02
  2.5856769e-01
 -5.5232577e-02
  2.8520077e-01
 -1.6590483e-01
  5.6154346e-01
  4.9620149e-01
 -3.1893814e-01
 -1.0054746e-01
  9.8280841e-01
 -6.2489492e-01
  2.5253522e-01
 -9.6002668e-01
 -2.6695960e+00
  7.9947323e-01
 -1.1539865e+00
 -6.9039398e-01
 -5.6032586e-01
 -9.3201414e-02
 -1.1014338e-01
 -3.8365507e-01
 -3.7134749e-01
  4.3959245e-01
  3.3923912e-01
  9.0581238e-01
 -1.0243094e+00
  5.6333929e-01
  3.6325017e-01
 -7.1939044e-02
 -5.6598407e-01
 -1.9073246e+00
 -1.0109699e+00
  9.4597894e-01
  2.6495740e-01
  3.2522261e-01
  1.6527586e+00
  4.4646829e-01
  3.4490570e-01
 -8.5219896e-01
  1.1073425e+00
 -6.7714697e-01
  4.0437171e-01
 -8.3489430e-01
 -1.0257593e-01
  1.9459449e-01
  7.3958653e-01
 -1.7266248e+00
 -1.5476978e-01
  2.5546548e+00
  2.6892180e+00
 -1.3106383e-01
  7.4279964e-01
 -3.0880544e-01
  4.4047427e-01
 -1.8218334e-01
 -9.4400436e-02
  7.3232806e-01
 -3.2335281e-01
 -1.6737586e-01
  3.4584659e-01
  4.8221731e-01
  2.6239693e-01
  2.9077966e-02
 -4.1230303e-01
 -1.2894484e+00
 -7.4460036e-01
 -8.6309426e-02
 -4.3555218e-01
  9.3676341e-01
 -3.6515667e+00
 -1.8405229e-01
  2.9828849e-01
 -2.6692078e-01
 -1.1068527e-01
  8.4291771e-02
  5.4877557e-02
  1.3880995e-01
 -1.1825956e-02
  1.2789340e-01
  4.8084149e+00
 -1.8222805e+00
 -9.2101818e-01
 -1.0254750e+00
  1.3879317e-01
  1.2761484e+00
  4.4732067e-01
 -9.3560293e-03
  4.9712992e-01
 -7.7633673e-01
  7.4818748e-01
 -5.2115709e-01
 -8.4187305e-01
 -1.1644940e+00
  2.6586509e-01
  4.8606196e-01
  9.4625354e-02
 -6.9732243e-01
  1.5281954e-01
 -9.4014013e-01
 -1.5078951e+00
 -1.9048409e+00
 -3.1887132e-01
 -2.9073966e-01
  6.6469997e-02
  9.1445573e-02
 -8.2631582e-01
  2.6946220e-01
  6.7834002e-01
  3.1730658e-01
  1.4901272e+00
  6.7916051e-02
  7.0878822e-01
 -1.4158623e-01
  3.0294466e-01
 -3.3780640e-01
 -3.3228895e-01
 -6.8543673e-02
 -3.8640958e-01
  2.1127696e-01
  6.2634486e-01
  8.3052957e-01
  1.8515183e-01
  7.1627295e-01
  1.3902624e-01
  3.7358290e-01
  5.6829005e-03
 -8.6464576e-02
  5.0807112e-01
  5.0561941e-01
  3.8450059e-01
 -8.4731299e-01
  3.4748197e-01
  6.9648719e-01
 -1.6945107e-01
  6.1340427e-01
 -3.0903488e-01
 -4.6550833e-02
  6.9035619e-01
 -1.8282328e-02
  6.3204604e-01
  6.7005944e-01
 -9.7733773e-02
  1.6350852e+00
  1.3946550e+00
  2.6536536e-01
  2.5422648e-03
  2.1647760e-01
 -3.9088389e-01
 -2.8764095e+00
 -1.7747810e+00
 -1.5783676e+00
  1.1639969e+00
 -6.3552248e-01
  1.2819839e+00
  1.2623312e+00
 -3.4358404e+00
 -2.1661468e+00
 -1.3082373e+00
 -8.6144668e-01
 -1.7162153e+00
  5.6974876e-01
  1.0577731e+00
 -2.3963895e+00
  9.7369015e-01
  1.9192924e+00
 -1.5182748e+00
  6.2257755e-01
 -9.5378039e-03
  2.9252431e-01
  2.2270551e+00
  1.0217690e+00
  1.0435302e+00
 -2.0932338e+00
  1.1405241e+00
 -2.8792892e+00
 -2.3035874e+00
 -1.1026047e+00
 -1.1505612e+00
  2.0313621e+00
 -1.8983668e+00
 -3.0362227e+00
 -1.1309057e+00
  8.9190966e-01
  1.4124439e+00
  2.1707549e+00
  2.2692118e+00
 -8.9414907e-01
  2.2189639e+00
 -2.2203763e+00
 -9.5183343e-01
 -6.0414785e-01
  2.2831285e+00
 -1.3166742e+00
 -1.1256642e+00
 -5.3514993e-01
 -1.2121105e+00
  3.4294657e-02
 -1.1404859e+00
 -3.0148646e-01
  4.0065241e+00
 -2.8167458e+00
 -3.6214307e-01
 -9.6547210e-01
 -9.9433881e-01
  1.9999666e+00
  2.8989521e-01
  1.2549294e+00
  4.3397111e-01
 -2.0433897e-03
 -9.2549360e-01
  9.1493648e-01
  1.3218398e+00
  4.2357268e+00
 -2.1697037e+00
  4.1335812e-01
 -2.4052529e+00
  2.3460428e-01
  1.9334936e+00
  2.0287085e+00
 -5.8252174e-01
 -6.7471516e-01
  3.5680137e+00
 -2.0301187e+00
 -3.9898417e+00
 -1.1983620e+00
 -1.5770420e+00
  1.0293770e+00
  1.7191201e-01
  6.8548787e-01
 -7.6182447e-02
  2.1087730e+00
  1.3401797e-01
  1.3140906e+00
 -2.5335544e-01
 -2.6595204e+00
 -2.6177958e-01
 -6.5735871e-01
 -1.4671522e+00
  9.1433203e-01
 -1.3539726e+00
  8.6375093e-01
  4.1717030e-03
  8.4964281e-01
 -1.8789667e+00
  4.9296942e+00
  2.8691356e+00
 -1.3647118e+00
 -2.6388180e-01
  3.6968058e-01
 -6.8798709e-01
 -2.1750157e+00
 -2.7438390e-01
  2.2156426e-01
 -3.8299736e-02
  3.5845152e-01
 -2.0471060e-01
  8.7408818e-02
  2.6574430e+00
 -1.8652432e-01
 -1.1084934e+00
 -2.7783117e-01
  5.5836465e-02
  1.8204710e-01
  1.8549252e-02
  4.5385438e-01
  2.1998402e-01
  1.8614767e+00
 -7.1211536e-03
 -4.9173570e-05
  3.6869520e-01
  1.3444638e-02
 -5.6552488e-02
  1.9795455e-01
 -7.2523363e-02
  1.0421888e+00
  4.0268175e-02
 -2.2222848e-01
  6.6601348e-01
 -4.3562815e-01
 -3.2525399e-01
 -3.0807076e-02
  4.2700359e-01
 -5.8323306e-01
  5.2671432e-01
  1.1706064e+00
  1.3832603e+00
 -8.1013769e-01
 -7.1655169e-02
  2.5553218e-01
  6.9898874e-02
 -5.1608854e-03
 -3.0314356e-01
  9.3899049e-02
 -1.9625391e-01
  2.2114977e-02
  3.7173289e-01
 -3.4885367e-03
  3.2585034e-01
 -2.9236710e-01
  9.8402582e-02
  7.6590097e-01
  6.5550917e-01
 -4.4297390e-02
  1.4786785e+00
  1.9860527e-01
 -2.9206054e-02
 -5.7567257e-01
  2.4187608e+00
  7.4063122e-02
 -6.4380139e-01
 -1.4302990e+00
  1.3314841e+00
 -5.3557426e-02
 -3.5480700e-02
  2.8116453e-01
  5.9878713e-01
  2.1158130e-01
  5.8732659e-02
  2.7380164e+00
 -1.8557228e-02
  5.1487136e-01
 -3.6353594e-01
 -2.3971301e-01
 -6.1520380e-01
  2.1808586e+00
 -1.1644129e-01
 -5.2623314e-01
 -1.2221972e-01
 -6.7127603e-01
  2.0003747e-02
  5.7773418e+00
  2.8427567e-02
 -3.7102896e-01
  1.2292448e-02
 -1.8690450e-01
 -2.5134319e-01
 -9.0904318e-02
  9.0091154e-02
 -3.1169370e-02
  8.9758909e-01
 -4.0687252e-02
 -1.1471061e-01
 -1.7418079e+00
  2.6303315e+00
  4.9971732e-01
 -2.7271253e-01
  1.1670902e+00
 -4.4249650e-02
  6.9846499e-01
  1.0384922e-01
 -1.0963016e-01
 -1.0830171e+00
 -1.0239849e-01
 -2.9216546e-01
 -4.7080733e-02
  1.5523525e+00
  4.5487925e-02
 -2.0216420e-01
 -3.0543685e-01
  7.9029721e-01
 -1.5068704e-01
 -2.2584260e-01
  8.1115961e-02
  1.1503491e+00
 -1.3634941e-01
  1.9314851e-01
  1.1498444e+00
  3.1292453e-01
  2.2793949e-01
  8.7301940e-01
  3.9957076e-01
 -1.3492291e+00
 -1.7605914e+00
  3.2010093e-01
 -6.0376477e-01
 -7.8138381e-02
  8.9802575e-01
 -5.3785235e-01
 -4.8485774e-01
  9.5532849e-02
 -1.4494411e+00
  1.9313701e+00
 -1.0915387e-01
  1.1456581e-01
 -7.0784032e-01
  3.4653655e-01
  2.8828926e-02
  4.6911481e-01
 -3.1849748e-01
  1.3171786e+00
 -4.2776830e-02
 -5.2224815e-01
 -6.9788739e-02
  5.2296662e-01
 -2.4403098e-01
 -4.1162035e-01
  1.5816036e-01
 -5.6336665e-01
  1.9619428e+00
 -2.4508321e+00
 -4.3599434e+00
  3.3619142e-01
  3.0251682e+00
  1.6090423e+00
 -1.7333531e-01
  9.9266922e-01
 -1.2866061e+00
  3.8577145e-01
  4.9826109e-01
 -1.9446461e+00
  8.0925897e-02
 -9.2947423e-01
  3.0719101e+00
 -5.0111613e+00
  2.0204124e-01
  1.8349226e+00
  1.2264498e-01
 -4.8945074e+00
 -6.0096598e-01
 -1.6294228e+00
  3.0357254e+00
  2.6566285e-01
 -2.1879026e-01
  1.7321012e+00
 -1.6514835e-01
 -1.4957529e+00
 -1.4777895e+00
 -1.3114755e+00
  6.0999918e-01
  3.2658350e-01
 -6.1495500e-03
  9.5852870e-01
  2.4834630e+00
  1.2830831e+00
 -1.3567578e+00
 -1.5142673e+00
 -6.0759562e-01
  1.5322177e-01
 -7.9470003e-01
  1.3146002e+00
 -1.2964210e-01
 -9.2462605e-01
 -7.7803111e-01
  2.7280150e-02
 -9.1745123e-02
 -1.3078337e+00
 -6.5389758e-01
 -1.1346201e-01
 -2.5683599e+00
  2.7575784e+00
 -2.9743588e-01
  2.9987793e-03
 -4.7670692e-02
  1.3358214e-01
 -1.3565598e-01
  3.6766968e+00
  1.7031929e-01
 -2.5891933e+00
 -2.1564193e-02
 -1.6265036e-01
  1.5184720e-01
 -7.8525603e-02
 -1.5559328e-01
  7.3229992e-01
 -3.6516467e-01
 -1.0399276e+00
  1.6339242e-01
  2.0922779e-01
  8.5482281e-01
 -2.5135303e-01
  4.4251569e-02
 -1.7934683e-01
  2.7712262e-01
  2.0929417e-02
  9.7690237e-01
  5.2304327e-02
 -6.0247727e-02
  1.0632023e+00
  4.3281879e-02
 -9.8614842e-02
  1.3222055e-01
  2.8534243e-01
  3.6692253e-01
  3.9602005e-01
  2.9689559e-01
 -4.0429097e-01
  4.2114469e-01
  6.0909498e-01
 -1.8754289e-01
 -7.6272386e-01
 -7.6591104e-02
 -7.0779800e-02
 -1.0738245e+00
 -1.9590537e-01
 -3.0699196e-01
  2.6412624e-01
 -5.7101481e-02
  2.5679669e+00
 -1.0254635e-03
 -3.4025171e-01
  9.7293353e-01
 -1.5436277e-02
  5.9212941e-01
 -2.8870583e-01
  3.4686500e-01
  9.2626381e-01
  7.4809931e-02
 -4.7336757e-01
 -1.9973473e-01
 -1.9865757e-01
  3.0993620e-01
  1.3994340e+00
 -6.2807375e-01
 -3.2619807e-01
 -2.0248054e-01
 -6.7376173e-01
  5.1069260e-01
 -1.3996542e+00
 -7.7452838e-01
 -4.3535285e-02
 -7.2535980e-01
 -4.0687793e-01
  1.0492306e+00
 -1.5654403e+00
 -4.6895054e-01
 -6.9483143e-01
 -2.7419537e-01
  1.1320768e-01
  3.5345802e+00
  9.5677376e-02
  6.9012499e-01
 -7.5218195e-01
  4.4651985e-01
  6.6035157e-01
 -1.4645711e-01
 -5.0405073e-01
  2.5853831e-01
 -7.9589255e-02
  2.2276261e-01
  1.2948464e-01
 -2.0096260e-01
  7.2662342e-01
 -1.1718154e+00
 -1.0051620e+00
  5.5109192e-02
  2.7496856e-01
 -6.2487227e-01
  9.2425305e-01
 -3.1468409e-01
  1.7120723e-01
 -7.6709253e-01
  5.4000884e-01
  7.7862746e-01
 -8.7773710e-01
 -1.2359665e-01
 -1.5856251e-01
  1.4952815e+00
  8.1458610e-01
 -1.2427703e-01
  1.8471500e+00
 -5.8475021e-02
 -2.0614198e-01
 -5.5426592e-01
 -2.2118723e-02
 -8.8520569e-01
 -1.2898329e-01
 -1.8609345e-01
  2.9281218e+00
  3.2455662e-01
  2.6748648e-01
 -2.9289657e-02
 -5.9142381e-01
 -6.3918984e-01
 -1.4518390e+00
 -1.0054117e-01
  1.9594365e+00
 -6.8218797e-01
  7.0313144e-01
  1.0498784e-01
  1.4033661e+00
 -1.0543668e+00
  2.2532590e-01
 -1.8335962e+00
  9.4892603e-01
 -1.0538538e+00
  4.5555893e-01
  1.4957995e+00
 -4.1016212e-01
 -1.5905319e-01
 -1.2382314e-01
 -3.4387138e-01
  3.8304940e-02
  1.1330478e-01
  6.1314732e-01
 -8.5718185e-01
  3.5251653e-01
 -3.3915535e-01
 -5.1915926e-01
  4.7034749e-01
  3.9474626e+00
  1.8485171e-01
  1.8677881e-01
 -1.1322957e-01
 -2.9271802e-01
  1.9831114e-01
  5.1184893e-01
  7.4788028e-01
 -3.8862270e-01
 -8.0456507e-01
  5.1936036e-01
  5.0601382e-03
 -4.6808600e-01
  9.8789901e-01
  9.1197193e-01
  3.2736927e-01
  1.1393296e-01
 -1.9544661e-03
 -7.3929697e-02
  4.4972137e-01
  8.9579225e-01
  1.9970534e+00
  5.7758439e-01
 -5.5647045e-02
 -5.6812334e-01
 -7.9729044e-01
 -3.7781744e+00
  1.5961838e-01
 -8.1503168e-02
  3.3891901e-01
 -1.3905315e+00
 -4.1786256e-01
 -9.0223140e-01
 -3.3800858e-01
  7.7437210e-01
  5.7398862e-01
 -1.3756365e-01
 -1.3654906e-01
 -1.7266519e+00
 -4.6536291e-01
 -1.8014824e-01
  1.2395053e+00
  4.0150587e-02
  3.5800409e-01
  5.4221100e-01
 -1.7458459e+00
 -4.0272480e-01
  8.4579021e-01
  2.4960764e-01
 -1.7039050e-01
 -6.2934428e-01
  6.0810059e-01
  3.4031233e-01
  1.1609013e-01
  4.2520231e-01
  1.1363272e-01
 -4.3339366e-01
  2.2327278e+00
  3.3053818e-01
 -5.8523286e-02
  1.5829419e-01
 -1.4348897e+00
 -4.2160499e-01
  2.8749427e-01
  1.7072241e+00
  5.8742869e-01
  3.6467686e-01
 -1.2831378e-01
 -8.2303546e-02
  5.5564201e-01
 -1.4369024e+00
  3.2341827e-02
  1.0406670e-01
  4.6552167e+00
  2.0650344e-01
 -7.3778731e-01
 -6.7754559e-02
 -8.7692082e-02
  8.9281684e-01
  1.3624394e-01
 -7.5342548e-01
 -2.5756127e-01
  4.9411795e-01
  2.4824406e-01
 -3.8406976e-02
 -1.6196854e+00
  2.1975563e+00
  6.4024135e-02
  3.2188246e-01
 -1.7808956e-01
 -3.0163801e-01
 -2.8484225e-01
  3.2509062e-01
 -3.1660509e-01
  9.1479331e-02
 -3.4961316e-01
  5.9609878e-01
 -1.5596135e-01
  2.8797242e-01
 -2.2391392e-01
 -1.3433892e+00
 -9.3778902e-01
 -4.5815426e-01
  2.0803373e+00
  2.6113346e-01
  5.7842940e-01
 -2.8913447e-01
  4.3673322e-01
 -6.4113665e-01
  6.8129468e-01
 -4.6771929e-02
 -5.7102256e-03
 -1.9756873e-01
  6.4753002e-01
  1.6360590e-01
 -1.9243789e+00
 -3.1002626e-01
 -1.1145378e+00
 -5.5329233e-01
  2.6832095e-01
 -7.4270827e-01
  3.0031577e-01
  2.6449373e-01
  3.9138710e+00
  7.3868446e-02
 -1.2136625e-01
 -1.0208488e+00
  5.8167040e-01
 -1.8291131e-01
  8.1450564e-01
 -2.7430058e+00
 -1.9969651e-01
 -5.6005323e-01
 -1.3330929e-01
  1.2597278e+00
  2.1116063e-01
  1.6212615e+00
  1.3017143e-01
  6.1434841e-01
  8.4198743e-02
  3.3226836e-01
 -4.5712849e-01
  5.8958799e-01
  1.7687288e-01
  2.1828920e-02
  6.0888904e-01
  8.8506770e-01
 -1.6568189e-02
 -1.1267054e+00
  1.1443543e+00
 -4.6109676e-01
 -3.6091465e-01
  8.7587476e-01
  6.1031961e-01
 -3.0987926e-02
  6.5467805e-01
 -3.8291171e-01
 -5.2845087e+00
  3.4925786e-01
  1.1714242e+00
  1.2384851e+00
  5.0631249e-01
  1.0411178e+00
  8.1302136e-01
 -1.1739631e+00
 -6.3910192e-01
 -5.7108659e-01
  6.2053514e-01
  2.8340015e-01
  7.2764832e-01
 -4.8867747e-02
  2.6923749e-01
  2.5402862e-01
 -1.1737224e+00
 -2.2016889e-01
 -1.7541729e+00
  5.5884016e-03
  1.4967324e+00
  1.3911477e+00
  4.2684528e-01
  6.0105038e-01
  3.9965751e+00
 -3.0869314e-01
 -1.8993132e-01
  3.8286003e-01
  7.7707088e-01
  3.2877499e-01
 -6.3057899e-01
  3.4310825e+00
  8.7039351e-01
  2.3614275e+00
 -2.0137777e+00
  1.0919271e+00
  1.3519472e-02
  5.4509926e-01
 -1.8943816e+00
 -1.1446445e-01
  6.9366023e-02
 -3.9080158e-01
 -2.0386596e+00
  3.9208645e-01
  8.9340878e-01
 -3.5560793e-01
 -4.3762689e+00
 -2.2445672e+00
  2.8395998e-01
  1.1549939e-02
 -2.3996581e-01
  2.5596592e+00
  3.4775445e-01
  2.1016334e-01
 -8.2071799e-01
 -1.3288699e+00
 -8.5627860e-01
  1.4960371e+00
 -6.3982183e-01
  2.1512079e+00
 -1.4774501e+00
 -2.5897768e+00
 -7.7173221e-01
  2.1975341e+00
 -1.0879338e+00
 -8.3814621e-01
  5.3764539e+00
 -2.5169933e+00
  3.3372030e-01
 -1.9326295e+00
 -2.6941862e+00
  1.1092836e+00
 -4.0905055e-01
 -6.7716032e-01
  6.9897598e-01
 -3.4965801e-01
  1.7370546e+00
 -1.3114319e+00
 -9.3948442e-01
  9.1796106e-01
  1.0800777e-01
 -9.9515760e-01
  1.3065104e+00
 -8.0830216e-01
  1.8381019e-01
  4.0028876e-01
  8.6324945e-02
  5.9106982e-01
 -9.5013630e-01
 -4.4484649e+00
  1.0894945e-01
  1.9563740e-01
  1.1104345e+00
  2.8014560e+00
 -1.7938079e-01
  3.1008110e+00
 -5.2719557e-01
  1.6476773e-01
  2.5612432e-01
  9.0377730e-01
  4.7241375e-01
  3.2588679e-02
  5.4099038e-02
  2.1588096e-01
  1.8827289e+00
  6.9099534e-01
 -5.1291353e-01
 -3.4477341e-01
 -7.4967027e-01
  1.1507695e+00
 -3.4158790e-01
  1.3402396e+00
  2.1244693e+00
  2.2869843e-01
 -1.9482371e-01
 -1.1524415e+00
  1.0136888e-01
  2.2402917e-01
 -6.9384795e-01
  3.4489697e-01
  3.6238390e-01
  8.9550793e-02
  1.8872359e-01
  1.8345758e-01
  1.1768693e-01
 -7.5706297e-01
 -1.1148626e+00
  2.7015071e+00
  1.4745483e-01
  1.1661055e+00
  2.6499612e-02
 -5.7458198e-01
  1.4971749e-01
 -1.1925961e-01
  9.0401098e-03
 -8.9041275e-01
  8.5911822e-01
  1.8228195e+00
  1.5513413e-01
 -9.4896549e-01
  2.5592652e-01
 -1.6920650e-02
 -2.2374928e-01
 -1.4713175e+00
  3.3854190e-01
  8.6505562e-01
  2.5266764e+00
 -2.1024573e-01
  1.0879629e+00
  1.8097088e-01
  7.5273311e-01
  5.3625856e-02
 -3.9994195e-03
  6.3299304e-01
  1.3604407e+00
  3.2222700e-01
 -1.4112352e-01
  1.9811118e-01
  6.2621690e-02
  2.8485125e-01
 -2.4964568e-01
 -1.3704956e-01
  1.7031595e-01
  1.5663323e-01
 -9.3572611e-01
  6.3262564e-01
 -3.2709035e-01
 -1.0643345e+00
  1.8012878e-01
 -1.1616857e-01
 -4.3222740e-01
  1.5865818e+00
 -6.5605804e-02
 -4.3296921e-01
 -7.9036164e-01
  6.8507679e-03
 -1.2071670e-01
  1.6297525e+00
 -1.4116021e-01
 -5.4586536e-01
 -5.4358518e-01
 -7.7269113e-01
 -7.0195925e-01
 -1.0859702e+00
 -2.7481478e-01
 -8.6661726e-01
  2.4467583e+00
 -1.0532038e+00
  1.4582465e-02
 -1.8207419e-01
  2.4313518e-01
 -6.3896465e-01
 -1.3919892e+00
 -1.5281141e+00
  4.7632411e-01
 -3.6578158e-01
  6.4179665e-01
  1.1609986e+00
 -4.3476778e-01
 -1.1793586e+00
 -4.7095165e-01
 -5.2658790e-01
 -1.1546763e+00
  3.8745007e-01
  2.5924858e-01
 -1.3795599e+00
 -4.0001345e-01
  1.1067508e+00
  9.9102759e-01
  1.5006697e-01
  1.3599356e+00
  3.7228758e+00
  2.1209472e-01
 -3.4954205e-01
  4.2519671e-01
  7.5274538e-03
  1.0146359e-01
 -1.1031197e+00
  7.4360871e-01
  8.3922744e-01
 -1.8280292e+00
  8.6312458e-02
 -3.4182265e-01
  2.6531544e-01
  5.2116569e-02
  2.0062523e-01
  4.7589833e-01
 -2.5058203e+00
 -2.0468381e-01
 -3.5340796e+00
  2.8182369e-01
  1.1300343e-01
  1.1830451e-01
 -1.2360703e+00
 -2.7016911e-01
 -9.8722279e-02
 -6.6681758e-02
  5.1841116e-01
  7.0638782e-01
 -2.3378158e-01
 -8.4904420e-01
 -1.8243989e-01
 -6.3665533e-01
  5.2022272e-01
  9.3965971e-01
 -8.5286397e-01
  2.5859650e-02
  8.7193444e-02
 -6.0387528e-01
  1.0798694e+00
  3.5843748e-01
 -7.2662950e-01
  2.7842960e-01
  1.1047376e+00
  1.7192671e-01
 -7.5237535e-02
 -2.1206117e+00
 -1.7149083e-01
 -4.1907948e-02
  7.0349175e-01
 -3.8850537e-01
  3.1566575e+00
  6.0065985e-03
 -4.1139305e-01
 -3.5809460e-01
  3.5426414e-01
  1.3116834e-01
  5.3633593e-02
  6.7584854e-01
  2.9135554e+00
 -1.6216584e-01
 -6.8174702e-01
 -2.2301993e+00
  4.7262618e-01
  4.1773233e-01
  5.3515577e-01
 -2.2471445e+00
 -4.8218662e-01
  8.4358737e-02
 -1.2251874e-02
 -4.5484233e-01
 -3.6773194e-02
 -6.7496576e+00
 -1.9428982e+00
  5.2818263e-01
  2.3294671e+00
  1.0873474e-01
  3.4641996e-02
 -4.4490892e-01
  5.2438036e-02
 -2.6126447e-01
 -7.9545468e-01
  2.1660295e-01
 -1.7973849e-01
  8.9770776e-01
  1.0211051e-01
  8.2176155e-01
  2.0434210e-01
  1.7592221e-01
 -5.6747749e-02
  8.1638861e-01
 -8.8358216e-02
 -2.0097165e-01
 -8.3780833e-02
  7.2183125e-02
 -4.1150784e-01
 -4.1385034e-01
  5.0849658e-01
  1.1684362e+00
 -3.0531245e-01
 -1.3419938e+00
  1.0168314e+00
 -3.3599773e-01
  1.5390043e-01
  1.3806080e+00
 -5.5696364e-02
  1.6073884e+00
  2.6079264e+00
  5.2853727e-01
  9.2040765e-01
 -4.6755379e-01
  5.7879937e-01
  1.1360452e-01
  5.6188858e-01
 -3.9485982e-01
 -1.4302621e+00
  2.0533120e-02
 -1.4292081e-01
 -2.8653622e-01
 -9.4184592e-02
  6.9446802e-01
 -1.4481914e-01
  4.4622892e-01
  6.7903864e-01
  1.4641193e-01
  3.1505290e-01
 -4.4940871e-01
  2.2087923e-01
 -9.5679820e-01
 -2.9394317e-01
  7.4604923e-01
  6.7645833e-02
 -8.7184131e-01
 -3.7643919e+00
  4.3328178e-01
  3.9603114e-01
  3.5922527e-03
  6.3104081e-01
  3.3007167e-02
 -2.1411809e-01
 -1.5043591e+00
 -4.0576346e-02
  4.7179803e-01
 -1.6058619e-01
 -3.9836833e-01
 -4.4628254e-01
 -4.3360361e-01
 -5.9415883e-01
 -3.5266778e-01
 -4.0645868e-02
 -1.1546773e+00
 -4.5872495e-01
 -1.0073684e+00
  2.9168433e-01
  1.5021431e-01
  1.6365701e+00
 -4.8092768e-01
 -9.8799509e-01
 -1.2589623e+00
  1.4332831e-01
 -2.2448312e-01
  5.3190273e-01
 -1.3135728e+00
  6.0745174e-01
 -7.9115576e-01
 -1.2454149e-02
 -9.6615005e-01
  9.3263161e-01
 -3.1411129e-01
  8.2552797e-01
 -3.4754804e-01
 -6.2144876e-01
  9.2237228e-01
 -6.7720197e-02
  3.5331482e-01
 -5.9019065e-01
  2.2648975e-01
  1.9570735e-01
  5.6079149e-01
 -1.6554904e-01
 -1.9975159e-01
  1.2766843e+00
  1.6013397e-01
 -6.3248634e-01
 -8.1997961e-02
  6.7749977e-01
 -2.1749522e-01
 -1.9898903e-02
 -5.6536210e-01
 -5.8063383e+00
  2.1559265e-01
 -5.2114880e-01
 -2.2950275e-01
  1.2796992e+00
 -9.1619879e-02
  4.3068999e-01
  1.2527853e-01
  1.0110136e+00
  1.7233886e+00
  1.1859264e-02
  2.5215931e-02
 -3.0093089e-02
 -1.1077084e-01
  2.1584312e-02
 -2.6707642e-02
 -6.6836256e-01
 -4.0535447e-01
  1.3975322e-01
 -2.5799355e-01
 -2.7291346e-01
  1.2762969e+00
  8.7268955e-01
 -5.4192799e-01
 -1.7968751e-01
 -1.4367795e-01
  1.1195149e+00
 -1.2980881e-01
 -2.9739395e-01
 -4.4319846e-02
 -1.3487841e+00
  1.0274988e+00
  7.6324928e-01
  2.6320744e+00
 -4.5905906e-01
  1.0683923e+00
  4.2189106e-01
 -4.8860809e-01
  1.0276753e+00
  1.0138950e+00
 -7.7102476e-01
 -1.5551363e+00
  8.2021135e-01
 -3.9307806e-01
 -9.7925425e-01
  1.2837709e-01
  1.3105487e+00
 -5.4858828e-01
  1.3803722e+00
 -1.6293615e+00
 -3.2125573e+00
  4.7220116e+00
 -4.6208773e+00
  2.3634653e+00
  2.0049381e+00
  7.6462907e-01
 -6.8642724e-01
  2.2493925e+00
 -6.8315883e+00
 -9.4961035e-01
  2.9724317e+00
 -2.8171796e-01
  2.5497551e+00
  3.1014521e+00
 -8.8632450e-02
 -1.3571759e+00
 -2.4555676e+00
  8.7841205e-02
 -6.3529927e-01
 -8.3389950e-01
 -1.0411872e+00
 -1.4141399e+00
 -1.4541551e+00
  2.4839540e+00
 -2.0420530e+00
 -2.0759237e+00
  3.3775145e-01
  3.0696998e+00
  1.0354345e+00
 -4.0464849e+00
 -5.4289633e-01
  3.3296008e+00
 -2.7832477e+00
  8.1902140e-01
  1.9824523e+00
 -9.0454839e-02
  5.0362258e+00
 -4.7123688e-01
  1.2909540e+00
 -1.1182520e+00
  2.7266608e-03
  6.6507533e-03
 -7.2145000e-02
  4.6573114e-02
  4.6015993e-01
  2.8891018e-01
 -2.2333154e-01
  5.4750550e-01
  1.7892507e-01
 -7.9324615e-01
  1.8877374e-01
  1.9839641e-01
 -7.0805961e-01
  6.2186025e-02
  3.0515021e-01
 -3.6401996e-01
 -5.6337386e-01
  2.3209506e-01
  2.9065091e-02
  1.3478608e+00
 -6.1483115e-01
  7.0783168e-01
  3.4067355e-02
 -7.8479141e-01
  4.0055308e-02
 -1.9621399e-01
 -1.2994878e-01
  6.3855356e-01
  1.9675502e-01
 -6.8323779e-01
  1.6514280e-01
 -3.8291323e-01
 -3.3989212e-01
  1.0109264e-01
 -1.4554502e-01
  2.9425851e-01
  1.5647898e+00
 -4.0541375e-01
 -6.4612931e-01
  1.9104795e-01
 -1.6556869e+00
  3.9819300e-01
  2.8539079e-01
  1.2037418e-02
  5.4494238e-01
  2.9030800e-01
 -1.3019936e-01
 -5.3375578e-01
 -4.1373461e-01
  2.6728338e-01
 -1.0062397e+00
 -1.0417274e+00
  9.1567822e-03
  3.4562048e-01
 -4.9979708e-01
  1.9831793e-01
  8.2348484e-01
 -3.8738158e-01
  1.7491575e+00
 -1.0465322e+00
  5.8282030e-01
 -8.3946449e-01
 -5.7029015e-01
 -1.3618470e+00
  2.5404111e-01
 -1.4131652e-01
 -4.4115883e-01
 -1.0200471e+00
  9.7369477e-02
 -1.3418159e-01
 -2.5739403e+00
 -2.2925789e+00
 -5.6605995e-01
 -2.3239511e-03
 -5.8377022e-01
 -3.5217352e-02
  1.0692920e-01
 -3.8856205e-02
 -5.2612364e-01
  3.7012729e-01
  4.5713717e-01
  5.6301750e-02
  4.6988420e-02
  1.6485164e-01
  5.7820386e-01
  5.4296333e-01
 -2.8270513e-01
  1.1748302e-01
  6.4777648e-01
 -6.5439828e-02
  8.3571845e-01
  3.7139449e-01
  7.3934031e-01
 -1.0461599e+00
  4.7449835e-02
 -1.5377679e-01
 -3.7563232e-01
  6.4763498e-01
 -8.7204874e-01
 -2.6628930e-02
  2.1421043e-02
  9.1291755e-01
 -4.2110480e-02
  3.3174732e-01
  3.5567614e-01
  4.2954835e-01
  1.8949099e-01
  3.1031947e+00
 -9.0534407e-01
  1.5958047e+00
 -4.4293957e+00
 -6.6112363e-01
 -3.2423656e+00
  1.5676671e+00
  2.7875209e-01
 -6.3269138e-01
  1.4664140e-02
 -4.3517557e-01
  4.4031013e-02
 -1.1768606e+00
  6.3341552e-01
 -1.9060986e-01
  6.9459289e-02
 -1.7714971e-01
  5.7624030e-01
  4.9246326e-02
 -1.0957237e+00
  1.4171316e-01
 -7.9406446e-01
 -1.1706231e+00
 -7.9770230e-02
 -2.6667562e-01
 -8.4446424e-01
 -1.7831057e+00
  1.2835580e+00
  5.1780814e-01
  2.2062166e-01
  6.5068561e-01
 -1.2784511e+00
 -1.9908059e-01
 -1.8330533e-03
  2.9300633e-01
  2.7106982e-01
 -1.1925663e-01
 -6.2485307e-02
  1.0725065e+00
  8.2215644e-02
  3.5599768e-01
 -1.5005688e-01
 -7.2730474e-02
 -6.9364429e-02
 -4.5314050e-01
  9.5253515e-01
 -6.9145882e-01
 -2.5474599e-01
  6.6873056e-01
  1.0095600e+00
 -3.3665177e-01
  6.7400597e-02
  5.7051623e-01
  5.1713794e-01
 -9.8281026e-02
  1.5560054e+00
 -2.1451259e-01
  5.2569175e-01
  3.2357994e-01
  1.3365618e+00
  1.6545892e-01
 -2.3507381e-02
 -1.0290283e-02
 -2.8564517e+00
  2.7801821e-01
  3.7139571e-01
 -6.0755825e-01
  3.9911227e+00
 -3.8514802e-01
  7.1912110e-02
  8.8416493e-01
  2.6384774e-01
  1.9702753e-01
 -6.0331070e-01
 -1.1312563e-01
 -7.5368173e-02
 -1.8371398e+00
 -2.3856416e-01
 -8.3436257e-01
 -1.1725879e-01
  5.3684920e-01
 -5.4052657e-01
  7.0571679e-01
 -2.1924162e-01
 -1.7161717e-01
 -6.5679604e-01
 -1.4902685e+00
  6.0357377e-02
  3.8707075e-01
 -2.7439544e-01
  8.1776418e-02
  2.4981903e-02
  1.3753712e+00
  2.8786707e-01
 -2.1436635e-01
 -1.3052852e-01
  3.5994369e-01
  9.2177045e-01
  1.9940568e+00
  8.8759646e-02
 -2.2312541e-01
  5.2982599e-01
  1.9191411e-01
  1.7617058e+00
 -4.5418140e-01
  9.4455695e-01
  1.3287383e+00
  1.6176964e+00
 -6.8385148e-01
  1.0138576e+00
  2.2565579e+00
  8.1358832e-01
  1.3031588e+00
  2.4950411e+00
  9.8029447e-01
  8.3459258e-01
  5.1852578e-01
 -2.5509444e-01
  1.3630183e+00
  1.5844338e-02
 -1.3681014e-01
  1.2008738e-01
  3.8178688e-01
  9.5470077e-01
 -1.8089120e-01
 -5.7070583e-01
  1.3463726e+00
 -1.2331517e-01
 -4.6407834e-01
  1.0745289e+00
  4.2610323e-01
  2.8005238e+00
 -1.2434040e+00
  1.9740359e-01
  1.3089662e+00
  5.1876050e-01
 -4.8087108e-01
  7.8200680e-01
  2.2788432e+00
 -1.6750317e+00
  6.6427886e-01
 -2.3579966e-01
 -3.3962220e-02
  4.0143794e-01
  8.4660143e-02
  1.4401753e+00
 -1.7809100e-01
 -1.3213385e+00
  1.8733434e-01
  9.8883295e-01
  1.2386082e+00
 -1.6164246e-01
 -6.3698900e-01
 -1.1373913e-01
 -7.0706213e-01
  4.9310812e-01
 -4.6623230e-01
  6.5808177e-01
 -1.4375111e-01
 -3.6601695e-01
  1.2127848e-02
 -8.0389887e-01
  4.1275754e+00
 -1.4904588e+00
  1.4751748e+00
 -1.1754556e+00
  1.0382299e+00
 -5.0963765e-01
 -1.8449234e+00
 -7.4155912e-02
  1.2088989e+00
  6.0480791e-01
 -2.9575676e-01
  1.1921704e+00
  3.5719463e-01
 -3.0059603e-01
  7.2327489e-01
 -1.3974566e+00
  7.6397240e-01
  1.2210705e+00
 -3.1906101e-01
  9.0673423e-01
  7.7767737e-02
 -1.1043394e+00
 -1.8088627e-01
  1.3764011e+00
 -1.4158316e-01
  2.2784874e-01
 -8.6464596e-01
  5.8556479e-01
  1.0028360e-01
 -6.5262008e-01
 -4.8934549e-02
  1.0885648e+00
 -1.9266653e+00
  6.0394412e-01
 -2.2025158e+00
  1.7825747e+00
 -1.3454930e+00
 -5.3452194e-01
 -1.7271343e-01
 -1.3651816e+00
 -4.2358890e+00
 -1.5818462e+00
 -4.9786466e-01
  6.4204305e-01
  4.2476188e-03
  1.5486128e+00
 -1.8639906e-01
  1.3262515e+00
  3.5048928e+00
 -1.4030551e+00
  1.2910216e+00
 -1.5900136e+00
  5.5082929e-01
  2.1769392e+00
  4.7299865e-01
  2.6355846e+00
  3.7071748e+00
  5.3885776e-01
 -2.5135727e+00
 -2.0789027e+00
 -3.8417697e+00
  5.9315019e+00
  1.6181185e+00
  3.7213821e+00
  2.7472612e-01
  2.7390077e+00
  9.7270930e-01
 -4.7399735e+00
 -2.1510060e+00
  4.3674264e+00
  1.9806290e+00
  1.7476144e+00
  6.4238751e-01
 -1.0638920e-01
  3.3161745e+00
 -1.8535044e+00
  4.7717828e-01
  2.0702415e+00
  1.4899759e-02
  6.8206024e-01
 -8.8617897e-01
  9.1000253e-01
  1.7443540e+00
 -3.3442894e-01
 -4.9435213e-01
 -1.8381163e+00
 -9.2241401e-04
  3.6311439e-01
  3.1256621e+00
 -2.9789171e+00
 -3.7870163e-01
 -3.1033614e+00
  1.1167593e+00
 -8.2823496e+00
 -2.5590074e-01
 -2.2913537e+00
 -1.5061147e+00
  4.9600160e-01
  2.8596622e-01
 -9.9374726e-02
 -1.0500159e+00
 -1.9765584e-02
 -7.8872591e-01
  7.3740715e-01
 -2.3856217e-01
  7.1431354e-02
 -2.2560221e-01
  4.4683933e-01
  1.8722216e-02
  3.6851853e-02
  1.9758197e-02
  7.4316943e-01
 -1.9695067e+00
  2.1449618e-01
 -1.6363968e+00
  5.2353126e-01
  7.7892905e-01
  2.3871312e+00
  4.1558343e-01
  3.3468031e-03
 -4.7357044e-01
 -8.8414729e-02
 -3.9331276e+00
 -8.9530796e-03
  4.0882912e-02
 -6.1436817e-02
 -1.2077136e-01
  6.1331987e-02
 -9.8817593e-01
  5.9263051e-02
 -7.6041855e-02
 -3.5450777e-01
  3.3106303e-01
  3.0672699e-01
  3.0473907e+00
  2.7728993e-01
  1.4992789e+00
 -4.5105025e-02
 -2.6147859e+00
 -3.3672547e-01
  8.6083043e-01
 -7.8865713e-01
  6.8754829e-02
 -1.1929876e-01
  5.8195919e-01
 -8.9279020e-01
  7.5769514e-01
 -4.3115437e-02
 -1.5616675e-01
 -5.6672430e-01
  8.4893966e-01
 -4.8939880e-02
  2.6725715e-01
 -1.3138828e+00
 -3.5315946e-01
 -1.1552026e+00
 -8.0534303e-01
  3.2272118e-01
  1.1318244e-02
  9.4050670e-01
 -4.6193963e-01
  8.9726293e-01
  4.9434569e-01
  3.7737358e+00
 -5.8163100e-01
 -1.5122367e+00
  6.1091465e-01
 -2.5378430e-01
 -3.8548529e-01
  3.7501374e-01
  3.1869850e-01
  3.3277910e-02
  2.2506717e-01
 -1.1752091e-01
 -3.9009776e+00
 -2.2273004e+00
  3.4687784e-01
  4.0942460e-02
 -1.5451720e-01
  1.7136484e-01
  8.0159772e-03
 -2.9789805e+00
  1.3067296e+00
  5.8257508e-01
  2.0484456e-01
  6.6618139e-01
 -2.0357132e-01
  6.9660717e-01
 -6.4485693e-01
 -5.3485170e-02
 -2.4577592e-01
  2.6645884e-01
 -1.6727325e+00
 -4.6217537e-01
  4.0385568e-01
 -3.5844612e-01
  5.1679331e-01
  3.8240814e-01
 -5.7968789e-01
  3.0676728e-02
  1.5259022e-01
  6.1620229e-01
  1.4065549e+00
  7.5231150e-02
 -3.4905601e-01
 -3.8915247e-01
 -3.9166692e-01
  3.3334889e+00
 -1.0631336e+00
  9.2888266e-02
  9.2628717e-01
 -6.1291671e-01
  2.2254318e-01
  7.6583302e-01
  5.8054912e-01
 -1.0493250e+00
  7.0090359e-01
  7.3548183e-02
  5.7779604e-01
  1.8608406e-01
 -1.0168790e-01
 -8.5652488e-01
 -2.0967603e-01
  1.1965526e-01
 -6.7014980e-01
  3.4178066e-01
 -5.1388824e-01
  7.1489817e-01
 -1.3973562e+00
  9.0390825e-01
 -1.9668065e-01
 -2.8274002e+00
 -3.6813897e-01
 -6.5250409e-01
  1.4062600e+00
 -4.6224490e-01
 -6.5585071e-01
 -1.2207228e-01
  1.7567468e-01
  2.8642254e+00
  2.2976103e+00
 -1.2247046e+00
 -6.5733838e-01
 -1.7555203e+00
  8.8491297e-01
  1.3573648e-01
  7.1499079e-01
  2.9257503e+00
  3.9448088e-01
 -1.7619197e+00
  7.4097902e-01
  3.5998807e+00
  2.4895768e+00
 -4.6143513e+00
 -2.2533600e+00
  3.2681964e-02
 -9.3326643e-02
 -8.1256437e-01
 -2.1126461e-01
 -2.7634931e-01
  1.7337108e+00
 -4.9999943e+00
 -3.5370598e+00
  1.5479664e+00
 -2.2476060e+00
 -5.0835502e-01
  2.4804058e+00
 -3.1234143e+00
  5.5565727e-01
 -1.7652407e+00
 -1.1697793e+00
  3.4173745e-01
 -1.8216251e+00
  2.8122745e-02
  6.6694772e-01
  1.1089038e+00
 -4.6613610e-01
  1.4636389e+00
 -1.0010328e+00
  4.8951471e-01
  1.1542380e+00
  1.1443548e-02
  1.4332206e+00
 -3.0764370e+00
  1.5420358e+00
  2.8169900e-01
 -3.7881359e-01
  1.9225389e-01
 -3.8829535e-01
 -8.4598862e-02
 -5.4988265e-01
 -1.7264876e+00
  5.3964812e-01
  1.6487830e+00
 -2.1637212e-01
  1.4091192e-01
  6.2763803e-02
  3.7707365e-01
 -8.7558341e-01
  9.1646147e-01
  4.1418123e-01
 -2.5626009e+00
  1.1799919e-01
  6.8783677e-01
 -5.4336983e-01
 -2.4030685e-01
  1.6879219e-01
  4.7966802e-01
 -5.7720914e-02
  2.1627933e-02
  8.2263166e-01
 -3.8208774e-01
  1.0076325e+00
 -2.7418855e-01
  3.9399642e-01
  7.0587742e-01
 -9.0983570e-01
 -3.5505426e-01
 -3.6727592e-01
 -1.1110255e+00
 -9.0893376e-01
  5.1395386e-01
 -1.0181326e+00
  1.4991038e-01
 -6.8762648e-01
 -1.3294868e-02
  1.2383543e-01
  4.5771652e-01
  3.1746095e-01
  6.2130775e-02
  4.0939644e-01
  7.5177771e-01
 -3.7082827e-01
  7.6028228e-02
  2.5339133e-01
  1.0808709e+00
 -8.4512003e-02
  1.3103482e-01
 -9.0722078e-01
  6.9766149e-02
  5.7527035e-01
  6.8025476e-01
 -1.5778694e+00
  2.0035659e-01
  5.9855157e-01
 -7.0664477e-01
  4.8909289e-01
  9.5011801e-02
  2.9214525e-01
 -7.1652400e-01
 -2.2962183e-01
  1.6060680e-02
  9.4070995e-01
 -4.0145311e-01
 -5.3316188e-01
  2.0858620e-01
 -6.9422233e-01
  1.5506057e+00
  8.0215150e-01
 -1.2020437e+00
  9.0620264e-02
 -8.3060342e-01
  8.7833405e-01
 -2.6817957e-01
 -1.5905510e-01
 -1.3438576e-01
  1.2491419e+00
  3.7516624e-01
  4.1006014e-02
 -1.3474597e+00
  9.4915962e-01
 -8.6653233e-02
 -6.4794421e-01
  1.4550411e-03
 -7.6572466e-01
 -4.2224750e-01
 -5.6696117e-01
  6.5748638e-01
  5.6852710e-01
 -9.2650127e-01
 -1.3385271e+00
  5.2394122e-02
  1.8494418e-01
  2.0925799e-01
  5.1642257e-01
 -2.4804902e-01
 -2.1547204e-01
  9.6352860e-02
  7.5330400e-01
  5.1010585e-01
 -1.2561111e-01
 -6.9001749e-02
 -7.3707509e-01
  2.7028143e-01
  7.8458869e-01
 -5.6792021e-01
 -6.1329514e-01
 -1.9916821e-01
 -2.6853192e+00
 -3.8723069e-01
 -1.2862025e-01
  2.7762708e-01
 -1.0990994e+00
 -2.7738228e-02
  4.1988513e-01
 -8.4458685e-01
  8.0663091e-01
  6.0704052e-01
 -3.7231219e-01
  3.9157128e-01
 -3.6079675e-01
  6.7439340e-03
 -3.0101731e-02
 -7.9243228e-02
 -2.2618657e-01
  1.6231054e+00
  2.1429298e+00
 -7.1446025e-01
  1.0786635e+00
 -2.2991560e-01
  2.1682802e-01
 -5.1673758e-01
 -2.2675318e-01
 -1.9219762e-01
 -1.8620691e+00
  3.6539876e-01
  1.8177379e+00
  6.9955230e-02
 -7.9013395e-01
  6.4741188e-01
  9.6435589e-01
 -5.5886078e-01
  1.0574371e+00
 -1.2469112e-01
  3.7969178e-01
 -7.4320173e-01
 -3.5439551e-01
 -9.0788759e-02
 -9.1870785e-02
 -3.8200986e-01
 -7.9560243e-03
  2.5644055e-01
  8.9611286e-01
 -9.9983677e-02
 -7.7968597e-01
 -7.2685456e-01
  5.8376753e-01
  1.0891783e+00
 -2.7925023e-03
 -1.2002099e-01
 -2.9901683e-01
 -1.8411005e-01
 -9.4037928e-02
 -4.1210198e-01
  3.6191128e-02
  1.4193658e-02
 -1.2681390e+00
 -2.6377356e+00
  3.3296037e-01
  2.9876074e-01
 -4.8189968e-01
 -4.3171218e-01
  3.4803638e-01
 -6.7156762e-01
  1.2413656e+00
  2.4561775e-01
 -1.1970609e+00
 -1.3588934e-01
  9.5184994e-01
 -1.1080835e+00
  1.2584929e-01
  4.4735193e-01
  4.1244337e-01
  1.4973906e+00
  2.1885194e-01
 -1.6191855e-01
  1.1690150e+00
 -1.1956004e-01
 -5.0497755e-02
 -1.8488535e-01
  7.9920846e-01
 -1.0596098e+00
  5.7285786e-01
 -9.3581617e-01
  4.1195780e-01
  1.2550182e+00
  2.0302309e-01
 -1.2646535e-01
 -7.8095758e-01
  4.8835742e-01
 -3.0289458e-02
  9.8692828e-01
  3.3503227e+00
 -6.2439191e-01
  8.8426888e-01
  1.4324896e+00
 -1.6334809e+00
  1.1406095e+00
 -9.2190278e-01
 -1.1180272e+00
  9.6255369e-02
 -5.8643728e-01
  1.7319374e-01
 -3.0953662e+00
 -4.9625000e-01
 -5.4194468e-01
  4.8907840e-01
 -4.9938637e-01
 -8.6689919e-01
  1.1570901e-01
  5.2958047e-01
 -1.1698320e+00
  1.4773776e-01
 -4.5409165e-03
 -9.2338294e-01
  2.6066971e-01
  3.0317426e-01
 -9.8789370e-01
  1.9079521e-01
 -1.3361132e-01
 -6.3252121e-02
  3.3560109e-01
  6.6443837e-01
  4.4518888e-01
 -2.9043329e-01
  5.9419644e-01
  2.4540778e-01
 -8.1592214e-01
 -5.7053000e-01
  2.7029291e-01
 -1.7626886e-01
 -1.4311970e+00
  3.9955268e+00
 -4.1228154e-01
 -3.9886627e-01
 -4.9165836e-01
 -2.6377320e+00
 -2.1665070e+00
  5.6961143e-01
 -2.6168320e-01
  1.0515407e+00
 -1.4077482e+00
 -5.0224376e-01
 -1.0131369e+00
  1.0923320e+00
  1.3448035e+00
  5.4670650e-01
 -6.0126147e+00
  4.2496243e+00
 -1.9725655e+00
  4.0060964e+00
  2.0231807e+00
  2.5538926e+00
 -3.4255242e-01
  1.5756069e+00
 -2.2150676e+00
  2.7613369e-01
  1.8973210e-01
  6.2062711e-01
 -6.2215745e-01
  7.5319952e-01
  1.4536761e-01
 -1.4910070e+00
 -1.2906390e+00
 -1.4367881e+00
 -9.0522408e-01
 -1.2955353e+00
 -1.5548697e-02
 -4.6335912e-01
  5.5971390e-01
 -2.2984822e+00
 -3.4669070e+00
 -5.6762781e+00
  2.2402720e+00
  3.3996420e+00
  9.0873504e-01
  2.1764146e-01
  7.3368484e-01
 -2.0360603e+00
 -1.3148034e+00
  1.3537010e+00
  7.4765134e-01
 -1.6815624e-01
 -1.0713655e-01
 -1.1029129e-01
  6.3835639e-01
  1.7247845e+00
  1.1137228e+00
 -1.6792215e+00
  4.3001184e+00
  5.5923051e-01
 -9.5594689e-02
  6.4655728e+00
 -2.0153202e-01
 -2.8372130e+00
  1.2786788e+00
 -5.7643598e-01
 -1.0714122e+00
  1.5319771e+00
  8.3054066e-01
 -1.8101983e+00
  2.4694604e-01
  1.4559200e-01
  9.7916055e-01
 -9.6232402e-01
 -9.0017974e-01
 -1.9954505e+00
 -2.9795382e+00
 -8.2286638e-01
  3.7987952e+00
 -1.5998229e-01
  8.9196408e-01
 -3.2455504e+00
 -1.1572495e+00
 -2.1773655e+00
  9.9024302e-01
 -7.5286573e-01
 -1.3490511e+00
  6.5895015e-01
 -5.7575780e-01
  9.0851843e-02
  8.8464892e-01
 -3.1581910e+00
 -2.6355684e+00
  6.4366460e-03
 -5.1264286e-01
  4.0358186e+00
 -1.6488372e+00
 -6.4941716e-01
 -4.1666234e-01
 -6.2616122e-01
 -8.9716059e-01
  1.4178059e-01
  1.1246252e+00
  1.4158282e-01
  1.3526485e+00
 -1.9715461e+00
  2.4597983e-01
  9.9007088e-01
 -2.3632912e-01
  2.9283509e-01
  5.8516210e-01
 -1.4293705e-01
  9.9262345e-01
 -4.0560231e-01
  1.6161351e+00
  9.2756622e-02
 -7.0194900e-01
 -2.2744887e-01
 -5.1522273e-01
 -1.9169408e-01
 -3.9481613e-01
  4.9808139e-01
 -2.6063713e-01
 -1.7242476e-02
  3.2093748e-02
 -1.0431522e+00
  1.2248875e-01
  1.2545651e-01
 -1.3470861e+00
  4.4202879e-01
  1.2546490e+00
 -1.7403981e-01
  5.2105045e-01
  1.5618326e-01
 -2.4701095e-01
  8.5547507e-01
  6.0629970e-01
 -2.1970020e-01
 -5.1323444e-01
 -1.6108496e+00
  4.2094059e-02
  8.0138240e-03
 -2.1694679e+00
  3.2302469e-02
 -2.2973965e-01
  2.7795171e-02
 -3.2368973e-01
 -3.1090286e-01
  9.6169382e-01
 -3.6086422e-01
 -1.0928715e+00
 -5.6581843e-01
 -3.2826310e-01
  1.2753338e-01
  9.9754453e-02
 -1.4014561e-01
  2.8289664e-01
  9.1034877e-01
  5.9266001e-01
 -1.1362313e-01
  1.0056374e+00
 -3.4272602e-01
 -3.3083537e-01
 -1.2364832e-01
  3.6237401e-01
 -7.2608799e-02
  6.1718005e-01
  2.8956988e-01
  3.5696630e+00
 -3.7378997e-01
 -1.5076590e-01
  8.9636743e-02
  3.2091752e-01
  2.8181738e-01
 -9.6313947e-01
  5.5341721e-01
 -5.0344568e-01
 -9.8462082e-02
  9.1655277e-02
 -4.3032575e-01
  2.5879182e-02
 -2.5163853e+00
  8.4625959e-01
 -6.7728746e-01
 -1.2244159e-01
  3.0199757e-01
  8.5418075e-01
 -3.5431200e-01
 -3.7482667e-01
 -2.9283679e-01
 -5.3610858e-02
 -1.3073003e+00
  3.9227787e-01
  8.6159796e-01
  4.1124035e-02
 -3.4250766e-01
  4.4940332e-01
  2.6271626e-01
  6.2979358e-01
 -5.8224797e-04
 -1.4245660e+00
 -8.4444001e-02
 -2.8392383e-01
 -1.0511678e+00
  5.3245139e-01
 -1.5469598e+00
 -5.9432888e-01
  3.3544302e-01
  1.3721707e+00
 -9.1914964e-01
 -9.7477937e-01
 -2.5610340e+00
 -3.5118158e+00
 -1.4575998e+00
 -2.7503884e+00
 -7.5932920e-01
 -5.2291322e-03
  8.3571684e-01
  4.3011442e-01
 -1.1771598e+00
 -3.5149007e+00
  1.2747802e-01
  5.7287703e+00
  1.9178280e-01
  6.7917931e-01
 -2.8546219e+00
 -1.8383808e-01
 -2.2711225e-01
 -7.8752834e-01
  2.6043984e-01
  2.1013360e-01
  2.8462404e-01
  1.3399472e+00
  4.0547979e-01
 -4.6440163e-01
 -1.5244612e+00
  3.8006797e-01
  4.6579027e+00
 -2.3771872e-01
 -5.2280366e-01
  1.5367243e+00
  7.3987275e-01
  5.2005929e-01
 -3.4085497e-01
 -2.2705753e+00
  3.1642637e-01
  5.3805059e-01
 -9.7347873e-01
 -9.2402595e-01
  1.6861759e-01
 -1.5763405e-01
 -5.4174852e-01
  4.1539189e-01
  2.3631522e-01
 -2.3731217e-02
  1.3676597e+00
  7.1034312e-01
 -2.9809477e+00
  4.3434920e+00
  3.1353056e-02
 -5.9400207e-01
 -7.8955156e-01
 -6.8593162e-01
  1.2760497e+00
  4.5436550e-02
  1.1404151e-01
 -2.0237184e-01
 -4.7565475e-01
  2.0831516e+00
  4.6344185e-01
  7.2413999e-01
  1.4770927e+00
 -1.2468871e-01
  6.1387813e-01
 -1.6705559e+00
 -1.3850589e+00
  1.2164488e+00
  5.4319069e-02
 -6.0024971e-01
  5.5175865e-01
  6.6967452e-01
 -9.8100066e-02
  4.5162637e-02
  3.0468291e-01
  7.7266908e-01
  2.9337335e-01
  4.5769736e-01
  2.9773032e-03
 -3.8758710e-01
 -8.8779941e-02
 -4.0055290e-01
  6.6135854e-01
 -5.4067463e-01
  1.0418494e+00
  2.4817142e+00
 -2.4867576e-01
  1.7464371e+00
  1.1091816e+00
  1.0034044e-01
 -1.1047125e+00
  7.2255242e-01
 -6.9165885e-02
  8.9545652e-02
  5.7438451e-01
 -1.3120368e+00
  1.0745266e-02
 -7.2545312e-02
  5.7070023e-01
 -2.0077682e-01
 -4.6451768e-01
 -1.2902331e-01
 -1.3778629e+00
  7.1661256e-02
  9.5353320e-02
 -2.3401935e-02
 -1.8801054e-01
  1.8639013e-01
  5.9443051e-01
  3.1012756e-01
 -2.0791510e-01
  1.1046920e+00
 -1.1297189e-01
 -1.1118008e-01
 -3.8466170e-01
 -9.7830766e-01
 -1.2763219e-01
 -1.2477267e-01
  6.4273506e-01
 -3.3199334e-01
 -3.3252511e-02
 -3.7170544e-01
  3.2972962e-01
  5.1866394e-01
 -9.5789367e-01
 -5.5553652e-03
  1.2612072e+00
  2.2449205e+00
  2.2942297e-02
  6.2040854e-01
  2.8332761e-01
  1.7101313e+00
  6.3431776e-01
 -5.4213870e-01
 -5.1797581e-01
 -1.8006128e-01
 -7.3513305e-01
  3.9009284e-03
 -3.4308769e-02
  3.9709544e-01
 -1.4735962e+00
  7.7569985e-01
  6.3040704e-01
 -2.5298265e-01
  1.9220937e+00
  2.5443715e-01
  1.9696282e-01
 -1.0085404e+00
 -3.4892105e-02
  8.4965497e-02
 -1.3667709e-02
  1.1351934e-01
 -6.3128525e-01
  5.0953448e-01
  3.0977848e-01
 -3.1959906e+00
 -2.4256271e-01
  1.4259520e+00
  1.3236097e-01
 -3.7889737e-01
  1.9401075e-01
  3.9990667e-02
  6.0717696e-01
  8.0814853e-02
 -1.7232370e+00
 -2.7504563e-02
  1.5226955e+00
  1.1980183e+00
  1.0897707e+00
 -5.5001074e-01
  4.7860539e-01
  1.9742754e-01
  7.0164376e-01
  1.5777857e+00
  1.8718387e+00
  3.7683889e-01
  3.6450386e-01
  3.1063262e-01
  1.6382727e-01
 -5.9683975e-02
 -3.6770928e-01
  7.7311361e-01
  6.5172887e-01
  2.9389795e-02
  5.2677590e-01
  1.0863858e+00
 -7.3322229e-02
 -1.2660762e+00
 -3.5323113e-01
  6.1399001e-01
 -6.6262531e-01
 -3.1659117e+00
  6.1374402e-01
  6.6417381e-03
  7.3104841e-01
  8.3080828e-01
 -3.0120831e+00
 -2.7086794e+00
  4.0119672e+00
  1.0003216e+00
  3.1459296e-01
 -9.0122277e-01
  2.1472940e+00
 -7.1714669e-01
 -9.9571228e-02
  7.3549676e-01
 -9.6242577e-02
  5.8704627e-01
  1.9741696e+00
  1.0058504e-01
 -1.1561545e+00
  1.3177282e-01
  1.6605291e+00
 -3.3023246e-02
  3.0924745e-02
 -1.9358238e-04
 -5.6856179e-01
  8.6674136e-01
 -4.6006495e-01
  5.4574430e-01
  1.0642834e+00
 -3.8784299e+00
  5.4906631e-01
  1.3487749e+00
 -1.7229460e+00
 -8.2698084e-02
  8.7191176e-01
 -9.0851843e-01
 -5.8507597e-01
 -1.0929666e+00
 -1.3278283e-01
  1.8202558e+00
  1.6411506e+00
  4.6845841e+00
 -7.7698976e-02
 -2.7472599e+00
  1.2569551e+00
 -6.3017982e-01
  4.4760775e-02
  8.4864098e-01
  5.3874111e-01
  1.8289346e-01
  4.9896708e-01
 -1.5897676e-01
 -5.8280218e-01
 -2.1380940e-01
 -2.3479372e-01
  2.4618149e+00
 -7.0732152e-01
 -3.7538761e-01
  6.2384792e-02
 -2.9383413e-02
  3.1135821e-01
 -6.5368339e-02
  2.4599838e-01
  1.2987271e-01
  3.3080396e-01
 -6.9417156e-02
 -1.4725548e-01
 -1.0892264e+00
  2.1716627e-01
  1.6331881e-01
 -6.6126227e-01
 -2.5618029e-01
 -3.0620128e-01
 -2.4611678e+00
 -2.9560602e-01
  3.4691447e-01
 -7.6174581e-01
  1.1254804e+00
 -5.7144068e-02
  5.4127410e-02
 -7.1185403e-02
  5.9871113e-01
 -1.7935790e-01
 -6.9506299e-01
 -5.4556698e-01
 -8.2978880e-01
  1.5310454e-01
 -1.2595515e+00
  2.8842390e-01
 -4.1423434e-01
  3.3129412e-01
  1.3141716e-01
 -6.1657950e-02
 -8.4147835e-01
  8.9854673e-03
 -2.3909211e-01
  8.8812947e-02
  3.2911572e-01
  2.4062170e-01
 -5.3069867e-02
  2.1878576e+00
  1.7753822e-01
  1.9828500e-01
  6.6356099e-01
  1.0489154e+00
  4.7481433e-01
 -4.3810016e-01
 -3.1936545e-02
 -2.0656258e-02
 -2.9694611e-01
 -2.0024678e-01
 -3.8987240e-01
 -1.1748493e+00
  3.0351000e-02
  4.6336216e-01
  1.9096585e-01
 -3.6435521e-01
  1.6949639e-01
 -1.1989299e+00
  8.7978852e-01
  1.9726798e-01
  2.2849333e-01
  2.1902274e-01
  4.0330490e-01
  1.5786290e-01
  1.0342894e+00
  8.0452269e-01
 -3.3284113e+00
  5.5735964e-01
  4.8234624e-01
  4.1874522e-01
  1.9855691e-01
  1.4235334e-01
  1.5348412e-01
 -1.6968776e-01
  6.5321922e-01
  2.3912060e-01
 -4.5916378e-01
  1.2314287e+00
  3.7627080e-01
 -3.9183538e-02
  3.0147433e-01
  1.2513566e+00
 -5.4218546e-02
 -9.9341434e-01
 -9.3315232e-01
  7.4541724e-01
  1.0667890e+00
  9.0684228e-02
 -3.2971972e-01
 -1.0808001e+00
  5.2112657e-01
 -4.3982431e-02
  4.6353793e-01
 -2.4473086e-02
  3.7072606e-02
 -5.6849880e+00
 -2.7160704e-01
 -6.2633747e-01
  6.1023170e-01
 -5.0104033e-02
  9.1751504e-01
  8.4230796e-02
  7.9926372e-02
 -1.7842299e-01
  1.0548829e-01
 -2.8300899e-01
 -1.4854989e+00
  7.2489953e-01
  6.0755957e-02
 -4.6751916e-01
  1.4613295e+00
  4.5624506e-01
  7.3253000e-01
 -6.5979439e-01
  2.1065812e+00
  4.5335051e-01
  3.8496995e-01
  6.5674996e-01
  1.5792333e-02
  1.3282186e-01
  2.8574792e-01
 -9.0953648e-02
 -5.9968466e-01
 -5.6735080e-01
  2.3854344e-01
 -1.5522679e+00
  4.1032189e-01
 -8.6760156e-02
 -4.5371065e-01
 -2.7054203e-01
  5.9585816e-01
 -3.7959006e-01
 -3.1941772e-01
  2.8021771e-01
 -5.4114568e-01
  2.7508754e-01
  7.4486881e-03
  6.4917618e-01
 -2.9041201e-01
  6.3746792e-01
 -5.9528798e-01
 -1.5342596e+00
 -6.9769353e-02
 -2.1245959e-01
  1.7975816e-01
  9.1506124e-01
 -3.6435995e-02
  7.7226812e-01
 -9.2734700e-01
 -1.6761525e-01
 -3.7182450e-01
  3.0940235e-01
 -3.5667422e+00
 -4.2648394e-02
 -4.2990980e-01
 -2.7290096e+00
 -1.8261820e+00
  7.0265716e-01
 -1.0598719e+00
  3.4632403e-01
  7.0791364e-01
 -1.4394633e+00
 -1.4003402e+00
  1.2869802e+00
  8.4153628e-03
 -1.2927285e+00
  1.2193929e+00
 -2.9320687e-01
  1.5507360e+00
 -2.2112671e-03
 -4.0958369e-01
 -1.0001713e-01
 -1.8326937e+00
 -1.3064855e+00
 -2.4955718e-01
 -1.7793827e+00
 -1.6189786e+00
 -6.1636227e-01
  7.9688638e-01
  4.3374667e+00
 -2.3401318e-01
 -1.0973653e+00
  1.5188437e+00
 -8.1028402e-01
 -1.8829814e-01
 -1.7242008e-01
  7.0231432e-01
 -3.4087208e-01
  9.0382949e-02
  1.0689902e+00
  5.2737284e-01
 -9.2220050e-01
  1.2850757e+00
  9.1418928e-01
  9.9242240e-01
 -1.1671216e-01
 -1.1416520e+00
  3.6928931e-01
  2.6173544e+00
 -1.7524753e-03
 -1.1637591e-01
 -7.5637269e-01
  5.2855456e-01
 -8.8896103e-02
  7.9752105e-01
  1.7973594e-01
 -1.4719189e+00
 -8.6130697e-01
 -2.2450410e-01
 -1.7379870e-01
  5.0962889e-01
 -1.1392477e+00
  1.3546200e-02
  1.2531638e+00
  3.1482166e-01
  7.0382875e-01
  9.5422286e-01
  7.1004465e-02
  1.9790947e-01
  1.3285755e-01
  4.4678196e-01
 -7.5998679e-02
  8.4571248e-01
  2.5634962e-01
 -1.4860265e-01
 -6.4003646e-01
 -8.8047999e-01
 -3.1640351e+00
 -6.0305115e-02
  2.0435633e-01
  8.3735728e-01
 -6.6152221e-01
 -1.0683811e-01
  1.0455701e-01
  2.7196276e-01
 -1.0435517e+00
 -8.6515659e-01
 -1.9345886e-01
  4.0999588e-01
 -5.5249238e-01
  1.8570337e-01
 -8.9921355e-01
 -1.5305911e+00
  6.6171877e-02
  2.4198271e-01
 -2.8331786e-01
 -3.0292973e-01
 -4.8137742e-01
 -6.6469014e-01
  2.6132786e+00
  5.8537948e-01
 -5.4229829e-02
 -2.1506310e-01
 -3.3125037e-01
 -5.7614662e-02
  4.0470451e-01
  5.6147820e-01
  1.8875939e-01
 -3.1548116e-01
 -6.9063908e-01
  6.5013623e-01
 -7.8696288e-02
  4.9899989e-01
  2.1300203e-01
 -5.9552127e-01
 -5.2560663e-01
  1.1423721e+00
  9.4202167e-01
  1.0316830e+00
  2.1929553e+00
 -2.0479641e+00
 -3.1066561e-01
 -8.3001274e-01
 -1.5466652e+00
  1.1412589e-01
  1.6373450e-01
  2.6637122e-01
 -2.2307089e-01
  9.8575217e-01
 -3.1330127e-01
 -4.0121692e-01
  3.6388409e-01
 -3.7233198e-01
  1.3954226e+00
 -6.8910928e+00
  1.0800320e-01
  3.3012748e+00
  2.5469035e-01
  9.3470156e-02
  2.9126287e-01
 -7.2323585e-01
 -1.5874305e+00
  8.9866900e-01
 -1.9916588e-01
 -2.2027029e-01
  2.1431571e-01
 -2.3941145e+00
 -1.2806193e+00
 -1.8146305e+00
 -8.4048367e-01
  5.5271034e+00
  2.1051860e-01
  1.4842473e+00
 -1.1316814e+00
 -3.2413268e-01
 -2.7676159e-01
 -2.8939205e-01
 -1.4054132e+00
 -4.1227576e-01
  4.1396031e-01
  1.3352689e-01
 -2.5370088e+00
  5.2164412e-01
 -8.9550048e-02
 -6.4972974e-02
  1.1213683e-01
  4.4366607e-01
 -1.2661414e-01
 -9.0700150e-01
  5.6875916e-03
  6.3262117e-01
 -2.4842836e-02
  2.6186800e-01
  2.7772152e-01
 -5.3242147e-01
 -9.2657399e-01
  1.5400176e+00
 -4.1557278e-02
 -3.0406082e-01
  2.8014621e-01
 -1.6779105e-01
 -1.4577562e-01
 -7.7080673e-01
  5.0772727e-03
  3.0448550e-01
  2.3658884e-01
  3.8414785e-01
  2.7852817e+00
 -4.0647873e-01
 -2.0862252e-02
  6.9599760e-01
 -4.2169210e-01
 -9.1971171e-01
 -9.3378448e-01
 -1.6088375e-01
 -1.3298038e-01
  4.3252283e-01
  3.5827047e-01
 -7.1137309e-02
 -3.4941274e-01
  1.6311438e-01
  1.6281240e-01
 -7.0927304e-01
 -1.5459158e-01
 -6.7944840e-02
  3.8323331e-01
 -1.5027098e-01
 -1.7458819e+00
  5.0123763e-01
 -6.6641593e-01
  6.0391927e-01
 -9.7744054e-01
 -2.7437484e+00
 -1.0532509e+00
 -2.9141876e-01
  1.0532573e+00
 -1.9592008e-02
 -1.2311851e-01
  3.2207003e-01
 -3.9982557e-01
  1.0154893e+00
 -1.8357096e+00
  2.8285524e-01
 -1.7586805e-01
 -1.0834556e-01
  3.8057826e-03
  1.5615797e-01
  1.0149118e-01
 -4.1450405e-01
 -8.4499443e-01
  5.7010353e-01
 -1.0712489e-01
 -3.3498693e-01
  7.2602803e-01
  1.7445793e-02
  8.9463437e-01
 -1.1192009e-01
 -8.0597997e-03
  2.0554192e+00
 -1.9544314e+00
 -1.7965631e-01
 -5.4862887e-01
  4.3263167e-01
  4.1406748e-01
  2.1663959e-01
 -4.5221788e-01
 -4.7628537e-02
 -3.4340647e-01
 -1.0886073e+00
  1.2059007e+00
 -4.5166644e-01
 -1.0094829e-01
  5.1058836e-02
  1.0604115e+00
 -1.7455416e+00
  1.5813509e-01
 -9.0903640e-01
  7.6117390e-01
  8.5920848e-02
  5.7010859e-01
  7.7306646e-01
 -1.4000905e+00
  9.5592731e-01
  1.5754186e+00
 -1.4274968e+00
  5.4666537e-01
 -9.2944390e-01
  2.5795376e+00
  7.1285859e-02
 -3.3581704e-01
  7.3603922e-01
  1.4162575e+00
 -2.8569865e-01
  3.3379889e-01
  4.2334068e-01
 -6.2517488e-01
 -1.1495419e+00
 -1.2586441e+00
 -1.2573548e-01
  1.1185493e-01
 -1.4794205e-01
  3.7952006e-01
 -1.7607968e+00
 -8.9609867e-01
  5.2845848e-01
 -4.6907419e-01
  1.4326949e+00
 -1.0880012e-01
 -5.9053355e-01
 -2.6089972e-01
 -8.6976439e-01
 -1.1734495e+00
 -1.1295694e-01
  1.2506710e+00
 -5.9550965e-01
  8.9383429e-01
  2.0451252e+00
 -3.5630386e-02
 -3.7664708e-01
  4.4423249e-01
  8.5573316e-01
  3.9068940e-01
 -1.3022661e-01
  1.4712948e-01
  6.3328892e-01
 -1.1241621e+00
  1.1517153e+00
  9.4001734e-01
 -1.0495366e+00
  3.9091423e-01
  8.4921581e-01
 -2.9360694e-01
  2.2692792e-01
 -2.4309660e-01
  9.5254761e-01
  8.7604475e-01
  7.4853170e-01
  2.4866347e+00
  5.2995336e-01
  6.6541940e-01
 -6.7426376e-02
 -2.5334737e-01
  6.4108729e-01
  3.9908898e-01
  1.0368639e+00
  4.4510208e-02
  6.7978159e-02
 -3.2756731e-01
 -4.2530176e-01
  1.5329108e+00
 -2.3473689e-01
 -3.0363527e-01
 -7.7166125e-02
  1.6553870e-01
  3.8106367e-02
  1.9734548e-01
  3.7480947e-01
 -2.0648497e-01
 -4.3341225e-01
 -9.1582038e-02
 -4.0178198e-01
  4.7174087e-01
  2.4964839e-01
 -4.3047318e-01
  5.6095248e-01
  4.1451162e-01
 -2.3097244e-01
 -3.6386102e-01
 -2.2222726e-01
 -6.4108980e-01
  3.1583056e-01
  3.5804191e-01
 -1.1912003e+00
  1.4146007e+00
 -9.4581461e-01
 -4.2244184e-01
  6.9000763e-01
 -3.8204163e-01
 -4.6148375e-01
 -6.7681956e-01
  5.6123203e-01
  6.2066860e+00
  6.8463641e-01
 -7.7416494e-02
 -7.2825557e-01
 -1.1577741e+00
  1.7456579e-01
  1.6517453e-01
  6.0902257e-02
 -2.4425739e-01
  4.0556970e-01
 -3.7644606e+00
  8.1007540e-01
 -5.0705481e-01
  5.8313262e-01
 -9.3657976e-01
  2.7114832e-01
 -2.3142344e-01
 -3.8264949e+00
  1.4328706e+00
 -2.3700509e+00
 -1.3402826e-01
  1.8204802e-01
 -2.4621256e-02
  3.1441641e-01
 -1.1585954e+00
  6.7668223e-01
  1.3136073e+00
 -2.5986251e-01
  1.7959058e-01
 -9.9669307e-01
 -3.5872591e-01
 -7.9469240e-01
  1.9773288e-01
 -1.7811580e-01
 -1.1738960e-01
  1.0201817e-01
 -8.1351781e-01
  1.0510011e+00
 -2.1810362e-01
 -4.6397427e-01
 -4.5897186e-02
 -3.2518482e-01
 -1.2161426e-01
 -2.3658353e-01
 -3.1238672e-01
 -1.7589325e-01
 -2.3066543e-02
  9.4101620e-01
 -1.0799940e+00
  8.8541621e-01
  1.9585386e-01
 -4.8456264e-01
 -2.4627629e-01
  1.8357168e+00
  3.1715229e-01
  1.6369026e-02
  3.3465087e-01
 -6.0842508e-01
  4.9698156e-01
  1.8498324e+00
  7.6111770e-01
 -4.3759090e-01
 -1.4668490e+00
  6.5695852e-01
 -2.3090763e-02
 -1.6271783e-01
 -1.9448172e-02
  8.1245118e-01
 -3.7674155e-02
 -3.5976276e-01
 -1.8322990e+00
  4.6883690e-01
 -8.4119761e-01
  1.1473380e+00
  1.0741893e-02
 -2.3815037e-01
 -6.0187146e-02
 -1.3769098e-02
  1.2262443e+00
  7.5417054e-01
  6.1864042e-01
  2.5695470e-01
 -5.3262901e-02
  6.7508143e-01
  5.7636913e-02
 -2.1202205e-01
  4.5897704e-01
 -1.3763756e-01
 -1.3135968e-01
  1.7097527e-01
  1.0466379e+00
 -3.1917959e-01
 -9.5399195e-01
 -3.7208131e-01
 -2.5905243e-01
  1.0259138e+00
  3.5240509e-02
  1.4964571e+00
 -6.2074375e-01
  3.6996806e-01
  7.9638410e-01
 -2.3865320e-01
 -4.1963032e-01
 -1.9776133e-01
 -4.0959045e-01
  1.2303068e-02
 -1.0917290e+00
  1.5618104e-01
  8.5513300e-01
 -1.1961523e-02
  8.5778123e-01
 -2.8324035e-01
 -3.0355895e-01
  3.3932027e-01
  3.5941714e-01
  1.0109909e+00
 -4.1728336e-01
 -2.5347596e-01
 -2.9683034e+00
  1.2827580e+00
 -1.8987883e+00
  2.8208825e-01
  9.0837246e-01
  4.9947375e-01
  1.0802164e+00
  3.5697410e-01
  4.1204423e-01
  1.7088081e+00
 -1.4104630e-01
 -9.3469799e-02
  6.6476953e-01
 -2.7222011e+00
 -3.5650486e-01
 -4.7915235e-01
 -2.6935128e-02
  3.2498625e-01
 -1.5999328e-01
  5.0465536e-01
 -5.2762818e-01
 -2.8887331e-01
  6.5515976e+00
 -6.7545468e-01
 -5.5337685e-01
  7.6356572e-01
 -3.7400237e-01
  2.8779110e-01
  2.8903538e-01
  8.5806239e-01
 -7.8996104e-01
 -8.8051713e-01
 -6.4338126e+00
 -9.3896741e-01
  3.6611247e-01
  1.0921388e+00
 -4.4641548e-01
 -1.5058181e+00
 -8.7570727e-02
 -1.2509382e-01
 -8.4685594e-01
  5.5094611e-02
  1.5099543e+00
  1.9036753e-01
 -3.6932566e+00
 -1.0345250e+00
  5.3881240e-01
  1.7206210e-01
  6.5981841e-01
  1.2061098e-01
 -2.1921632e+00
  4.6628216e-01
 -4.1882020e-01
  2.3907464e+00
 -3.3545882e-01
  3.5047328e-01
 -5.9921402e-01
 -1.6161770e-02
 -4.8147157e-01
 -4.4867492e-01
 -1.7797986e-01
 -3.6517814e-01
  8.7580860e-01
 -5.1955462e-01
  4.8645490e-01
  9.6689034e-01
  4.5202965e-01
 -4.3099165e-01
 -9.9072778e-01
  1.1082280e+00
  5.5037156e-02
  1.4673817e+00
 -2.2960512e-01
  4.3598160e-01
  6.3720721e-01
  4.0111831e-01
  1.5231501e+00
 -3.7826347e-01
 -3.6132908e-01
 -2.7338457e-01
 -2.2376661e-01
  5.2272338e-01
  5.1637268e-01
  5.3862923e-01
 -7.6212448e-01
 -6.3935958e-02
  7.2168303e-01
  1.6037369e-01
  1.3090954e+00
  1.5023513e+00
 -2.3152721e+00
 -1.3770536e-04
 -9.6521497e-01
 -1.9321047e-02
 -3.4397179e-01
 -2.5963199e-01
  2.9649651e+00
 -2.2678092e-02
  4.4023606e-01
 -4.8607981e-01
  6.1058849e-01
 -8.2159948e-01
  3.7827507e-02
 -4.2423549e-01
  5.6361413e-01
  1.4209634e+00
  1.8816356e-01
 -2.9531777e-01
 -1.1877984e+00
  1.0243790e+00
 -2.4507280e-01
 -4.5643830e-01
 -3.4960717e-01
 -2.1416770e-01
  6.2878996e-02
  8.8319057e-01
 -1.0281529e-01
  5.0974202e-01
  1.0889758e+00
  1.2373877e+00
 -4.2270717e-01
  7.3591924e-01
  6.2653756e-01
  3.3185762e-01
 -1.0345607e-01
  7.8486580e-01
 -4.7425252e-01
  2.3361810e-01
  7.5755435e-01
 -2.7664348e-01
 -2.1311226e+00
  8.2725632e-01
  6.1173129e-01
 -1.8415929e-01
  8.5579187e-01
  7.2679770e-01
  3.0670440e+00
  2.8076172e-01
  1.2842187e+00
  2.9504449e+00
  7.1617544e-02
  4.8790073e-01
  8.9543864e-02
 -3.8905382e-01
 -5.9851491e-01
 -9.6550122e-02
 -3.1743771e-01
  4.3729833e-01
  1.9228821e-01
 -1.2363116e+00
  7.7774540e-02
  8.8397360e-01
  9.5758587e-04
 -1.9601463e-01
 -5.7075020e-02
 -5.1833248e-01
  2.9735146e-02
  7.3583595e-02
  5.0608406e+00
 -5.3761703e-01
  5.1584303e-01
 -7.1442814e+00
  4.9042687e-01
  3.5799930e+00
 -1.4126263e+00
 -7.2446265e-03
  3.6352482e-02
 -2.3428111e+00
  1.0123719e+00
 -1.0382886e+00
 -6.8401349e-01
 -2.5570378e+00
 -9.2137486e-01
  1.0735861e+00
  7.7664062e-02
 -4.0878963e-02
 -4.5383161e-01
 -1.5985100e-01
 -1.7333432e-01
 -3.3539239e-01
 -1.1991554e+00
  2.7807927e+00
 -2.6886102e-02
 -2.7696958e-02
 -3.3384928e-01
 -4.4349262e-01
 -1.0227373e+00
 -4.6390676e-01
 -2.1427441e-01
  4.0516227e-01
 -1.5686031e-01
 -8.3556789e-01
 -7.6455230e-01
 -2.0585222e+00
  2.6868469e-01
  9.1737643e-02
 -5.1972359e-01
  1.0407678e+00
 -2.9341668e-01
 -1.1308068e+00
  1.4110264e-01
  1.1267985e+00
 -1.6343486e+00
 -1.4406350e-01
  1.4482114e+00
 -5.5933368e-01
 -8.4441483e-02
 -2.8052610e-01
 -1.2373897e+00
  1.4566767e+00
 -5.1441562e-01
  1.2181810e+00
 -1.1396338e+00
  2.5765281e+00
  3.6302290e+00
 -2.3792642e-01
 -2.0830457e+00
  4.6166047e-02
  5.7104045e-01
 -4.6979591e-01
  1.7216598e+00
  3.7646300e-01
  4.2846555e-01
  1.6451951e+00
 -2.5131539e-01
 -1.0883915e+00
  1.6206624e-01
 -5.1243913e-01
 -3.2153171e-01
  2.1344743e+00
  1.5910433e-01
 -2.7680795e+00
 -2.3992364e+00
 -3.1709187e+00
  1.5777760e+00
 -8.6131406e-01
 -1.2513633e-01
  1.5685890e+00
 -1.1673450e-01
  6.5429211e-01
  2.2379984e-01
 -2.9882793e+00
 -1.9601572e+00
  4.2488164e-01
 -1.8403505e+00
  7.5155985e-01
  9.5258868e-01
 -6.1674470e-01
 -1.8242989e-01
 -3.3602762e+00
 -4.7586847e-02
 -1.0556090e+00
  4.4394825e-02
  2.7946892e+00
  8.2155621e-01
  1.0020628e+00
  7.1849763e-01
 -3.1054667e-01
  1.5761795e+00
 -4.5964900e-01
  1.6576580e+00
  5.4684329e-01
  1.6612372e-01
  9.9702410e-02
  1.7352533e+00
 -1.9439049e-02
 -1.5592901e-01
 -5.5156600e-01
 -1.3360642e-01
  2.2062111e+00
 -5.5434543e-01
  5.0572664e-01
  7.0447385e-01
 -9.6228051e-01
  2.1400230e-01
 -2.9865581e-01
  1.3386509e+00
 -7.6432467e-01
  1.5325239e+00
 -6.0168463e-01
 -1.7985138e-01
 -1.5374019e+00
  9.4147551e-01
 -3.2246482e-01
 -6.0007328e-01
  2.4865062e+00
 -1.0086192e+00
 -1.2938067e-01
  2.9769695e-01
 -5.6380248e-01
  3.5489705e+00
  1.9774112e-01
  1.5280697e-01
  6.4727175e-01
 -3.4317893e-01
 -1.4319047e-01
  6.7948468e-02
  1.7716108e-02
 -3.9178178e-01
  3.6743018e-01
  2.4898565e-01
  1.7743698e+00
  4.7006145e-01
  1.5204641e+00
  1.3201783e+00
 -5.3140469e-02
  2.0064767e-01
  6.0524099e-02
 -5.2687395e-01
 -1.7330688e-01
  4.7411537e-01
 -5.1549065e-01
 -7.1147144e-02
  1.3009298e+00
 -2.0968212e-01
  6.3778393e-02
 -7.2777861e-01
 -4.7983071e-01
  3.7721744e+00
 -5.6678218e-01
  5.6341863e-01
 -1.2991955e+00
  5.9347481e-01
 -3.1524410e+00
 -3.1022620e-01
  3.2941133e-01
 -3.4143257e-01
 -2.8554311e-01
 -4.3869683e-01
  6.6434699e-01
 -2.6856512e-01
  1.9026681e+00
  5.4709983e-01
  7.0938599e-01
 -2.5897479e-01
 -1.2368187e+00
 -1.6414152e-01
  8.1435955e-01
  1.6321461e+00
  1.7206050e+00
  1.1030214e-01
 -2.9235518e-01
  1.5549780e+00
 -1.8337168e-02
  5.2213198e-01
  1.3222165e+00
  1.9923332e+00
  3.0842045e-01
  8.1564468e-01
 -7.2150134e-02
 -6.9593763e-01
  8.1341028e-01
  1.8071302e+00
  3.1433159e-01
 -1.2011033e-01
  7.3655349e-01
  7.5237177e-02
  5.0955623e-01
  3.2437347e-02
  6.1084241e-01
 -2.4786939e-01
 -6.7060429e-01
  1.6212322e+00
  3.0997074e-01
  2.8843721e-02
  6.1217088e-01
 -2.3684721e+00
 -1.8305157e-01
 -4.8713732e+00
  1.5790857e+00
  3.5691354e-02
 -2.1724252e-01
 -1.8994062e-01
 -2.3257918e+00
  1.7206614e-01
 -4.0841332e-01
  8.0654955e-01
  2.9643259e+00
 -2.5240010e-01
  2.1914946e-01
  2.9753438e-01
 -1.2715148e+00
  5.5712235e-01
 -9.1005141e-01
  7.9681605e-02
  1.7064767e-01
  1.0227675e+00
  9.6551985e-01
  1.2737831e+00
 -1.1811469e+00
 -1.6598814e+00
 -9.3231648e-01
 -8.5926032e-01
 -5.2451271e-01
 -3.0096981e-01
  2.6113816e-02
  1.3215052e-01
 -2.7034788e+00
 -8.5962462e-01
 -1.1247576e-01
  1.4618485e-01
  3.9555356e-01
 -8.7626100e-01
  5.2241153e-01
  1.4302255e-01
  5.8606023e-01
  2.5507292e-01
 -8.1760740e-01
  9.6381462e-01
  1.2236786e+00
 -3.7017469e+00
 -1.4636840e-01
 -1.6511092e-01
 -3.2953948e-01
 -7.1423179e-01
 -3.4514439e-01
  5.2565736e-01
  1.2155069e+00
 -1.5465607e-01
 -2.7471036e-02
  6.1151717e-02
 -1.1760514e+00
  7.5330734e-01
  3.4005669e-01
 -6.2528664e-01
 -1.0259775e+00
  8.1854844e-01
 -9.5279910e-02
 -1.7799096e-01
  4.5205489e-01
 -3.0147836e-01
 -9.4676025e-02
 -6.1147600e-02
  4.2821753e-01
  1.0079926e+00
  2.0755391e-01
 -3.7518311e+00
  1.3357929e-02
  3.4586128e-02
 -4.6078041e-01
 -6.7956764e-01
  5.1716638e-01
  2.5665641e-01
 -3.9957118e-01
 -2.8877902e-01
 -3.6931768e-01
 -7.5656164e-01
  3.8310584e-01
 -4.9399991e+00
 -1.9373424e+00
  1.8797983e-01
  6.2464440e-01
 -9.0112162e-01
  2.2132160e-01
  3.1170073e-01
 -3.7909830e-01
  2.8503400e-01
 -8.1587128e-02
  5.9405267e-01
  7.9666460e-01
  4.1558573e-01
 -3.8174814e-01
 -9.1932476e-02
  1.2782317e-01
 -1.1578346e+00
  4.2169142e-01
 -4.8163447e-01
  1.0848910e-01
 -1.5857917e+00
  3.0791061e+00
  6.9864738e-01
 -3.6274907e-01
  4.5131510e-01
  2.2210141e-01
 -3.9028665e-01
 -6.2073555e-02
 -1.3461438e-01
  5.8903146e-01
 -5.9582829e-01
  6.8618125e-01
  5.0225937e-01
  9.9090308e-02
 -1.6128457e-01
 -2.6881775e-01
  4.2185530e-02
  2.9613298e-01
  9.3458986e-01
  5.1120400e-01
  7.2946048e-01
 -3.9708960e-01
  1.2787074e+00
 -8.8114572e-01
  5.4731435e-01
 -8.1399673e-01
  1.3979720e+00
 -1.8943286e-01
 -2.5684178e-01
 -2.1978186e-01
  5.6951497e-02
 -1.1668970e-01
 -1.3035253e+00
 -3.3686966e-02
 -9.1783151e-02
 -5.2835542e-01
  1.6554290e+00
  2.1311410e-01
 -4.7365132e-01
 -1.1818199e+00
 -3.3458117e-01
  4.3900001e-01
 -1.2588240e+00
  4.8373148e-02
 -4.0770316e+00
  1.9332752e-01
 -1.3154404e+00
  1.4072284e-01
  6.7778856e-01
 -7.1642357e-01
 -9.6976858e-01
 -5.2619014e+00
  1.5138789e+00
 -4.3708711e+00
  2.1089325e+00
 -1.0427626e-01
  4.5277327e-01
 -1.1086712e+00
  4.0709704e-01
  3.6897550e+00
 -7.3912972e-01
  2.5371593e-01
  1.8983136e+00
  2.7175553e+00
 -1.3437746e+00
 -5.2641548e-02
 -6.8699884e+00
 -6.7500627e-01
 -2.5266697e+00
  2.3767257e+00
  8.0069825e-02
  1.2846930e+00
  1.5299091e-01
 -1.4802328e+00
  6.4520007e-01
 -2.8581483e+00
 -3.3774146e-01
 -5.7485253e-02
 -1.9138396e-01
 -8.5232839e-02
 -2.1979609e+00
 -3.5097711e+00
  3.1237307e+00
 -1.9972777e+00
  8.8031018e-01
 -2.0434308e-01
  2.5489673e-01
  6.8819869e-01
 -9.2404544e-02
 -1.5089016e-01
  4.5349619e-01
  3.5786590e-01
 -2.0208272e-01
 -2.2589874e-01
  1.0730395e+00
  6.7967826e-01
 -1.7702946e-01
  8.1207258e-01
  4.3310484e-01
  1.2030563e-01
 -3.7288317e-01
  1.4810039e-01
  6.3302904e-01
  3.4254575e-01
 -4.5646471e-01
  1.4966961e-02
 -5.6549340e-01
 -1.7951024e-01
  1.3859656e+00
  5.4572386e-01
 -1.8761513e-01
 -1.6968230e+00
  6.5347052e-01
 -3.1186703e-01
 -1.1383052e-01
 -1.2805191e-01
  4.0184760e-01
  1.4422566e-01
 -1.7695215e-02
 -1.5504798e-01
  4.3788338e-01
 -1.9060077e-01
 -1.7737700e-01
  9.8689124e-03
  1.3102981e-01
  5.3544337e-01
  1.6213727e-01
 -4.9126306e-01
  4.7302645e-02
 -7.4417144e-02
 -1.1339362e+00
 -1.9253719e-01
 -2.9040948e-01
  5.7173472e-02
  2.9544920e-01
  1.6357854e-01
  7.2624967e-02
 -2.4791308e-02
  1.3867742e-01
  1.6327417e+00
 -2.1656103e-02
  4.0136018e+00
 -1.3392174e-01
 -9.8267323e-01
 -3.6897361e-03
  4.2975378e-01
  1.7743173e+00
  1.8270303e-01
 -1.8749027e+00
 -5.0659621e-01
 -4.7931537e-02
 -2.9364330e-01
 -1.6653764e-01
 -3.1728444e-01
  7.9116657e-02
  3.8353813e-01
  6.5082955e-01
 -5.4314226e-02
 -8.7224436e-01
 -3.1594253e-01
 -4.0407878e-01
 -1.2318732e-01
  1.5706031e-02
  1.2641580e-01
  8.6259705e-01
 -4.4489279e-01
  1.6973004e+00
 -1.8544679e+00
  2.1148868e-01
  1.7474678e+00
 -5.5140179e-01
  1.2414249e+00
 -6.9129932e-01
  4.4866547e-01
 -3.0822474e-01
  1.1244053e-01
 -1.7362963e-02
 -4.3467420e-01
 -3.8835667e-02
  1.0246193e+00
  3.6811122e-01
 -1.4981955e-01
  1.2295966e-01
 -1.3806373e-01
  6.3643229e-01
  3.5679331e-01
  4.4964537e-01
  5.5657935e-01
 -1.5053220e-01
  5.3707045e-01
 -4.4407597e-01
 -6.1218339e-01
 -8.9849643e-02
  8.2534581e-02
 -1.4501636e-01
 -1.3103175e+00
  7.8665808e-02
 -3.8049462e-01
  1.0438098e-01
  1.6718995e-02
 -2.1187650e-02
 -3.8410765e-01
 -1.6219082e+00
  1.2742757e+00
 -1.8441185e-01
 -3.0366099e-01
 -2.5587510e-02
 -1.0068380e+00
 -8.8861004e-02
 -6.6652328e-01
 -9.0896863e-01
  3.6347497e-01
 -3.9796275e-01
  7.0865369e+00
 -9.1352856e-01
  4.9291736e-01
  3.0390638e-01
  1.8354020e-01
  8.9742488e-01
 -4.1616628e-01
 -5.0627363e-01
 -2.2995040e+00
  9.1057044e-01
  1.0482073e-03
  9.4389665e-01
  2.0010509e+00
  2.3872222e-01
  2.3913153e-02
 -1.3417626e-02
  3.1030285e-01
 -1.6311353e-01
 -1.0078189e+00
  5.8376807e-01
  2.5380415e-01
 -8.4378952e-01
 -1.8290901e+00
  1.7176729e+00
  6.0853684e-01
  2.7353942e-01
  1.4031479e+00
  1.1831532e-01
 -7.2528386e-01
  4.5116431e-01
  1.5931278e-03
  5.3815436e-01
  3.3140922e-01
  1.2691180e-01
  2.8100136e-01
  1.2429422e+00
 -1.0612816e+00
 -2.8669978e-02
  4.9487165e-01
  4.9218428e-01
 -7.9832363e-01
 -3.8087103e-01
 -1.5559725e+00
 -9.5679110e-01
  1.8080305e+00
  2.1058130e+00
  3.0788130e-01
  9.0445465e-01
 -4.5437631e-01
  1.3166834e+00
 -1.2196313e+00
  4.1271579e-01
  1.2000670e+00
  3.2846372e+00
  1.8210855e+00
 -2.8378722e-01
 -9.4629824e-01
 -5.4950148e-01
 -4.6029134e+00
 -1.4365938e+00
  1.7363067e+00
 -3.3742681e-01
 -1.1029630e+00
  1.0768856e+00
 -4.6207935e-02
 -3.3335596e-01
 -4.2994752e+00
  1.1359701e+00
 -3.4671476e-01
 -2.6487429e+00
  1.4646633e+00
  1.4185812e+00
  1.6112399e-01
 -1.0729164e-01
 -1.1339236e-01
  4.3452504e-01
  1.0275799e+00
  2.3077350e+00
  2.2755143e-01
  4.7414690e-02
  6.2286413e-01
 -8.6696970e-01
 -1.3562324e+00
  2.5970411e-01
 -8.5183370e-01
 -1.9049232e-01
  4.3160975e-01
  5.9092605e-01
 -3.1130588e-01
  4.9252224e-01
 -2.0549600e+00
 -1.0131589e+00
 -1.1590396e-01
 -5.9312963e-01
 -1.0168678e-01
 -1.3789378e-01
 -2.9369506e-01
 -1.5551892e-01
  6.0553533e-01
  6.2568283e-01
  1.2851211e-01
 -6.1048442e-01
  2.3040187e-02
  6.5199475e+00
  6.2892330e-01
 -4.9412391e-01
 -9.1767535e-02
  5.5360150e-01
 -1.8856418e-01
  6.1431432e-01
 -7.2178411e-01
  3.3871821e-01
  7.8037322e-02
  4.0157312e-01
  5.0771821e-01
 -5.8822203e-01
 -1.7866534e-01
 -1.1195139e+00
  6.1580330e-01
  1.4560398e+00
 -9.5557339e-02
  2.4135417e-01
 -3.4553742e-01
 -8.4746605e-01
  1.5621886e-02
  7.8496367e-02
 -1.4489700e-01
 -2.0571004e-01
  2.9917169e-01
 -2.8938389e-01
  6.5946013e-01
  2.4137782e-01
 -4.8105965e+00
  7.2945076e-01
  5.4989696e-01
  9.6130884e-01
  4.9420583e-01
 -7.3411994e-02
  1.9580378e-01
 -1.4878547e-01
 -3.7818065e-01
 -4.9682173e-01
 -3.7146211e-03
 -2.1379969e-01
  4.4036332e-01
 -6.9053933e-02
 -6.6121802e-02
 -5.1342839e-01
  8.0891758e-01
  6.1901879e-02
 -1.0829744e+00
 -4.2528668e-01
  3.0647135e-01
 -2.7969289e-01
  1.1999521e+00
 -6.2278815e-02
  4.6511248e-01
 -7.4423052e-02
  6.7459351e-01
  3.2307437e-01
 -7.0798504e-01
 -8.2400519e-01
 -3.8879120e-01
 -8.3218187e-01
 -3.2337132e-01
  9.5350752e-03
 -1.2961686e-01
 -1.5055302e-01
  5.2081829e-01
  2.9937837e-01
 -2.4090929e-01
  4.7172555e-01
 -1.3021564e-01
 -4.5294371e-01
 -3.9563656e-01
  5.4088569e-01
  1.8057010e-01
 -3.5466447e-01
  6.8487948e-01
 -8.7705757e-03
 -7.5997347e-01
  6.7745125e-01
  1.1953974e-01
 -3.4471813e-01
  4.0066844e-01
 -2.7117562e-01
 -2.3563582e-01
  1.3910536e-01
 -1.7130801e-02
 -2.3443736e-03
  2.5231287e-02
 -6.3714385e-01
  4.8615438e-01
  1.0222420e-01
 -5.4724246e-01
  1.1779438e-01
 -3.1325397e-01
 -2.9766175e-01
 -2.4129894e+00
  1.0649130e+00
  1.0966156e-02
  6.2674053e-02
  7.8231150e-01
  2.4314566e-01
 -3.8087782e-01
 -3.3969706e-01
  4.0187046e-01
  2.6541230e-01
  4.0347624e-01
  4.1829363e-01
  9.5881306e-02
  1.4867504e+00
  4.1779009e-01
  3.9769316e-01
 -2.6916966e-01
 -6.2843877e-01
  3.1935889e-01
 -3.4478101e-01
  6.2537408e-01
 -8.3252406e-01
  2.3506532e+00
 -8.8895224e-02
 -3.1695312e-01
 -1.7869768e-01
 -1.8409172e+00
 -2.6679474e-01
 -6.1431265e-01
 -7.4977386e-01
  1.6539633e-01
 -9.1380942e-01
 -1.6343741e+00
  6.8456870e-01
  1.4490331e+00
  6.9105780e-01
  1.3295713e-01
  1.4117848e+00
 -2.2322506e-01
 -1.6279910e+00
 -4.1148609e-01
  2.0671206e+00
 -1.4210286e+00
 -8.2374322e-01
 -1.8395199e-01
  1.8923333e-01
 -2.3892826e-01
 -2.3626918e-01
 -3.7081549e-01
  9.5649701e-01
 -4.5790786e-01
  7.6888382e-01
  3.9647803e-01
  2.2949772e+00
 -2.9029083e-01
 -7.7673036e-01
  3.8943283e-02
  2.4559365e-01
 -9.8097628e-01
 -5.1370281e-01
 -9.4608352e-02
  5.6305802e-01
  1.0713898e+00
 -8.5700512e-01
 -7.0545638e-01
 -1.3627748e-01
 -1.0111251e+00
 -1.2705193e+00
 -1.2381402e-01
  4.2525657e-02
 -7.6770127e-01
  3.4427711e-01
 -3.9928681e-01
  1.1943491e-02
  1.6684105e-01
  4.8031592e-01
 -9.6211508e-03
  1.4324635e+00
 -7.9810143e-02
  1.9503619e-01
 -1.2815446e-02
 -8.2016267e-02
 -2.3747347e-01
  3.6548233e-01
  9.7339606e-01
 -2.6714912e-01
 -3.6069912e-01
  3.6162800e-01
  9.7129208e-01
  2.2888300e-01
 -1.3842847e+00
  6.1918952e-02
 -3.3792146e-02
  7.1076059e-01
  1.0499294e-01
  7.3890752e-01
 -8.6313796e-01
 -1.4454316e+00
 -8.4264171e-01
 -4.0564474e-01
 -3.2108463e-03
  4.5606265e+00
 -2.1483922e-01
  5.5356944e-01
  1.7534802e+00
  6.3420981e-01
 -2.4038453e+00
  5.5594003e-01
 -5.8350992e-01
  5.3203756e-01
 -1.7250247e-01
 -1.6825157e-01
  7.5457954e-01
  1.3654479e+00
 -1.2346239e+00
 -4.8222148e-01
 -1.7204715e-01
 -6.4132947e-01
 -3.3233050e-01
 -5.0967550e-01
 -5.2807339e-02
  2.3138394e+00
  2.3776178e-01
 -2.2036314e-01
  4.1403121e-01
  3.7081730e-01
 -3.6272523e-01
  8.8711226e-01
  4.0543461e-01
  8.7759447e-01
 -7.4685031e-01
  5.6758279e-01
 -7.1368563e-01
 -2.7336165e-02
 -1.3997561e-01
 -4.8796111e-01
 -1.1405703e+00
  3.4555191e-01
 -1.2905821e+00
  2.5906655e-01
 -2.4022211e-01
  6.4879560e-01
 -1.9575979e-01
  2.3701948e-01
 -3.1645243e+00
  2.3293290e-02
  2.8366050e-01
 -2.2879939e-01
  9.9356824e-01
 -7.4679559e-01
  6.9845694e-01
  4.2639059e-01
  8.5538930e-01
 -2.3278268e-01
  1.3655107e-01
  2.6007883e-02
  1.3360368e-01
 -1.2731198e+00
 -3.6980778e-01
 -2.0262395e-01
  5.9472275e-01
 -6.5924096e-01
  8.0670911e-01
  1.4806331e+00
 -6.2848175e-01
 -3.2954255e-01
  1.1882421e-01
 -1.9237882e-01
 -5.7644641e-01
  1.0463427e+00
 -5.9390706e-01
  1.0256804e+00
 -2.9585668e-01
  3.6263335e-01
  2.4252270e-01
 -4.0834802e-01
 -2.0461783e-02
  6.7409448e-02
  2.5700203e-01
  8.6302537e-01
  9.2831212e-01
  4.5712546e-01
  5.1789689e-01
  5.5798978e-01
 -7.6219338e-01
 -3.8191813e-01
  1.5151682e-01
 -1.4011436e+00
  6.5993601e-01
 -1.4364321e-02
  4.6698695e-01
  1.2530246e+00
  1.2077459e+00
  3.7564230e-01
 -1.0385236e-01
  3.4376466e-01
 -2.4923928e+00
  1.2763228e+00
 -4.5469555e-01
  4.8394305e-01
 -1.5223783e-02
 -5.2044660e-01
 -1.9493101e+00
 -1.3521856e-01
 -1.8476564e+00
 -1.2489711e-01
 -2.6276648e-01
 -7.4504787e-01
  4.3604726e-01
  2.6036885e-01
  5.8425385e-01
 -4.3992910e-01
 -5.2259880e-01
  3.5271258e+00
  7.8839004e-01
 -8.5103142e-01
  3.5070607e-01
  1.4856507e+00
 -2.1230863e-01
  2.3477823e-01
 -8.4732968e-01
 -2.2470059e+00
 -8.3594471e-01
 -1.9431274e+00
  1.4327506e+00
 -7.3714650e-01
 -1.2289733e+00
  1.7311370e-01
 -2.8360394e-01
  6.6882342e-01
 -4.6850845e-01
  1.2498236e-01
 -1.9446175e-01
  2.8731951e-01
 -1.9037281e-01
  3.2950261e-01
 -8.0256116e-01
 -7.2913492e-01
  1.0674794e+00
  8.1521016e-01
 -9.2166491e-02
  4.3166913e-02
  7.3388326e-01
  2.1739963e-01
 -2.5383008e-01
  1.0978075e+00
 -4.1930860e-01
  4.2046463e-01
  1.0589360e-01
  2.4545929e-01
  5.2596217e-01
  5.2909881e-01
  6.4892596e-01
  4.7203910e-01
  2.5205556e-01
 -7.3858249e-01
 -3.5232350e-01
 -3.5073811e-01
  8.7728339e-01
  5.7993335e-01
  4.8906505e-02
 -1.8867276e+00
  5.5068552e-01
 -7.2162652e-01
  1.8093897e-01
  3.3174205e-01
 -2.8496760e-01
  6.1821026e-01
  2.5960535e-01
 -6.2863368e-01
 -1.5654807e-01
 -1.6463929e-01
 -1.2690563e+00
 -1.7455527e-01
  2.1688561e-01
 -4.9365610e-02
 -1.8383576e-02
 -7.3397988e-01
 -3.3457100e-01
  5.4460216e-02
  1.1438794e+00
 -2.4931124e-01
 -1.7985685e-01
 -3.3400581e+00
 -9.4810820e-01
  1.2684290e+00
  7.9718865e-03
  1.4188447e+00
  1.1589876e+00
 -3.1333714e+00
  6.8359917e-01
  1.7684716e+00
  1.8850816e+00
 -6.3467413e-01
  4.1962308e-01
  1.6110866e-01
 -1.4054880e-01
 -3.3986273e-01
  9.9880385e-01
  1.2324331e+00
  3.7581304e-01
 -1.9236428e+00
  6.7114812e-01
  1.0757494e+00
  3.7074648e-02
  1.6352500e+00
 -1.3915828e-01
 -9.9977398e-01
 -1.4323444e+00
 -1.9859385e+00
 -4.4601440e-01
  1.0712050e+00
  6.1959267e-01
  6.5735114e-01
 -6.4145941e-01
 -4.7692734e-01
 -2.8837237e+00
 -1.7412750e+00
 -1.5486929e-01
  1.7620066e+00
  4.2120859e-02
  1.8701541e-01
 -2.2513914e-01
  4.2719001e-01
  2.9013595e-01
 -6.2624264e-01
  5.1721603e-01
  1.1296940e-01
 -4.9832296e-01
 -3.1758362e-01
 -9.2072845e-01
  9.1514379e-02
 -1.1855245e+00
  5.3892934e-01
 -2.2281437e+00
  4.8563218e+00
 -1.3891279e+00
  1.1064485e+00
  2.1386801e-01
 -1.6289805e+00
  1.3893365e-02
 -1.0145282e+00
 -1.9062088e-01
  5.1655358e-01
 -1.3490484e+00
  2.9466814e-01
 -2.2531432e-01
 -9.2331894e-02
 -1.9924753e+00
 -6.8129733e-02
  5.4737711e-01
 -3.7533620e-01
 -4.8856407e-02
 -4.3578610e-01
  7.2952718e-01
  4.7052589e-01
 -2.3765105e-01
  8.5665964e-02
 -1.3380339e+00
 -2.4288125e+00
  4.1014490e+00
  8.0358714e-01
  8.0870911e-02
 -1.4779954e+00
  9.4579399e-02
 -2.0033164e-01
  1.6791473e-01
 -2.3569189e-01
 -4.8680729e-01
  6.8462378e-01
 -1.8964490e-01
 -1.5477005e-01
  3.1930202e-01
  1.1116722e+00
 -5.1360136e-01
  1.3953525e+00
 -4.2140669e-01
 -4.7219519e-02
 -1.1009752e+00
 -3.8174096e-01
 -3.8773599e-01
 -6.0751170e-01
  3.5999286e-01
  2.0567310e+00
  5.0912803e-01
  4.8725599e-01
 -9.9442440e-01
 -6.5345931e-01
  2.2383350e-01
  9.7966379e-01
  3.2541107e-02
 -7.6528513e-01
 -4.5470989e-01
 -3.5743177e-01
 -2.4404030e+00
 -8.7952596e-01
  2.8410748e-01
 -2.8248164e-01
 -6.1608315e-01
  4.8255041e-01
  8.8547878e-02
  3.2986563e-01
 -1.3883246e-01
 -1.2717755e-01
  7.6797622e-01
 -9.4192177e-01
 -4.2685351e-01
 -4.0397027e-01
  6.5428013e-01
 -3.2020363e-01
 -2.1106601e-01
  1.9760577e-01
  8.5709679e-01
  6.8145639e-01
  4.1755915e-01
  1.3280065e+00
  5.7582134e-01
 -4.4011337e-01
 -8.5780811e-01
 -2.0834735e-01
  2.0713148e+00
 -3.6317614e-01
 -8.8949716e-01
 -5.5854696e-01
 -9.3442953e-01
  7.3492420e-01
  4.5560323e-02
 -2.2880354e+00
  1.5020549e-01
  2.5910810e-01
  2.3982488e-01
  3.3706826e-01
 -2.3630157e-01
  1.0598645e+00
  5.1044118e-01
  1.2106601e-02
  6.2409008e-01
  2.9130128e-01
  8.4320003e-01
 -1.8551266e-01
  4.8448946e-02
  8.6570138e-01
 -5.0788347e-02
  1.1691066e-02
 -3.0631441e-01
  9.5133245e-02
 -4.6477056e-01
 -8.1505984e-02
 -7.7342808e-01
  1.1818681e+00
  1.8541764e-01
  4.8617661e-02
 -1.0416691e+00
  6.3684061e-02
 -4.3654114e-02
  7.9255915e-01
 -4.2258853e-01
  9.7362453e-01
  1.1926830e+00
 -4.1087562e-01
  5.5317211e-01
 -1.0505041e+00
  6.0206708e-02
  2.4467182e-01
 -4.0992084e-01
  6.3733387e-01
 -8.7996423e-02
 -9.5001155e-01
  7.2067696e-01
  9.0864468e-01
 -7.3562157e-01
 -8.5923113e-02
  6.7987102e-01
 -9.6444660e-01
 -3.0032110e-01
 -4.8063062e-02
  5.3154242e-01
 -8.6235207e-01
 -5.1103896e-01
 -7.5244290e-01
  8.6826450e-01
 -1.7385757e-01
 -4.2923663e-02
 -6.9533789e-01
  9.2322230e-01
  1.4577625e+00
 -1.1458018e-02
 -7.7390647e-01
  1.5351648e+00
  1.9861341e+00
  2.8024456e-01
  4.1848877e-01
 -3.5031977e-01
 -2.9663771e-01
  1.0090030e+00
 -3.5517758e-01
  4.6614885e-01
 -1.9662669e-01
 -6.4602894e-01
  3.6359107e-01
  3.6155483e-01
 -8.8327974e-01
  1.9746391e+00
 -3.7493381e-01
  7.8492798e-02
  1.7728310e+00
  5.9464264e-01
  4.1748103e-01
 -1.2698437e+00
  2.3972070e-01
  9.7011685e-02
  3.7835491e-01
 -9.4347447e-01
 -7.2409022e-01
  3.3185077e-01
  2.4826643e-01
  8.0022019e-01
 -3.3664620e-01
  4.1615780e-02
 -2.7035575e-02
 -3.4418184e-01
  2.8192636e-01
  8.5412137e-02
  2.7208984e-01
 -1.2963841e+00
 -3.2477140e-01
  2.9524651e-01
  8.1218994e-01
  1.4344931e-01
 -8.9060657e-02
 -3.1886154e-01
 -1.8236926e-01
 -9.8886216e-01
 -2.9864100e-01
 -4.5390096e-01
  1.1882109e-01
 -1.0678083e-02
  6.6279978e-01
 -3.1284016e-01
  1.0358725e+00
 -1.6827534e+00
  1.4574671e-01
 -3.1795585e-01
  4.0304959e-01
 -2.1051886e+00
  1.3276342e-01
  2.2799169e-01
  2.7970070e-01
  6.6558552e-01
  1.9351202e-01
  1.1065881e+00
 -6.4821005e-01
  1.7368757e+00
  5.9199780e-01
 -5.5841136e-01
 -5.1275164e-01
  3.1642851e-01
  9.1056740e-01
  1.1458460e+00
  7.3088300e-01
  3.2248226e-01
  5.1106626e-01
 -1.4010745e-01
 -2.4658558e-01
 -1.0207344e+00
  2.6707911e-01
  1.2236902e+00
  4.7869679e-01
  1.2245922e+00
 -6.2500495e-01
 -1.1580127e+00
  4.5118046e-01
 -1.6657492e+00
  8.6512703e-01
 -5.3933734e-01
 -7.8505903e-02
  1.1346524e+00
  1.4399149e-01
  1.0639299e-01
  5.7529581e-01
  7.8100014e-01
  5.4825491e-01
 -4.2077777e-01
  1.1989824e-01
  3.5687992e-01
 -2.8461535e+00
  5.2263774e-02
 -2.7608442e+00
  5.7127777e-02
 -1.5210098e-01
 -4.9882460e-01
  1.6814889e-01
 -8.0629453e-02
  2.0112853e+00
 -1.3863789e-01
  2.9370451e-01
 -2.9465076e-01
  9.1707386e-02
 -1.1446483e-01
  2.8058908e+00
  1.2245512e-01
  5.9267831e-01
  4.1607574e-01
  1.3107419e-01
 -5.2926433e-01
 -7.3793215e-01
 -1.8640563e+00
  3.3380732e-01
 -2.8846171e-01
 -1.5029908e+00
  4.9454155e+00
 -1.1506557e-01
  3.4550858e-01
 -3.7094742e-02
  3.5303754e-01
 -4.8162088e-01
  6.5792900e-01
  2.5039980e-01
  1.1557792e+00
  3.7148342e-02
 -7.8089988e-01
  5.6675714e-01
  4.7842193e-01
  2.0300744e+00
 -3.9162046e-01
  8.7093905e-02
 -7.9176104e-01
 -1.1469303e-02
 -8.4521693e-01
 -3.1694956e+00
 -7.7968347e-01
  2.7896658e-02
  1.2726229e+00
 -1.2365938e+00
 -6.9103736e-01
 -2.1117280e+00
  2.9358366e-01
 -1.3705237e+00
 -9.9850111e-02
  1.2571169e-01
 -5.9839237e-01
  6.8751559e-02
 -4.8209554e-01
  2.0325889e-01
 -1.0751743e+00
 -1.6212526e-01
 -6.0870562e-02
  1.3203973e-01
 -1.9866237e-01
 -2.0036511e+00
  4.5241410e-01
 -3.0540034e-01
 -2.0943723e+00
 -5.4933900e-01
 -1.0435559e+00
 -1.5596017e+00
  3.4046578e-01
  4.3685299e-01
  4.4665584e-01
  4.4770005e-01
 -2.0794883e-01
 -5.1075435e-01
 -3.7948284e-01
 -5.6463748e-01
 -4.0022722e-01
  6.7480069e-01
  1.6424115e-01
  1.4443938e+00
 -3.6961353e-01
  3.3235952e-01
 -6.8670887e-01
  3.5765073e-01
 -2.9368630e-01
 -1.7525271e-01
  5.3827995e-01
 -7.4166018e-01
  1.4366827e+00
 -5.9728152e-01
 -1.2357259e+00
 -3.2167111e-02
  7.0157629e-01
 -9.4395757e-02
  3.0769280e-01
  6.5014440e-01
 -5.2353781e-01
  8.4560776e-01
 -1.5821406e-01
 -1.0904778e+00
 -4.9001777e-01
  4.1667218e+00
  8.8537842e-01
 -3.3913577e+00
  2.6618547e+00
 -4.2339817e-01
 -5.2576538e-02
  1.8542752e+00
 -1.6410948e+00
  3.8619723e+00
 -2.9656541e+00
  2.2621907e-01
 -5.2161425e-01
 -2.2462480e+00
 -1.5480807e+00
  4.3687983e+00
  1.7067697e+00
  4.8269176e-01
  1.6567472e+00
 -2.9323462e-01
 -1.8087790e+00
 -1.5530418e+00
  1.1371831e-01
  8.6978328e-01
  9.0994138e-01
  2.2788150e+00
  1.6110936e+00
 -1.6526864e-01
 -1.8257030e+00
 -1.3542978e+00
  7.5386852e-01
  8.6953932e-01
 -9.8726094e-01
  2.4617863e-01
 -7.5161886e-01
  1.6530741e+00
  1.2216689e-01
  9.8023522e-01
 -9.9254608e-01
 -6.8385202e-01
  2.2115943e+00
 -1.2316372e-01
  4.0063962e-01
  1.9132301e+00
  5.7334518e-01
 -2.7208716e-02
  3.3049033e+00
  5.4491959e+00
  1.1816930e-02
  1.9058585e+00
  3.3476400e-01
  3.8206244e-01
 -2.9781809e-01
  2.5194842e-01
  2.3506794e+00
  1.2809388e-02
  7.7461302e-01
 -5.7610583e-01
 -1.3871973e+00
  4.4270657e-02
 -1.6274997e+00
  4.6449140e-01
  1.1498923e+00
  6.9169533e-01
  3.7602988e-01
  4.9671087e-01
  8.3777696e-01
  1.0559753e-01
  8.0492653e-02
 -2.0486021e-01
  5.7668942e-01
 -8.5331783e-02
 -2.4683246e-01
  2.9004303e-01
  2.0900856e-01
  4.7083202e-01
 -4.9228221e-02
  2.4347198e-01
  5.8774453e-01
  3.1467441e-02
  6.1450797e-01
 -2.3521276e-01
  4.0064945e+00
 -6.7749965e-01
  5.8002698e-01
 -6.9598746e-01
 -1.2420684e-01
 -4.3067783e-01
  3.0906031e-01
 -6.0811430e-01
 -8.3271646e-01
  2.1191230e-02
  7.8161842e-01
  3.4833241e-02
 -3.8228399e-01
 -2.3043494e-01
  4.8083520e-01
  5.8810669e-01
  3.6500952e-01
  3.2606104e-01
  8.0878550e-01
 -3.1395954e-01
  6.8442148e-01
 -3.0925867e-01
 -1.8120327e+00
 -4.5167384e-01
  3.9264213e-02
  6.3608088e-02
 -2.6953244e-01
 -1.3239759e-01
  1.6194472e+00
  9.7459006e-01
 -3.9853728e+00
 -7.1244562e-01
 -1.2448612e-01
  7.7156708e-02
 -6.9525823e-02
  3.2448670e-01
 -1.3884081e-01
 -7.0319481e-02
 -5.2425140e-01
 -3.7018593e-02
 -4.7578725e-01
 -4.7094950e-01
 -4.1912947e-02
 -9.2289954e-01
  7.0811248e-01
  6.8711042e-03
 -8.7528057e-02
 -5.3341579e-01
 -2.2747223e-01
 -6.9932085e-01
  1.6022338e-01
  4.4206858e+00
 -5.7500237e-01
  1.5875740e-01
 -5.3150350e-01
 -2.9306966e-01
  9.2855150e-01
  2.3582578e-01
 -1.0999740e+00
  5.0342765e-02
 -1.2689968e+00
  4.7852673e-02
 -4.6908340e+00
 -3.5473301e+00
  4.3192458e+00
  4.7752807e-01
 -7.3007387e-01
  4.5515399e+00
 -5.3235060e-01
 -2.5242515e+00
 -1.8162543e+00
 -5.9796321e-01
 -4.5541058e+00
  4.2432490e-01
  6.0700756e-01
  1.0692209e+00
  7.6947278e-01
  3.9589336e+00
 -1.1555176e+00
 -6.8988478e-01
 -9.8233378e-01
 -7.6148979e-02
  3.8545132e-01
  6.4291120e-02
  6.2381323e-02
  1.9081267e+00
  1.5947526e+00
  4.0644832e+00
 -9.5287509e-02
  9.4426078e-01
 -2.9237408e-02
  1.9065741e-01
  1.9387172e+00
  2.2420714e+00
 -3.7752011e-01
  1.8007258e+00
  6.0170388e-01
  3.0350900e+00
  8.2053500e-01
 -1.0560057e-01
 -4.2723408e-01
 -5.4983340e-02
  8.8413477e-02
 -7.9755425e-01
 -1.5214804e+00
  4.9479432e-02
  2.9934424e-01
 -1.0422027e+00
  6.5334433e-01
 -6.5324396e-01
  7.1187717e-01
  4.7409123e-01
 -8.7327731e-01
  1.0323268e+00
 -7.6032156e-01
  2.9630721e+00
 -1.8775425e+00
  1.4366192e+00
 -4.2615020e-01
  2.2492495e+00
 -1.1321149e+00
  1.7892047e+00
 -2.3569713e+00
 -2.0029423e+00
 -1.4087996e+00
  1.5537681e-01
 -9.5062613e-01
  3.1104765e+00
 -2.4504993e+00
 -1.0780013e+00
  1.7083210e+00
 -1.2369887e+00
  1.3560479e+00
  5.0277330e-02
 -4.4519156e-01
  1.8832486e+00
  3.4358379e-01
  4.3037838e-01
  4.6946478e+00
 -3.9574891e-01
 -2.5276418e+00
  6.4451712e-01
  2.2465281e+00
  3.6970508e-01
 -7.7745281e-02
 -2.0150849e-01
 -3.0404086e+00
  2.5746360e-01
 -2.9219856e+00
  1.0901985e+00
 -2.2534838e-01
 -2.4227908e+00
  2.2107677e+00
  1.5767135e-01
 -7.9263008e-01
  3.2502264e-01
  2.5024118e+00
  1.0105760e+00
  2.8979111e-01
 -1.1772277e-02
  2.1765971e-01
  1.4389184e-01
  1.4300044e-01
 -9.1442657e-01
 -4.8709655e-01
  1.3068807e+00
 -6.0999784e+00
  1.3529139e+00
  8.1000209e-01
 -8.7751371e-01
  2.8640652e+00
  2.4063732e-01
  3.8041931e-01
 -2.3470819e-01
  7.8852367e-01
  5.9749120e-01
  2.7432430e-01
 -1.6126424e-01
 -2.6418012e-01
 -7.5183022e-01
 -1.9981344e-01
  6.3583285e-01
  5.3997540e-01
  9.2399716e-01
  8.9052171e-01
  4.6083206e-01
 -5.5225062e-01
 -9.0312272e-01
  1.7558283e-01
  7.0460709e-03
  1.6900001e-01
  4.1234034e-01
 -6.9471397e-02
 -4.7350828e-02
 -3.5070878e-01
 -1.1183700e-01
 -1.2116371e-01
  2.9351027e+00
 -3.3391638e+00
  1.4830524e-01
  5.3240359e-01
 -5.6885648e-01
 -4.2673036e-01
  5.8684373e-01
  1.2468878e+00
 -8.4239706e-02
 -2.2875923e-01
 -4.5424089e-01
 -3.3857173e-01
 -4.7442463e-01
  6.8607944e-01
  8.0600202e-02
  1.1956032e-01
  2.8104312e+00
 -1.5258823e-01
  1.7755142e+00
  9.5362537e-02
 -2.0149682e+00
 -2.7255089e+00
  2.2431906e-02
  3.3360841e+00
 -3.4123311e+00
  2.8287408e+00
  2.2187948e+00
 -2.0870821e+00
 -8.3588392e-01
 -9.2002523e-01
 -6.0568414e+00
  3.7302105e+00
  4.6388750e+00
  3.2588336e+00
  2.7838523e+00
 -2.8736985e+00
 -2.6381159e+00
 -1.2414320e+00
 -3.5475416e+00
  1.8235921e+00
  4.3352666e+00
 -2.1817558e+00
  2.0443125e+00
 -2.4459000e+00
 -2.3184493e+00
 -2.7665114e+00
 -5.9151739e-01
  2.0518270e-01
  2.7795714e-01
 -1.4715531e+00
  3.2862451e+00
 -4.5149192e-01
 -3.4463511e+00
 -1.3284632e+00
 -5.0634451e-02
 -5.5331555e-03
 -8.9469129e-01
  1.2017918e+00
 -7.7461547e-01
  5.3594434e-01
 -1.7041937e+00
  3.7582114e-01
 -1.0957229e+00
 -8.3528858e-01
 -9.1535848e-01
  7.9833132e-01
  2.2727029e+00
 -9.3346253e-02
 -5.8462471e-01
 -4.9619138e-02
 -5.5920005e-01
  2.1489832e+00
  2.7668659e-02
 -7.1163607e-01
  1.6399525e-02
  8.7281477e-01
 -1.4533476e+00
  2.8484356e+00
  5.6917840e-01
  4.5668072e-01
 -1.1115205e-02
  9.1544664e-01
 -5.9535402e-01
 -8.8002586e-01
  1.0066981e-01
 -1.0464073e+00
 -1.8862799e-01
  1.1199912e+00
 -8.7937689e-01
  3.1578442e-01
  1.3685660e-01
 -1.9525926e-01
 -1.4401577e+00
 -2.4134673e-01
  2.6085392e-01
  6.4320415e-01
 -1.9826031e+00
 -9.7598654e-01
  1.3854243e+00
 -7.6427013e-01
 -1.8388116e-01
 -1.8341354e+00
  1.0020154e+00
 -3.0610656e-02
 -1.2421870e+00
  5.6677973e-01
  4.0578669e-01
  5.8590849e-03
 -6.0039114e-02
  5.8768291e+00
  9.7138190e-01
 -2.0328030e-01
  1.7548637e-01
 -5.5214489e-01
  4.2505926e-01
  5.1299892e-03
  1.1628663e-01
  1.9480814e+00
 -2.1931404e-01
  3.3056426e-01
  1.6476457e-01
 -1.3511434e+00
  1.8708283e-01
 -2.1871254e+00
  1.4038366e-01
  7.6314861e-01
 -4.2524748e+00
  1.0322419e+00
 -1.6072314e+00
 -8.2067782e-01
 -5.1926965e-01
 -7.7656478e-01
  4.8430741e-01
 -2.3237574e-01
 -5.0571883e-01
 -1.6659344e+00
 -3.4830350e-01
 -1.0820180e+00
 -4.0683618e-01
  1.1230914e-01
  1.0642645e-01
  1.6972514e+00
 -4.8598114e-02
 -1.5557541e+00
  5.1307961e-02
 -1.8168838e+00
  9.9337322e-01
 -8.2726702e-02
 -3.1983349e-02
 -1.7986356e-01
 -2.1885003e-01
  1.7758012e+00
  3.2364455e-01
 -1.6818788e+00
 -1.1792685e+00
 -6.6943830e-01
 -4.5843735e-01
  1.7483753e+00
 -5.8819896e-01
  3.5856392e-02
  1.3542203e+00
 -5.8297879e-01
  3.1809467e-01
 -9.7244799e-02
  3.7355170e-01
 -4.7793826e-01
 -2.3637059e+00
 -6.3581419e-01
 -4.1791434e+00
 -7.4499542e-01
 -1.7390902e+00
 -1.4782603e+00
 -7.7558674e-02
 -5.1848645e+00
 -6.8131548e-01
 -1.5480001e+00
 -5.7985508e-01
  2.3123770e+00
  2.0075351e-01
  1.0124073e+00
 -2.5377326e+00
  2.0190778e+00
 -2.4126945e+00
 -3.0492487e+00
  1.2657056e+00
  3.4871547e+00
 -4.7583098e+00
 -1.9638133e+00
 -1.7467338e+00
 -2.2731869e+00
 -4.5192942e-01
  4.9932442e+00
 -8.8325822e-01
 -9.6463585e-01
 -2.2039106e+00
 -1.4760226e+00
 -1.0668402e+00
 -4.1799393e-02
 -2.1861148e+00
  1.1587070e+00
  1.5833262e+00
 -3.0501912e+00
  2.4649166e-02
 -8.8599950e-01
  1.2740231e+00
  5.9687382e-01
 -1.3941678e+00
 -2.4141202e+00
  8.0846973e-02
  1.3918390e+00
 -2.1453330e-01
 -2.1521947e+00
  1.8592386e-01
 -2.4750471e-01
 -1.2642751e+00
 -1.6459253e+00
  8.0586994e-01
  4.8353809e-01
 -2.2297049e+00
 -8.3325446e-01
  4.8798519e-01
  1.3539680e+00
 -8.8937178e-02
  1.8119371e-01
 -6.4339131e-01
  1.3487175e+00
  4.2449817e-01
  9.0200491e-03
 -1.9168021e-01
  9.8524499e-01
  4.0794767e-02
  6.2066907e-01
  6.0032643e-03
 -7.0719516e-01
 -3.4827989e-01
 -5.8341181e-01
  2.0352539e-01
  9.1473266e-02
  1.2688036e-01
 -2.0247126e-01
 -6.3604957e-01
 -2.2875283e+00
  9.0430155e-02
  3.8664103e-01
  4.6795788e-01
  9.1504353e-01
 -1.6947122e-01
  6.5281548e-02
 -8.3149153e-01
  1.7899125e+00
 -3.3827427e-01
 -3.0970606e-01
 -7.8256298e-03
 -2.9015473e-01
 -5.0093365e-01
  1.7403285e-01
  5.5290550e-01
 -2.2310440e-01
 -2.3331620e-02
 -3.4389669e-01
 -3.0430186e-01
  2.1325669e-01
 -8.7065853e-02
 -9.6476763e-02
  1.5930672e+00
 -6.4166698e+00
 -4.6202175e-02
 -2.3229001e+00
  1.1041332e+00
 -3.2871854e-01
  1.1733853e+00
 -4.4978321e-01
  6.6164535e-01
  7.8485209e-01
 -1.7609164e-01
 -1.4840169e-01
  1.2581544e-01
  2.2863363e-01
  4.7798339e-01
  9.7252917e-01
  2.0989336e-01
 -1.4338557e+00
  4.0888804e-01
 -7.0122033e-02
  7.5964916e-01
  2.6164934e-01
 -3.2557929e-01
  3.9558476e-01
 -3.2722908e-01
  3.3602062e-01
  3.0667593e+00
 -2.0382342e-01
 -3.6485618e-01
 -2.5720966e-01
  2.0894679e-01
  1.8210411e-01
  1.4816368e-01
 -2.1795459e-01
  1.9158961e-01
 -2.1025392e-01
  8.6627859e-01
  6.9065154e-01
  3.2061732e-01
 -2.9700771e-01
 -8.2439190e-01
  8.1399840e-01
 -2.8367132e-01
 -5.3137994e-01
 -8.2986897e-01
 -6.9950229e-01
 -5.1288366e-01
 -7.7667713e-02
 -2.0499244e+00
 -7.8651689e-02
 -1.9055455e+00
  2.0762808e+00
 -7.1128887e-01
 -4.2249322e-01
 -4.3022513e+00
 -4.3041848e-02
  7.5226299e-02
  1.6387595e-01
  1.0259360e+00
  3.4861976e-01
 -3.8183457e-01
 -1.6612614e+00
 -3.2059771e-01
  1.5179425e-01
  3.0473825e-01
 -5.4093391e-01
 -2.7419825e+00
 -8.8826185e-01
  9.7684121e-01
  5.7754201e-01
  9.6672553e-01
  3.2603922e-01
 -2.9998919e-01
  5.0685473e-02
  4.5559621e-01
 -3.0692151e-01
 -2.4368343e-01
 -1.9918492e-02
  9.1194731e-01
  8.9362764e-01
 -1.1349086e+00
  5.5501178e-02
  7.6737136e-01
 -5.7025290e-01
 -7.4541116e-01
  3.2825565e-01
 -1.7881097e-02
  6.9333002e-02
 -7.3931384e-01
 -6.6104358e-01
 -4.4215861e-01
  9.4433218e-02
  2.9838362e-01
 -5.3601211e-01
 -2.3890971e-01
  9.0927795e-02
 -3.3525195e-02
 -2.6281425e-01
 -5.2864695e-01
 -6.4664774e-02
 -1.7202158e-01
 -1.0218353e-02
  2.1307704e+00
 -1.7960285e+00
 -9.2489505e-01
  3.4075072e+00
 -1.8193093e-01
 -1.7721225e+00
  1.0878857e+00
  1.6971055e+00
 -8.3949551e-02
  6.3167053e-01
 -1.0109076e+00
 -3.2172751e+00
 -1.2878186e+00
 -1.4472063e+00
  2.2874684e+00
  2.2428200e-01
  3.3942134e+00
 -5.9175783e-01
  1.9770082e+00
  2.4251423e+00
 -3.6174047e+00
  2.1303253e+00
  2.4587226e+00
 -2.3567486e+00
  3.8379018e+00
 -2.8891164e-01
  2.0214014e+00
 -2.5920794e+00
  8.3598375e-02
  4.0516815e+00
 -9.6953696e-01
  2.2917533e+00
  1.9849925e+00
 -2.4540780e+00
 -2.3416258e-01
  1.7722446e+00
  1.6883792e+00
 -2.1562035e+00
 -1.6208812e+00
  1.6559134e+00
 -2.8710933e+00
 -1.3105482e+00
  4.2173129e-01
  2.9139848e+00
 -2.6153111e+00
  2.0962546e+00
  4.0878877e-01
 -2.4427354e+00
  3.4496932e+00
  3.4694761e-02
  1.7693948e+00
 -4.2046924e+00
 -1.4382049e+00
  1.7717372e+00
 -2.7976949e+00
 -2.6303265e+00
  2.2563544e-01
  1.7094561e+00
  3.2213919e+00
  9.6218371e-01
 -1.0544058e+00
 -9.5585084e-01
  1.5761456e+00
 -2.0721068e+00
  1.6160225e+00
 -1.3369439e+00
  7.6713729e-01
  2.2235854e+00
  1.9404563e-01
  2.7808168e+00
  8.6779696e-01
  2.4919968e+00
  1.4054323e+00
 -3.4758990e+00
 -1.6270704e+00
 -1.4655948e+00
 -1.2016995e+00
 -1.9273980e+00
  1.4039110e+00
 -2.6475039e+00
  1.5055263e+00
 -3.0309134e+00
 -1.8979019e+00
  2.1811101e+00
  1.7355790e+00
 -3.4746808e-01
  3.6477709e-01
 -1.8863724e+00
 -2.7447479e+00
 -1.4785099e+00
  1.7148757e+00
 -1.2410415e+00
  9.1617882e-01
  5.9000713e-01
 -1.1142279e+00
  7.7217907e-01
 -2.9142374e-01
  1.5210178e-01
 -3.4339795e+00
 -1.1993902e-01
 -5.4476175e-02
 -6.6122305e-01
  6.4535767e-01
 -5.8116484e-01
 -1.2438048e-01
  1.1699424e+00
  9.6870977e-03
 -1.0089805e+00
  1.4867509e-02
  9.4681269e-01
 -6.2631679e-01
  3.0249660e+00
  5.1802427e-02
 -5.9507567e-01
  4.8202655e-01
 -8.8762455e-03
  7.6332706e-01
 -1.8906979e-01
  1.4174156e-01
  1.0701325e+00
  4.0816337e-01
 -6.2420088e-01
 -4.9393415e-01
 -1.0216037e+00
  1.3007296e+00
 -7.8629792e-02
 -1.5388377e-01
  8.0262136e-01
  3.6739671e-01
  1.8474004e-01
  1.7699076e-01
  1.1672556e+00
  4.0247607e-01
 -4.6260259e-01
 -2.0580369e-01
 -9.8121285e-01
  1.0047188e-01
  1.1812360e-03
 -2.7436819e+00
  4.0444469e-01
  4.2589229e-01
  3.4814441e-01
  1.8702380e-01
  1.6871591e-01
 -3.6447617e-01
 -7.8942932e-02
 -8.2744598e-02
  8.9094532e-01
 -3.3001685e-01
  1.6270187e-02
 -7.9272801e-01
  2.3360279e-01
  1.4615652e-01
 -2.4667448e-01
 -6.3379449e-01
 -3.9846888e-01
 -1.4043206e-01
  1.3904461e-01
 -1.5517433e+00
 -6.1214432e-02
 -2.2260223e-01
  7.8650787e-02
 -1.1030418e-01
 -1.2798285e+00
 -3.7135082e-01
 -1.4462715e-01
 -1.1873628e-01
  1.9054896e-01
 -3.4233112e-02
  1.1160457e-02
  3.4824657e-01
 -4.9629626e-01
  1.0798643e+00
  1.4043105e-01
  7.5363219e-01
 -1.1404036e-01
  8.7137245e-02
 -2.4521144e-01
 -5.0903775e-02
 -7.8509271e-01
 -8.1927758e-01
  3.9306006e-01
 -3.8543147e-01
 -3.8665622e-01
 -3.5142148e-01
  8.3149217e-02
 -7.6988369e-02
  1.7820411e+00
 -1.6853057e+00
 -2.2163457e-01
  1.8826714e-01
  1.0599744e-01
 -5.1433042e-02
  1.9368254e+00
  9.1958821e-02
 -8.4090397e-02
 -3.1485757e-01
 -8.1136832e-03
  1.5854380e-01
 -2.5909182e-02
 -4.6806488e+00
 -1.4178123e+00
  7.7091271e-01
  1.4330082e-01
 -2.7273147e+00
  1.3038089e+00
  3.7801058e+00
 -2.5282733e+00
  5.2478492e-01
  4.3374710e+00
  1.0308282e+00
 -8.2481182e-01
 -2.2678032e+00
  3.6994750e+00
 -1.8349403e+00
  5.2493680e-01
  1.3396434e+00
  3.6298378e+00
 -2.5342300e+00
 -3.6944909e+00
  3.2371938e+00
 -3.3480871e-01
  1.1775910e+00
  8.3462499e-02
  1.4287083e+00
 -2.1612618e+00
 -9.1374767e-01
 -2.6782427e+00
  3.6849926e+00
 -3.3042810e+00
 -4.7331244e-01
  3.0183965e-01
  1.2870210e+00
 -6.7666054e-01
  7.5517523e-01
 -5.6535657e-02
  1.1392608e+00
 -1.3955508e+00
  1.1589434e+00
  2.7810723e-01
 -2.0963995e+00
  1.6504830e+00
 -2.0096791e+00
  1.8647056e+00
  1.7330379e+00
  6.0207033e-01
  6.3869772e+00
  2.0308490e+00
  2.3977503e-01
 -6.3534656e+00
 -1.2185208e+00
  6.8948765e+00
 -3.0316567e-01
  2.6284674e-01
  3.2604530e-01
  5.6061530e-01
 -2.4344425e+00
  1.6489929e+00
  2.6508753e+00
  1.6395688e+00
  1.9322481e+00
  1.9560037e+00
  2.6719928e+00
  2.7929671e+00
 -3.2262120e-02
 -6.2411170e+00
  1.1276309e+00
  5.1281792e-01
  1.3570654e+00
 -7.1337485e-01
 -1.3548344e+00
 -2.2526920e+00
 -5.6336838e-01
  3.0377688e+00
  2.7563068e-01
  1.0903995e+00
 -2.5405151e-01
  1.1948888e+00
 -2.9577699e+00
 -4.1126618e-01
 -1.3851137e+00
 -2.4239316e+00
  1.2578434e+00
 -1.6337861e+00
  3.6481437e-01
 -5.9894862e+00
  9.1260493e-01
 -7.6223426e+00
  4.9757619e+00
 -1.6078186e-01
 -5.2184572e+00
  1.0550671e+00
  5.4871947e-01
  2.6347637e-01
  3.9672980e+00
  2.3252265e+00
 -2.7973487e+00
 -5.5333781e+00
  3.8361099e+00
  2.5829750e-01
  4.4979844e-02
 -4.1720285e+00
 -1.2992932e+00
 -6.6897142e-01
 -2.3705704e+00
 -1.5210843e+00
  2.7959070e+00
  3.0653367e+00
 -8.4898889e-01
  3.5223546e+00
 -2.9644880e+00
  1.1230859e+00
 -2.5635676e+00
 -2.3998981e+00
 -5.5526131e-01
 -8.8935181e-02
  5.5598366e-01
 -1.3633723e+00
 -3.3119376e+00
  2.9517486e+00
 -5.4331946e-01
  2.2654383e+00
 -3.5510917e+00
 -2.2555108e+00
  1.4058617e+00
 -4.0579786e+00
 -5.6577997e+00
  2.1080658e-01
 -4.7417316e+00
 -9.2762250e-01
  8.7236816e-01
 -4.0625167e+00
  3.0718004e-02
 -1.3114033e+00
  3.2201872e+00
 -4.4367242e-01
 -6.5464383e-01
  1.1492565e+00
  9.3273455e-01
 -2.1190834e+00
 -1.2735498e+00
  3.0769718e+00
 -9.2370254e-01
 -2.7515347e+00
  1.4058005e+00
  1.8961254e+00
 -1.2333727e+00
  2.9532073e+00
 -2.2434437e+00
  2.9936171e-01
 -1.5623869e-01
  7.7505064e-01
  4.5142612e-01
  1.9337164e+00
  4.1727433e+00
  4.2099109e+00
  2.1554935e+00
 -2.2856791e+00
  1.0725433e-01
  2.1429346e+00
  2.4585683e+00
 -1.9812560e-01
  2.0490389e+00
  4.1404262e+00
 -3.5565050e+00
 -8.5595655e+00
 -9.6996322e-02
 -1.8272679e-01
 -3.7044349e+00
 -3.4919307e+00
 -2.5596030e+00
 -3.7334374e-01
 -1.0143421e+00
 -4.7000422e+00
  9.4419859e-02
  3.1256316e+00
  4.5247617e-01
  6.5035349e-01
  5.2314210e+00
  3.0138118e+00
 -4.6908826e-01
 -7.4444598e-01
  1.3378754e+00
  1.3843062e+00
 -1.9329753e+00
 -1.6817825e+00
  5.0368419e+00
  1.8908759e+00
 -4.0909100e+00
 -5.8315630e+00
 -9.1973406e-01
  2.8308001e+00
 -1.3914169e+00
 -5.1542974e+00
  2.4771836e-01
  1.4241410e+00
  5.8917737e-01
 -1.3402264e-01
 -1.3621603e+00
  3.1320705e+00
  1.9095479e+00
  3.3819354e+00
 -3.4623840e+00
 -2.1314950e+00
  8.5135192e-01
  1.3250688e+00
  1.0563669e+00
  1.6451210e+00
 -2.5805907e+00
  8.9742956e+00
 -6.3509817e+00
 -6.2220019e-01
  1.6438862e+00
  1.2630932e+00
 -2.0369156e-01
 -3.2212397e-01
  1.1982713e+00
  7.2514407e-02
 -6.6256058e-01
  2.8367927e+00
 -6.6493165e-01
 -4.9117303e-01
  2.1852605e+00
 -4.0598826e+00
  5.9127641e-01
  2.9705679e-01
  1.6286367e+00
 -4.6409554e+00
  4.5022612e+00
 -3.8605115e-01
  9.1858715e-01
 -1.2616540e+00
  5.8367425e-01
 -5.1790565e-01
 -2.9570301e+00
 -1.1253417e+00
  5.6694871e-01
  1.4813467e+00
 -1.7740672e+00
  6.5228277e-01
 -1.4814990e+00
  4.0840659e+00
  1.3315836e+00
 -1.3301671e+00
  2.1182456e+00
  3.2374539e+00
 -2.2144430e+00
 -1.5042259e+00
 -1.1519207e+00
 -5.3215871e+00
 -1.0558144e-01
 -1.7840127e+00
 -3.1897530e-01
 -1.3666325e+00
  1.9837129e+00
  3.3714592e+00
 -1.5739421e+00
  5.6632400e+00
 -3.6369431e+00
  1.7574015e+00
 -4.6582991e-01
  2.7284622e-01
 -2.6845598e+00
  8.9716357e-01
  1.1182312e+00
 -4.3486962e+00
  1.3953943e+00
 -4.6331906e+00
 -1.3375067e+00
 -1.0956134e+00
 -1.5897685e+00
 -4.2470355e+00
  1.3609606e+00
 -6.1504203e-01
 -1.2123097e+00
 -8.9935857e-01
  3.5364217e-01
  2.2668369e+00
 -1.7394081e+00
  5.3730354e-02
  1.7754041e+00
  1.1007318e-01
 -1.1511369e-01
 -3.1543498e+00
  1.9414856e+00
  1.7544768e+00
 -4.4618258e-01
 -2.2143250e+00
  7.0118159e-02
  5.9335065e-01
  8.9169228e-01
  1.2272012e+00
  1.4021778e-01
  1.6789970e+00
  2.4604301e+00
  2.4304936e+00
 -1.8405241e+00
  3.7401085e+00
 -1.4440180e+00
 -3.7678413e+00
  5.0607610e+00
  5.9699982e-01
 -2.9311833e+00
  1.3353645e+00
  2.9335182e+00
 -1.9581872e-01
 -3.6200058e+00
 -2.9413559e+00
 -4.5936897e-02
  7.5107139e-01
 -7.5653148e-01
 -1.0872942e+00
  1.5391096e+00
  1.8623267e+00
 -1.6462212e+00
  5.4130727e-01
 -2.2374597e+00
 -9.2279665e-02
 -6.8762892e-01
 -1.7062788e+00
  9.7324389e-01
  1.1000616e-01
  1.7327292e+00
 -8.5611165e-01
 -9.9553448e-01
 -4.3440393e-01
  3.8318634e+00
  4.8016435e-01
 -1.1372315e+00
  1.9796102e+00
  1.5166669e+00
 -5.9160513e-01
  4.6489763e-01
  1.4256555e+00
 -7.8902853e-01
 -9.5702201e-01
  4.6085405e-01
  1.6609622e+00
 -2.5629945e+00
 -4.4981384e+00
  3.9968681e-01
  2.3614511e+00
  4.2157698e+00
  2.5330775e+00
 -5.4895204e-01
 -5.0771821e-01
  3.4426696e+00
  5.8432251e-01
 -5.4692537e-01
 -2.0747459e+00
 -5.3324598e-01
  1.2301815e+00
  1.5955111e+00
 -3.7428868e+00
 -3.4027085e-01
 -4.7074016e-02
  3.1842822e-01
 -6.1779718e+00
 -2.3898478e+00
 -8.9640802e-01
  6.0566401e-01
  2.9079278e+00
 -1.5890399e-02
 -2.6159086e+00
  7.9489619e-01
  5.9962326e-01
 -2.2629058e+00
 -4.7469234e+00
  8.4125071e+00
 -1.4448253e+00
 -2.5973442e+00
  3.8522704e+00
 -3.5034187e+00
 -2.3283110e+00
  4.0500588e+00
  7.5041682e-01
  2.1599872e+00
 -4.3605275e+00
 -7.3350775e-01
  1.3392280e+00
 -1.9140198e+00
 -5.0447583e-01
  3.8708353e+00
 -3.4893260e+00
  2.2147052e+00
  2.8990027e-01
 -2.2299333e+00
 -1.0628325e+00
 -1.0904968e+00
 -5.5595154e-01
  9.6046454e-01
  4.8691419e-01
 -1.8815488e+00
 -1.4582992e+00
 -1.0237026e+00
 -3.1496475e+00
 -2.7446637e-01
 -5.4043760e+00
 -2.2770867e+00
 -2.0468232e-01
  2.5609961e-01
 -2.5984869e+00
  2.2458532e+00
 -8.6275876e-01
  6.4978492e-01
  2.9459038e+00
 -5.9386188e-01
 -9.8829323e-01
  1.0178179e+00
 -2.4473484e+00
  7.5162417e-01
  6.1201510e+00
 -2.5808773e+00
  1.6472658e+00
 -1.3463567e+00
 -1.5123918e+00
 -2.8847778e+00
  1.3232501e+00
  7.5116110e-01
  9.7723514e-01
 -2.9573017e-01
  1.8875581e+00
 -1.3133631e+00
  2.0886794e-01
  7.9837847e-01
  4.2901001e+00
 -1.3104450e+00
  4.9434882e-01
  1.4251677e+00
  3.1983240e+00
 -1.6799719e+00
 -7.5086421e-01
  3.6632478e-01
 -2.5359797e+00
  4.4663116e-01
  1.1424404e+00
 -8.8349730e-01
 -1.9483849e+00
 -2.8999484e+00
  5.4030013e-01
 -5.9016645e-01
 -3.2617373e+00
 -5.5585724e-01
 -4.3349433e-01
 -1.2452291e+00
  3.0484157e+00
  1.7652965e-01
  6.1580074e-01
 -9.6509254e-01
  2.5393457e+00
  1.6910437e+00
  3.1809480e+00
  1.2268813e+00
  2.2919955e+00
  8.0614007e-01
  4.9694180e-01
  1.6779419e+00
 -2.6157284e-01
 -3.4226081e-01
 -1.3252656e+00
  8.0925179e-01
 -2.4706426e-01
 -6.3661343e-01
 -1.3784204e+00
  2.1326426e-01
  1.9302952e+00
  3.8269908e+00
 -2.6957343e+00
  2.8020504e+00
 -9.3285000e-01
 -1.6797495e+00
  1.6600072e-01
  5.0041783e-01
 -3.7312573e-01
 -1.9451865e+00
 -8.9683551e-01
 -1.9938087e+00
 -1.4506273e+00
  1.0785972e-01
 -1.0530893e-01
 -2.9175804e+00
 -1.9063169e+00
 -7.4571431e-01
 -6.3965607e-01
 -1.5781611e+00
 -1.2127506e+00
 -1.7861034e+00
  2.6991255e+00
  1.3117331e+00
 -1.8073406e+00
 -2.3398011e+00
  1.1924663e+00
  1.0905023e+00
  3.3959866e-01
 -6.6807735e-01
 -3.0129865e-01
  2.8255451e-01
  1.2798311e+00
  1.1107718e+00
 -9.5987582e-01
  2.4920772e-01
  2.2659247e-01
 -1.2504573e+00
 -1.2021830e+00
 -2.0823634e+00
  4.0572100e+00
 -9.6348560e-01
  1.2112793e+00
 -1.2950011e+00
  2.2150624e+00
 -1.3362876e+00
  3.9876170e+00
 -4.4285348e-01
 -5.4701447e+00
 -1.6043460e-02
  1.8934236e+00
 -9.3592770e-02
 -2.8376379e+00
  4.4205528e-01
 -6.7971826e-01
  6.2502426e-01
 -4.9602866e-01
 -2.1842788e-01
 -3.5865741e+00
  5.4113084e-01
 -2.0721488e-02
 -2.4983639e-01
 -1.2670293e+00
  4.4015980e-01
  1.5906682e+00
  9.7370350e-01
 -7.9719996e-01
 -1.0753109e+00
  3.3157253e+00
 -1.8433832e+00
 -3.4126105e+00
 -1.0439024e+00
 -2.1951566e+00
 -2.5818231e+00
  2.0091615e+00
 -1.1848390e+00
  2.9234154e+00
  7.2688870e-02
  6.7022604e-01
  1.4875604e+00
  2.7220130e+00
 -2.3409086e-01
  2.7826127e-01
  2.5713320e+00
 -8.9867431e-01
 -5.0802026e-02
 -8.5618711e-01
  1.2814233e+00
 -7.9675287e-01
 -1.1255656e-01
 -1.6980062e-01
  1.5612280e-01
 -1.0552795e+00
  2.4258503e-01
 -2.0696511e-02
 -1.7718339e-01
 -6.9655275e-01
  5.2276182e-01
  3.6687797e-01
 -2.2927490e-01
 -3.8705585e+00
 -4.4094840e-01
 -2.1177439e-01
 -1.6852300e+00
 -4.5059085e+00
  4.8998049e-01
 -1.6300201e-01
  2.3462415e+00
  4.2485499e+00
 -1.1583811e+00
  4.8488956e-02
  1.2871844e+00
  5.6424532e+00
 -1.5539440e+00
 -2.3522849e-01
 -1.6283146e+00
  2.5624130e+00
 -4.5828149e-01
 -2.9801860e-01
 -2.0361714e+00
  4.9710861e-01
  3.6496095e-02
  7.2906953e-01
 -9.5164490e-01
 -9.3745477e-03
  1.8998796e-01
  3.0644190e-01
 -1.0057827e-01
 -2.7275199e-01
 -7.7236965e-02
  4.8491564e-01
 -2.7037582e-01
  1.1061460e+00
  3.3598512e-01
 -7.6116943e-01
 -5.8536226e-01
 -4.7719568e-02
 -8.5658139e-01
  1.8693274e+00
  5.8587097e-02
 -1.2214475e+00
 -2.4400966e-01
  2.0731008e+00
  1.2564081e+00
  7.2878039e-01
  1.7165869e+00
  2.5202141e+00
  1.0028558e+00
  1.0162537e+00
  1.0455369e+00
 -2.4533746e+00
  2.4908267e-02
 -3.9187232e-01
  3.0437775e-02
 -2.8821683e+00
 -2.5874856e-01
 -5.7655549e-01
 -4.5409667e-01
 -2.0071964e+00
 -5.0093490e-01
 -5.2372499e+00
 -4.5638663e-01
 -2.3219700e-01
 -2.1937845e+00
  1.6761551e+00
  1.6135721e+00
  2.0012190e+00
  4.9498421e-01
 -7.7481413e-01
 -4.1087994e-01
 -2.1709821e+00
  4.7761625e-01
  4.4498034e+00
  6.1341047e-01
  6.5279979e-01
  7.5535369e-01
  6.3396854e+00
  7.8030711e-01
  1.2026564e+00
  7.7892810e-01
  2.3408785e+00
  2.9605573e-01
  2.9739422e-01
  1.0317810e+00
 -1.4197229e-01
 -3.1599775e-02
 -4.5099097e-01
  7.9256392e-01
 -2.9033539e-01
  1.6155247e-01
  2.3003495e-01
  2.0094779e-01
  5.3037903e-03
  5.3037903e-03
  5.3037903e-03
  5.3037903e-03
  5.3037903e-03
  5.3037903e-03
  5.3037903e-03
  5.3037903e-03
  5.3037903e-03
  5.3037903e-03
  4.0779993e-02
  4.0779993e-02
  4.0779993e-02
  4.0779993e-02
  4.0779993e-02
  4.0779993e-02
  4.0779993e-02
  4.0779993e-02
  1.5926473e-02
  1.5926473e-02
  1.5926473e-02
  1.5926473e-02
  1.5926473e-02
  1.5926473e-02
  1.5926473e-02
  1.5926473e-02
  8.4797395e-03
  8.4797395e-03
  8.4797395e-03
  8.4797395e-03
  8.4797395e-03
  8.4797395e-03
  8.4797395e-03
  8.4797395e-03
  5.8421106e-03
  5.8421106e-03
  5.8421106e-03
  5.8421106e-03
  5.8421106e-03
  5.8421106e-03
  5.8421106e-03
  5.8421106e-03
  6.1353799e-03
  6.1353799e-03
  6.1353799e-03
  6.1353799e-03
  6.1353799e-03
  6.1353799e-03
  6.1353799e-03
  6.1353799e-03
